Time_s,Net_Produce_MW
0,-3.234768
900,-3.24059
1800,-3.24019
2700,-3.251537
3600,-2.990871
4500,-2.996255
5400,-2.995885
6300,-3.006376
7200,-3.131525
8100,-3.137162
9000,-3.136775
9900,-3.147759
10800,-3.131924
11700,-3.137561
12600,-3.137174
13500,-3.148159
14400,-3.141462
15300,-3.147117
16200,-3.146729
17100,-3.157748
18000,-6.066758
18900,-6.077678
19800,-6.076928
20700,-6.098208
21600,-24.241803
22500,-24.285438
23400,-24.28244
24300,-24.367472
25200,-54.054087
26100,-54.151385
27000,-54.144699
27900,-52.026885
28800,-57.297743
29700,-52.323915
30600,-49.532922
31500,-46.789726
32400,-38.707386
33300,-35.32426
34200,-31.64056
35100,-31.844926
36000,-10.2923
36900,-6.297521
37800,-2.020721
38700,-2.16412
39600,12.75689
40500,12.701716
41400,12.705507
42300,12.597987
43200,14.161648
44100,14.117066
45000,14.12013
45900,14.033252
46800,13.254033
47700,13.207818
48600,13.210993
49500,17.601013
50400,18.693621
51300,14.169051
52200,14.172108
53100,14.085413
54000,9.246769
54900,9.19334
55800,4.925268
56700,4.821151
57600,-6.649943
58500,-6.724297
59400,-2.447444
60300,-2.592338
61200,-13.955353
62100,-14.050546
63000,-14.044005
63900,-14.229508
64800,-18.508673
65700,-14.131981
66600,-14.124877
67500,-14.326352
68400,-7.902332
69300,-7.99469300000001
70200,-7.988347
71100,-3.474953
72000,16.58506
72900,11.834949
73800,11.838847
74700,11.728293
75600,20.05412
76500,20.020145
77400,15.750735
78300,15.684527
79200,28.620261
80100,24.541027
81000,24.541774
81900,20.650647
82800,23.566053
83700,23.560377
84600,23.560767
85500,23.549706
86400,27.343865
87300,27.338024
88200,27.338425
89100,27.327041
90000,27.58856
90900,23.713209
91800,20.037086
92700,16.538563
93600,13.108541
94500,13.102886
95400,9.977386
96300,9.966366
97200,7.02998
98100,7.024324
99000,9.976986
99900,9.965964
100800,9.972683
101700,9.96701
102600,9.9674
103500,13.082232
104400,10.163699
105300,10.152743
106200,10.153496
107100,10.132146
108000,-11.196735
108900,-11.240513
109800,-11.237505
110700,-11.322816
111600,-41.106618
112500,-38.078346
113400,-31.279178
114300,-27.792909
115200,-29.211073
116100,-20.978604
117000,-16.491127
117900,-7.095872
118800,-0.303618
119700,4.9542
120600,4.96143
121500,10.35257
122400,33.927409
123300,39.930915
124200,46.261343
125100,52.695811
126000,70.0072
126900,69.951844
127800,69.955648
128700,69.847777
129600,75.911304
130500,69.030298
131400,62.455035
132300,56.042518
133200,49.183414
134100,32.343564
135000,22.300257
135900,13.036441
136800,1.922566
137700,-8.591024
138600,-14.666118
139500,-22.617835
140400,-29.779738
141300,-29.833342
142200,-29.829658
143100,-29.934116
144000,-41.442764
144900,-41.517361
145800,-41.512235
146700,-41.657604
147600,-53.057819
148500,-53.153323
149400,-53.146761
150300,-53.332871
151200,-57.626046
152100,-57.729773
153000,-57.722645
153900,-57.92478
154800,-51.479729
155700,-51.572393
156600,-51.566026
157500,-51.7466
158400,-31.620915
159300,-31.677833
160200,-31.673922
161100,-31.784838
162000,-18.937006
162900,-18.971093
163800,-18.968751
164700,-19.035176
165600,-6.057093
166500,-6.067996
167400,-6.067247
168300,-6.088493
169200,-3.163543
170100,-3.169238
171000,-3.168846
171900,-3.179943
172800,-3.163788
173700,-3.169483
174600,-3.169092
175500,-3.18019
176400,-2.925243
177300,-2.930509
178200,-2.930147
179100,-2.940408
180000,-3.062811
180900,-3.068324
181800,-3.067945
182700,-3.078689
183600,-3.063201
184500,-3.068715
185400,-3.068336
186300,-3.079081
187200,-3.072531
188100,-3.078061
189000,-3.077681
189900,-3.088459
190800,-5.933637
191700,-5.944318
192600,-5.943584
193500,-5.964397
194400,-23.709874
195300,-23.752552
196200,-23.749619
197100,-23.832786
198000,-52.867998
198900,-52.963161
199800,-52.956622
200700,-53.142066
201600,-58.297268
202500,-58.402203
203400,-58.394993
204300,-58.599482
205200,-56.983742
206100,-57.086313
207000,-57.079265
207900,-57.279146
208800,-37.677056
209700,-35.287835
210600,-32.662965
211500,-32.803218
212400,-19.80777
213300,-16.909461
214200,-16.905753
215100,-13.885025
216000,-7.973899
216900,-11.14339
217800,-14.092667
218700,-16.961258
219600,-17.723379
220500,-25.157118
221400,-25.154012
222300,-25.242096
223200,-24.173464
224100,-24.216976
225000,-24.213986
225900,-24.298779
226800,-29.03125
227700,-29.083507
228600,-29.079916
229500,-29.181749
230400,-40.401136
231300,-40.473858
232200,-40.468861
233100,-40.610576
234000,-51.724257
234900,-51.817361
235800,-51.810963
236700,-51.992396
237600,-56.177665
238500,-56.278785
239400,-56.271837
240300,-56.468891
241200,-50.185831
242100,-50.276166
243000,-50.269958
243900,-50.445995
244800,-30.826151
245700,-30.881638
246600,-30.877826
247500,-30.985954
248400,-18.461041
249300,-18.494271
250200,-18.491988
251100,-18.556743
252000,-5.904853
252900,-5.915482
253800,-5.914752
254700,-5.935464
255600,-3.08403
256500,-3.089582
257400,-3.0892
258300,-3.100018
259200,-3.285082
260100,-3.290995
261000,-3.290589
261900,-3.302112
262800,-3.037391
263700,-3.042859
264600,-3.042483
265500,-3.053137
266400,-3.180233
267300,-3.185958
268200,-3.185564
269100,-3.19672
270000,-3.180638
270900,-3.186363
271800,-3.18597
272700,-3.197126
273600,-3.190325
274500,-3.196068
275400,-3.195673
276300,-3.206864
277200,-6.161121
278100,-6.172211
279000,-6.171449
279900,-6.193061
280800,-24.618863
281700,-24.663177
282600,-24.660132
283500,-24.746488
284400,-54.894852
285300,-54.993663
286200,-54.986873
287100,-55.179427
288000,-60.532269
288900,-60.641228
289800,-60.633741
290700,-60.846069
291600,-59.168385
292500,-59.274888
293400,-59.26757
294300,-59.475114
295200,-41.5174
296100,-41.592132
297000,-41.586997
297900,-41.732627
298800,-31.129297
299700,-31.18533
300600,-31.18148
301500,-31.290672
302400,-20.384313
303300,-20.429588
304200,-20.426477
305100,-20.514706
306000,-21.306045
306900,-26.121591
307800,-26.118366
308700,-26.209828
309600,-25.100226
310500,-25.145407
311400,-25.142302
312300,-25.230346
313200,-30.14425
314100,-30.19851
315000,-30.194782
315900,-30.300519
316800,-41.950035
317700,-42.025545
318600,-42.020357
319500,-42.167505
320400,-53.707262
321300,-53.803935
322200,-53.797292
323100,-53.985681
324000,-58.331405
324900,-56.128983
325800,-53.660575
326700,-53.865184
327600,-44.721319
328500,-44.815117
329400,-47.428597
330300,-47.611382
331200,-27.239352
332100,-27.296967
333000,-29.754201
333900,-29.866475
334800,-16.861381
335700,-16.895885
336600,-16.893515
337500,-16.960753
338400,-3.823815
339300,-3.834851
340200,-1.3729
341100,-1.394406
342000,1.566346
342900,1.560582
343800,1.560978
344700,1.549745
345600,-0.647031
346500,-0.652349
347400,-0.651983
348300,-0.662347
349200,-2.731689
350100,-2.736606
351000,-2.736268
351900,-2.74585
352800,-2.860154
353700,-0.557883
354600,1.903664
355500,1.893631
356400,4.528019
357300,4.52287
358200,7.306844
359100,10.249083
360000,10.2552
360900,13.375923
361800,13.376278
362700,13.366214
363600,14.013755
364500,14.003781
365400,14.004466
366300,10.680567
367200,-5.890743
368100,-2.626134
369000,-2.623396
369900,-2.70106
370800,-26.327099
371700,-22.739471
372600,-18.863415
373500,-14.968223
374400,-11.030495
375300,-11.128487
376200,-6.428375
377100,-1.70769600000001
378000,4.93599099999999
378900,4.840207
379800,10.209823
380700,15.619342
381600,37.603949
382500,37.536739
383400,37.541357
384300,43.487718
385200,53.02386
386100,52.973467
387000,52.976929
387900,59.204082
388800,64.724087
389700,64.683368
390600,58.360811
391500,58.281462
392400,51.492435
393300,51.450224
394200,57.530458
395100,57.448202
396000,58.446126
396900,52.328159
397800,52.330951
398700,52.251768
399600,47.832431
400500,47.783633
401400,47.786986
402300,41.857617
403200,31.380583
404100,31.312673
405000,25.721164
405900,25.588826
406800,9.847471
407700,9.76052799999999
408600,9.766502
409500,4.462218
410400,0.553875999999995
411300,0.459446
412200,0.465934999999995
413100,0.28192
414000,6.149248
414900,1.153253
415800,1.15905
416700,0.994661000000001
417600,19.316318
418500,14.571123
419400,14.574683
420300,14.473709
421200,26.169886
422100,21.658774
423000,21.660906
423900,21.600435
424800,33.415186
425700,33.405261
426600,33.405943
427500,33.386601
428400,31.77762
429300,31.772436
430200,31.772792
431100,31.76269
432000,32.049913
432900,32.045219
433800,27.977176
434700,27.968029
435600,28.178162
436500,28.173822
437400,28.17412
438300,24.295713
439200,24.194825
440100,24.190281
441000,20.5141
441900,20.505245
442800,20.51801
443700,17.025468
444600,17.02578
445500,17.016924
446400,13.717859
447300,10.587413
448200,7.635453
449100,4.84295
450000,2.497881
450900,-0.130848
451800,-2.591436
452700,-2.608591
453600,-19.542287
454500,-19.577463
455400,-19.575046
456300,-19.643594
457200,-43.575162
458100,-43.653597
459000,-41.340789
459900,-41.493637
460800,-43.281493
461700,-40.748059
462600,-40.742116
463500,-38.127041
464400,-36.795306
465300,-36.879848
466200,-33.921766
467100,-34.086513
468000,-19.831801
468900,-19.891123
469800,-19.887046
470700,-16.876759
471600,-8.459907
472500,-8.504386
473400,-8.50133
474300,-11.713893
475200,-6.841791
476100,-6.877731
477000,-9.827534
477900,-12.68119
478800,-13.309349
479700,-18.427723
480600,-20.732582
481500,-20.805184
482400,-19.92439
483300,-19.960254
484200,-19.957789
485100,-20.027678
486000,-23.928302
486900,-23.971373
487800,-23.968413
488700,-24.052347
489600,-33.299654
490500,-33.359593
491400,-33.355475
492300,-33.47228
493200,-42.632461
494100,-42.709199
495000,-42.703927
495900,-42.853468
496800,-46.303074
497700,-46.38642
498600,-46.380693
499500,-46.54311
500400,-41.364451
501300,-41.438907
502200,-41.433791
503100,-41.578884
504000,-25.407705
504900,-25.453439
505800,-25.450297
506700,-25.539419
507600,-15.216064
508500,-15.243453
509400,-15.241571
510300,-15.294944
511200,-4.866932
512100,-4.875692
513000,-4.87509
513900,-4.892162
514800,-2.541937
515700,-2.546513
516600,-2.546198
517500,-2.555115
518400,-2.448203
519300,-2.452609
520200,-2.452307
521100,-2.460894
522000,-2.263612
522900,-2.267686
523800,-2.267406
524700,-2.275346
525600,-2.370064
526500,-2.374331
527400,-2.374037
528300,-2.382351
529200,-2.370366
530100,-2.374633
531000,-2.37434
531900,-2.382654
532800,-2.377586
533700,-2.381865
534600,-2.381571
535500,-2.389911
536400,-4.591567
537300,-4.599832
538200,-4.599264
539100,-4.61537
540000,-18.347174
540900,-18.380199
541800,-18.37793
542700,-18.442286
543600,-40.910314
544500,-40.983952
545400,-40.978892
546300,-41.122393
547200,-45.111591
548100,-45.192792
549000,-45.187213
549900,-45.34545
550800,-44.095158
551700,-44.17453
552600,-44.169076
553500,-44.323748
554400,-30.940786
555300,-30.996479
556200,-30.992653
557100,-31.101183
558000,-23.199066
558900,-23.240825
559800,-23.237955
560700,-23.319331
561600,-18.745183
562500,-18.778924
563400,-18.776606
564300,-18.842358
565200,-19.432102
566100,-19.46708
567000,-19.464677
567900,-19.532839
568800,-18.705909
569700,-18.73958
570600,-18.737267
571500,-18.802881
572400,-22.464962
573300,-22.505399
574200,-20.195201
575100,-15.192883
576000,-18.138777
576900,-15.069163
577800,-8.272835
578700,-0.836051999999999
579600,-5.367675
580500,3.312105
581400,8.010434
582300,12.781675
583200,20.04092
584100,25.558846
585000,25.564223
585900,31.246013
586800,42.185304
587700,42.115401
588600,48.445559
589500,48.309339
590400,70.069903
591300,76.863244
592200,83.965374
593100,98.888609
594000,116.498286
594900,124.672963
595800,141.943586
596700,150.971863
597600,170.143118
598500,179.82341
599400,179.823975
600300,179.807947
601200,182.014444
602100,182.010148
603000,182.010443
603900,182.002072
604800,171.424906
605700,162.038019
606600,162.038425
607500,152.948508
608400,144.432663
609300,144.427192
610200,144.427568
611100,135.92881
612000,135.80162
612900,135.795891
613800,127.595893
614700,127.58473
615600,119.683175
616500,119.677446
617400,112.037974
618300,104.659767
619200,104.666574
620100,104.660827
621000,104.661222
621900,104.650023
622800,109.060627
623700,109.049529
624600,116.690157
625500,116.66853
626400,106.146778
627300,106.102432
628200,106.105479
629100,106.01906
630000,84.048841
630900,83.949957
631800,83.956751
632700,92.252151
633600,86.89536
634500,86.786321
635400,95.574573
636300,95.362088
637200,97.04101
638100,106.012814
639000,106.020138
639900,115.19341
640800,142.852892
641700,152.779128
642600,163.102755
643500,173.597933
644400,195.17739
645300,195.121316
646200,206.42582
647100,217.954507
648000,224.096784
648900,236.031702
649800,236.034815
650700,248.273978
651600,247.482055
652500,260.114732
653400,260.11796
654300,260.02643
655200,261.136851
656100,261.091637
657000,261.094744
657900,248.326989
658800,243.409459
659700,243.355159
660600,231.031433
661500,218.945391
662400,207.287278
663300,195.573752
664200,195.578945
665100,195.431689
666000,172.582765
666900,172.48602
667800,161.524365
668700,161.335838
669600,156.986907
670500,146.240916
671400,146.248136
672300,135.724889
673200,142.253643
674100,142.159776
675000,132.165203
675900,131.982282
676800,152.369345
677700,152.311688
678600,152.31565
679500,152.203293
680400,165.217983
681300,165.183453
682200,165.185826
683100,175.119561
684000,188.266193
684900,188.255149
685800,198.574395
686700,198.552873
687600,201.51581
688500,201.510042
689400,201.510438
690300,201.499197
691200,191.103683
692100,191.097746
693000,181.097131
693900,181.085561
694800,171.662828
695700,171.657339
696600,162.276746
697500,153.187663
698400,144.279297
699300,144.27355
700200,135.785848
701100,127.574256
702000,119.672755
702900,119.667007
703800,112.027537
704700,112.016335
705600,104.656121
706500,104.650356
707400,97.551572
708300,97.540336
709200,87.737942
710100,87.726808
711000,81.149236
711900,74.802183
712800,56.302417
713700,50.180591
714600,44.349374
715500,44.262672
716400,8.397115
717300,8.297907
718200,13.900899
719100,13.707572
720000,14.167517
720900,14.058121
721800,20.142972
722700,19.929791
723600,21.61421
724500,27.832634
725400,34.418319
726300,41.046219
727200,66.175198
728100,73.467208
729000,81.112229
729900,88.883662
730800,107.729946
731700,107.673689
732600,116.16565
733500,116.05602
734400,122.218405
735300,122.172948
736200,122.176071
737100,122.087488
738000,112.804877
738900,104.557362
739800,104.5606
740700,96.551123
741600,90.025314
742500,82.61291
743400,75.516847
744300,68.592172
745200,57.080205
746100,57.025728
747000,57.029471
747900,56.92331
748800,45.227031
749700,45.151218
750600,45.156427
751500,45.008689
752400,33.42261
753300,33.325548
754200,39.910555
755100,39.72141
756000,35.358242
756900,28.674486
757800,28.68173
758700,22.150945
759600,28.701073
760500,22.529564
761400,16.701761
762300,16.518242
763200,31.375872
764100,25.954993
765000,20.824111
765900,15.79975
766800,24.163668
767700,24.129025
768600,19.651325
769500,19.583817
770400,32.773488
771300,28.490663
772200,28.491425
773100,24.401466
774000,23.504153
774900,23.498365
775800,23.498763
776700,23.487486
777600,13.034949
778500,6.951
779400,4.167778
780300,-0.924619
781200,-2.972935
782100,-2.978287
783000,-2.977919
783900,-2.988347
784800,-3.112746
785700,-3.118349
786600,-3.117964
787500,-3.128882
788400,-3.113142
789300,-3.118746
790200,-3.11836
791100,-3.12928
792000,-3.122624
792900,-3.128244
793800,-3.127858
794700,-3.138811
795600,-6.030377
796500,-6.041231
797400,-6.040485
798300,-6.061638
799200,-24.096428
800100,-24.139802
801000,-24.136822
801900,-24.221345
802800,-53.729933
803700,-53.826647
804600,-53.820002
805500,-54.008469
806400,-59.247719
807300,-59.354365
808200,-59.347037
809100,-59.55486
810000,-57.912778
810900,-58.017021
811800,-58.009858
812700,-58.212998
813600,-38.328944
814500,-38.40209
815400,-38.397064
816300,-36.07841
817200,-25.700093
818100,-25.754937
819000,-23.131243
819900,-23.238118
820800,-17.23062
821700,-17.274934
822600,-19.891814
823500,-19.978171
824400,-23.21391
825300,-25.567267
826200,-25.564111
827100,-25.653632
828000,-24.567577
828900,-24.611798
829800,-24.60876
830700,-24.694935
831600,-29.504562
832500,-29.55767
833400,-29.554021
834300,-29.657514
835200,-41.059817
836100,-41.133725
837000,-41.128647
837900,-41.272672
838800,-52.567545
839700,-52.662167
840600,-52.655665
841500,-52.840055
842400,-57.093559
843300,-57.196328
844200,-57.189267
845100,-57.389533
846000,-51.004037
846900,-51.095845
847800,-51.089536
848700,-51.268442
849600,-31.328726
850500,-31.385118
851400,-31.381243
852300,-31.491134
853200,-18.762021
854100,-18.795793
855000,-18.793472
855900,-18.859284
856800,-6.001123
857700,-6.011925
858600,-6.011183
859500,-6.032233
860400,-3.134311
861300,-3.139953
862200,-3.139565
863100,-3.150559
864000,-3.33864
864900,-3.34465
865800,-3.344237
866700,-3.355948
867600,-3.086912
868500,-3.092468
869400,-3.092086
870300,-3.102914
871200,-3.232082
872100,-3.2379
873000,-3.2375
873900,-3.248837
874800,-3.232493
875700,-3.238312
876600,-3.237912
877500,-3.249251
878400,-3.242339
879300,-3.248175
880200,-3.247774
881100,-3.259147
882000,-6.261569
882900,-6.27284
883800,-6.272066
884700,-6.294029
885600,-25.020237
886500,-25.065274
887400,-25.062179
888300,-25.149943
889200,-55.789831
890100,-55.890253
891000,-55.883353
891900,-56.079047
892800,-59.21174
893700,-59.322474
894600,-59.314866
895500,-59.530656
896400,-57.825619
897300,-57.933859
898200,-57.926421
899100,-58.137349
900000,-39.886861
900900,-39.962811
901800,-39.957592
902700,-42.413016
903600,-31.636815
904500,-31.693761
905400,-31.689848
906300,-31.80082
907200,-25.563006
908100,-25.60902
909000,-25.605858
909900,-25.695525
910800,-26.499766
911700,-26.547465
912600,-26.544188
913500,-26.637141
914400,-25.509449
915300,-25.555366
916200,-25.552211
917100,-25.64169
918000,-30.635708
918900,-30.690853
919800,-30.687063
920700,-30.794524
921600,-40.32655
922500,-40.403291
923400,-40.398018
924300,-40.547565
925200,-52.275461
926100,-52.37371
927000,-52.366959
927900,-52.558419
928800,-56.974994
929700,-57.081702
930600,-59.381789
931500,-59.589733
932400,-52.95943
933300,-50.747338
934200,-50.740788
935100,-48.46536
936000,-25.14127
936900,-25.199824
937800,-25.1958
938700,-25.309905
939600,-12.092783
940500,-14.747774
941400,-14.745365
942300,-17.274892
943200,-6.231194
944100,-6.242411
945000,-6.24164
945900,-6.263497
946800,-3.254474
947700,-3.260332
948600,-3.25993
949500,-3.271345
950400,-3.002618
951300,-3.008023
952200,-3.007651
953100,-3.018183
954000,-2.776225
954900,-2.781222
955800,-2.780879
956700,-2.790617
957600,-2.906785
958500,-2.912017
959400,-0.604238
960300,-0.614434
961200,1.861458
962100,1.856225
963000,1.856584
963900,1.846387
964800,1.852603
965700,1.847354
966600,1.847715
967500,1.837487
968400,1.757173
969300,1.747036
970200,1.747733
971100,4.5116
972000,-12.329881
972900,-9.418112
973800,-2.984978
974700,0.42409
975600,-19.585558
976500,-19.675873
977400,-19.669667
978300,-19.845665
979200,-24.738249
980100,-20.769472
981000,-16.490885
981900,-12.204876
982800,-10.671445
983700,-6.075412
984600,-1.157086
985500,3.788071
986400,20.201712
987300,25.49644
988200,31.097308
989100,36.798474
990000,52.567423
990900,52.516208
991800,58.845082
992700,65.323616
993600,77.769893
994500,84.827691
995400,92.197577
996300,99.756799
997200,106.951151
998100,98.990604
999000,98.993551
999900,91.270089
1000800,84.917241
1001700,92.242987
1002600,99.88569
1003500,99.805216
1004400,103.231476
1005300,103.181882
1006200,103.18529
1007100,103.088645
1008000,92.440798
1008900,92.371781
1009800,92.376523
1010700,84.32438
1011600,73.776855
1012500,66.048629
1013400,66.054701
1014300,58.515469
1015200,47.444227
1016100,40.51198
1017000,33.940237
1017900,27.427867
1018800,33.390853
1019700,27.227786
1020600,21.399403
1021500,15.63616
1022400,28.89349
1023300,28.840829
1024200,28.844448
1025100,28.741827
1026000,35.493837
1026900,35.4623
1027800,35.464467
1028700,35.40301
1029600,47.410383
1030500,42.488659
1031400,42.489352
1032300,37.776316
1033200,36.00241
1034100,35.997142
1035000,35.997504
1035900,35.987237
1036800,24.069083
1037700,24.064313
1038600,24.06464
1039500,24.055344
1040400,24.268903
1041300,24.264493
1042200,24.264796
1043100,24.256201
1044000,24.153668
1044900,24.14905
1045800,20.472873
1046700,20.463874
1047600,20.476848
1048500,24.148723
1049400,28.01899
1050300,32.078356
1051200,36.355586
1052100,36.350954
1053000,36.351272
1053900,40.822325
1054800,38.439023
1055700,43.123455
1056600,48.035707
1057500,53.153128
1058400,38.288391
1059300,49.21185
1060200,61.125915
1061100,73.959941
1062000,63.573662
1062900,70.86099
1063800,78.506333
1064700,78.350992
1065600,81.950316
1066500,81.862416
1067400,81.868456
1068300,81.697163
1069200,83.050609
1070100,82.964689
1071000,91.170985
1071900,99.491648
1072800,113.978762
1073700,122.699233
1074600,141.162732
1075500,150.733763
1076400,169.288862
1077300,179.562146
1078200,190.206168
1079100,190.118079
1080000,206.037917
1080900,206.001391
1081800,206.003901
1082700,217.233375
1083600,216.594974
1084500,216.557111
1085400,216.559712
1086300,216.485927
1087200,217.381081
1088100,228.982593
1089000,228.985097
1089900,228.914069
1090800,224.949851
1091700,224.906078
1092600,224.909086
1093500,236.804011
1094400,227.40594
1095300,227.345023
1096200,227.349209
1097100,227.2305
1098000,217.920976
1098900,217.842986
1099800,230.175802
1100700,230.023822
1101600,239.197621
1102500,239.112916
1103400,239.118737
1104300,226.274026
1105200,231.537116
1106100,231.461446
1107000,231.466645
1107900,218.991729
1108800,235.426555
1109700,235.380076
1110600,223.403043
1111500,211.674507
1112400,222.166169
1113300,210.837683
1114200,199.871293
1115100,189.176133
1116000,199.774159
1116900,189.446768
1117800,179.446356
1118700,179.429006
1119600,172.129032
1120500,172.124382
1121400,172.124702
1122300,172.11564
1123200,153.764939
1124100,144.9797
1125000,144.980008
1125900,144.971281
1126800,145.171779
1127700,145.167638
1128600,136.679827
1129500,136.671757
1130400,136.575495
1131300,136.571159
1132200,136.571457
1133100,128.362616
1134000,128.374797
1134900,128.37046
1135800,120.45311
1136700,120.44466
1137600,112.809946
1138500,112.805597
1139400,105.438854
1140300,105.430378
1141200,103.192827
1142100,103.184427
1143000,103.185005
1143900,103.168636
1144800,82.113775
1145700,82.080212
1146600,82.082518
1147500,82.017113
1148400,59.182777
1149300,59.107938
1150200,59.11308
1151100,58.96724
1152000,54.913004
1152900,54.830479
1153800,54.836149
1154700,61.774512
1155600,63.045188
1156500,62.964523
1157400,62.970065
1158300,62.812872
1159200,76.414023
1160100,83.724464
1161000,83.728353
1161900,83.618053
1162800,99.288867
1163700,91.606563
1164600,91.609479
1165500,84.159735
1166400,88.808457
1167300,81.674986
1168200,81.677342
1169100,74.77424
1170000,74.174881
1170900,61.235641
1171800,49.326475
1172700,38.297993
1173600,29.091911
1174500,15.612487
1175400,7.676523
1176300,0.445346999999998
1177200,-9.70679
1178100,-12.700159
1179000,-12.697335
1179900,-15.56104
1180800,-24.38437
1181700,-27.061487
1182600,-27.057557
1183500,-27.169006
1184400,-35.909205
1185300,-35.982425
1186200,-35.977394
1187100,-38.581272
1188000,-41.872718
1188900,-41.952243
1189800,-44.254198
1190700,-44.409168
1191600,-39.467943
1192500,-39.538986
1193400,-39.534104
1194300,-39.672546
1195200,-24.242794
1196100,-24.286432
1197000,-24.283433
1197900,-24.368469
1198800,-14.518427
1199700,-14.54456
1200600,-14.542764
1201500,-14.593691
1202400,-4.643789
1203300,-4.652148
1204200,-4.651574
1205100,-4.667863
1206000,-2.425393
1206900,-2.429758
1207800,-2.429458
1208700,-2.437966
1209600,-3.289265
1210500,-3.295186
1211400,-3.294779
1212300,-3.306316
1213200,-3.041259
1214100,-3.046733
1215000,-3.046357
1215900,-3.057025
1216800,-3.184283
1217700,-3.190014
1218600,-3.189621
1219500,-3.20079
1220400,-3.184688
1221300,-3.19042
1222200,-3.190026
1223100,-3.201197
1224000,-3.194388
1224900,-3.200138
1225800,-3.199742
1226700,-3.210947
1227600,-3.861547
1228500,-3.872652
1229400,-1.410696
1230300,-1.432334
1231200,-17.261674
1232100,-17.306045
1233000,-14.519376
1233900,-14.605841
1234800,-44.792595
1235700,-41.939259
1236600,-41.93246
1237500,-38.999372
1238400,-44.359029
1239300,-41.163664
1240200,-41.156167
1241100,-41.368766
1242000,-36.200947
1242900,-36.307586
1243800,-36.300259
1244700,-32.831573
1245600,-14.850993
1246500,-11.05587
1247400,-11.050728
1248300,-7.128178
1249200,3.488654
1250100,7.704293
1251000,12.188229
1251900,12.078898
1252800,22.91784
1253700,22.872507
1254600,27.787259
1255500,27.698918
1256400,26.906571
1257300,21.94794
1258200,21.951169
1259100,17.166212
1260000,13.797145
1260900,9.480163
1261800,5.414906
1262700,1.4568
1263600,-7.139855
1264500,-7.194184
1265400,-7.190451
1266300,-7.296323
1267200,-18.960673
1268100,-15.359785
1269000,-11.48464
1269900,-11.631975
1270800,-19.118061
1271700,-19.214857
1272600,-19.208206
1273500,-19.396834
1274400,-23.748092
1275300,-23.853223
1276200,-23.845999
1277100,-24.050868
1278000,-17.51862
1278900,-21.680904
1279800,-21.674451
1280700,-21.857468
1281600,-1.459498
1282500,-5.387136
1283400,-5.383172
1284300,-9.172083
1285200,3.84957
1286100,3.815022
1287000,0.329397999999998
1287900,0.262073999999998
1288800,13.41574
1289700,13.40469
1290600,13.405449
1291500,13.383915
1292400,16.348437
1293300,16.342666
1294200,16.343063
1295100,16.331816
1296000,12.950285
1296900,9.818457
1297800,9.818865
1298700,6.855016
1299600,7.120941
1300500,7.115449
1301400,4.332207
1302300,4.321504
1303200,1.573905
1304100,1.568154
1305000,1.568549
1305900,1.557343
1306800,1.573498
1307700,-0.893446
1308600,-0.893051
1309500,-0.904258
1310400,-0.897426
1311300,-0.903195
1312200,-0.902799
1313100,-0.91404
1314000,-3.881743
1314900,-3.892884
1315800,-1.430925
1316700,-1.452635
1317600,-19.962299
1318500,-20.006814
1319400,-17.383831
1320300,-17.470579
1321200,-47.756157
1322100,-47.855418
1323000,-45.064977
1323900,-45.258408
1324800,-47.683339
1325700,-44.666905
1326600,-41.354921
1327500,-38.080218
1328400,-28.848454
1329300,-28.955442
1330200,-24.879725
1331100,-20.81647
1332000,1.703056
1332900,1.627984
1333800,1.633143
1334700,6.180229
1335600,16.831817
1336500,16.775529
1337400,16.779397
1338300,16.669708
1339200,18.142011
1340100,18.096529
1341000,18.099655
1341900,13.530943
1342800,12.736003
1343700,4.348745
1344600,0.482034000000002
1345500,-6.774336
1346400,-8.964147
1347300,-15.087694
1348200,-20.48812
1349100,-25.345177
1350000,-30.281446
1350900,-30.335953
1351800,-30.332207
1352700,-28.131006
1353600,-37.37235
1354500,-34.828279
1355400,-32.039447
1356300,-29.234991
1357200,-37.701381
1358100,-34.494032
1359000,-30.999361
1359900,-31.188606
1360800,-31.877615
1361700,-28.11314
1362600,-24.037526
1363500,-15.491241
1364400,-4.24423
1365300,-4.338455
1366200,0.579656999999997
1367100,5.530896
1368000,25.995644
1368900,31.300801
1369800,31.304778
1370700,31.191993
1371600,44.256277
1372500,44.221616
1373400,49.820172
1374300,49.752628
1375200,62.949356
1376100,68.772544
1377000,74.85064
1377900,74.829035
1378800,84.128618
1379700,84.122827
1380600,84.123225
1381500,84.111941
1382400,104.642163
1383300,112.003415
1384200,119.643677
1385100,127.550041
1386000,144.49777
1386900,127.803928
1387800,119.886648
1388700,112.236349
1389600,104.744842
1390500,90.803778
1391400,77.900471
1392300,60.381764
1393200,49.899623
1394100,40.289
1395000,31.53756
1395900,23.588318
1396800,16.430487
1397700,16.424863
1398600,13.120786
1399500,9.983939
1400400,7.090827
1401300,4.127693
1402200,4.12844
1403100,4.107276
1404000,-13.937164
1404900,-13.980561
1405800,-11.025306
1406700,-7.983986
1407600,-37.508362
1408500,-30.812667
1409400,-23.259574
1410300,-19.379777
1411200,-15.870005
1412100,-6.371692
1413000,4.13353
1413900,15.356045
1414800,29.401695
1415700,29.297396
1416600,35.8829
1417500,42.515929
1418400,67.201148
1419300,74.495005
1420200,74.500034
1421100,81.997283
1422000,92.381153
1422900,100.243928
1423800,100.247698
1424700,108.341158
1425600,114.351871
1426500,114.307533
1427400,114.310579
1428300,114.224177
1429200,113.449216
1430100,113.403253
1431000,113.406412
1431900,113.316843
1432800,114.403479
1433700,106.158841
1434600,98.244234
1435500,83.151105
1436400,71.239725
1437300,64.35031
1438200,57.775624
1439100,51.346721
1440000,33.860983
1440900,33.787036
1441800,33.792117
1442700,27.813741
1443600,16.512825
1444500,10.821977
1445400,5.46544799999999
1446300,5.280959
1447200,-4.109677
1448100,-4.21250000000001
1449000,-4.205435
1449900,-9.317446
1450800,-2.928533
1451700,-3.02039
1452600,-3.014078
1453500,-3.19308
1454400,16.757305
1455300,12.007504
1456200,12.011381
1457100,7.42135
1458000,20.157274
1458900,15.85174
1459800,15.854062
1460700,11.719849
1461600,24.584889
1462500,20.704131
1463400,17.02838
1464300,17.007318
1465200,16.418793
1466100,16.413148
1467000,16.413536
1467900,16.402536
1468800,4.048111
1469700,4.042098
1470600,4.042511
1471500,1.410869
1472400,1.680049
1473300,-0.786704
1474200,-0.786322
1475100,-3.104574
1476000,-3.233812
1476900,-3.239632
1477800,-3.239232
1478700,-3.250576
1479600,-3.234223
1480500,-3.240045
1481400,-3.239645
1482300,-3.250989
1483200,-3.244074
1484100,-3.249913
1485000,-3.249512
1485900,-3.260891
1486800,-6.264919
1487700,-6.276196
1488600,-6.275421
1489500,-6.297397
1490400,-25.033624
1491300,-25.078685
1492200,-25.075589
1493100,-25.163399
1494000,-55.819681
1494900,-55.920157
1495800,-55.913253
1496700,-56.109051
1497600,-61.552074
1498500,-61.662868
1499400,-61.655255
1500300,-61.87116
1501200,-60.165212
1502100,-60.273509
1503000,-60.266068
1503900,-60.477109
1504800,-42.216856
1505700,-42.292846
1506600,-42.287625
1507500,-42.435708
1508400,-31.653741
1509300,-31.710718
1510200,-31.706803
1511100,-31.817835
1512000,-25.576683
1512900,-25.622722
1513800,-25.619558
1514700,-25.709273
1515600,-26.513944
1516500,-26.561669
1517400,-26.55839
1518300,-26.651393
1519200,-25.523097
1520100,-25.569039
1521000,-25.565882
1521900,-25.655409
1522800,-30.652099
1523700,-30.707273
1524600,-30.703482
1525500,-30.811
1526400,-42.65678
1527300,-42.733562
1528200,-42.728286
1529100,-42.877913
1530000,-54.612083
1530900,-54.710386
1531800,-54.703631
1532700,-54.895193
1533600,-59.314131
1534500,-59.420897
1535400,-59.413561
1536300,-59.621616
1537200,-52.987765
1538100,-53.083144
1539000,-53.07659
1539900,-53.262455
1540800,-32.547212
1541700,-32.605797
1542600,-32.601771
1543500,-32.715937
1544400,-19.491743
1545300,-19.526828
1546200,-19.524417
1547100,-19.592788
1548000,-6.234528
1548900,-6.245751
1549800,-6.244979
1550700,-6.266848
1551600,-3.256216
1552500,-3.262077
1553400,-3.261674
1554300,-3.273096
1555200,-3.004224
1556100,-3.009632
1557000,-3.00926
1557900,-3.019798
1558800,-2.77771
1559700,-2.78271
1560600,-2.782367
1561500,-2.79211
1562400,-2.90834
1563300,-2.913575
1564200,-2.913215
1565100,-2.923417
1566000,-2.90871
1566900,-2.913946
1567800,-2.913586
1568700,-2.923789
1569600,-2.917569
1570500,-2.922821
1571400,-2.92246
1572300,-2.932694
1573200,-5.634377
1574100,-5.644519
1575000,-5.643822
1575900,-5.663586
1576800,-22.514078
1577700,-22.554603
1578600,-22.551819
1579500,-22.630791
1580400,-50.201626
1581300,-50.29199
1582200,-50.285781
1583100,-50.461872
1584000,-55.357074
1584900,-50.688105
1585800,-48.061333
1586700,-42.519616
1587600,-34.555014
1588500,-31.164414
1589400,-27.481227
1590300,-23.801077
1591200,-3.310289
1592100,-3.378631
1593000,-3.373935
1593900,-3.507115
1594800,6.189685
1595700,2.070077
1596600,2.073598
1597500,-1.896209
1598400,0.040299000000001
1599300,-0.00110600000000005
1600200,-3.486259
1601100,-6.871407
1602000,-10.720979
1602900,-16.499794
1603800,-21.577962
1604700,-23.969024
1605600,-22.954287
1606500,-22.995605
1607400,-22.992766
1608300,-23.073282
1609200,-27.567073
1610100,-27.616694
1611000,-27.613285
1611900,-27.709981
1612800,-38.363525
1613700,-38.432579
1614600,-38.427834
1615500,-38.562402
1616400,-49.115569
1617300,-49.203978
1618200,-49.197903
1619100,-49.370185
1620000,-53.344372
1620900,-53.440393
1621800,-53.433795
1622700,-53.62091
1623600,-47.654733
1624500,-47.740512
1625400,-47.734618
1626300,-47.901776
1627200,-29.271449
1628100,-29.324138
1629000,-29.320518
1629900,-29.423193
1630800,-17.529967
1631700,-17.561521
1632600,-17.559353
1633500,-17.620843
1634400,-5.607045
1635300,-5.617138
1636200,-5.616444
1637100,-5.636112
1638000,-2.928489
1638900,-2.93376
1639800,-2.933398
1640700,-2.94367
1641600,-2.651608
1642500,-2.656381
1643400,-2.656053
1644300,-2.665354
1645200,-2.451681
1646100,-2.456094
1647000,-2.45579
1647900,-2.46439
1648800,-2.566978
1649700,-2.571598
1650600,-2.571281
1651500,-2.580285
1652400,-2.567304
1653300,-2.571925
1654200,-2.571608
1655100,-2.580613
1656000,-2.575124
1656900,-2.579759
1657800,-2.57944
1658700,-2.588473
1659600,-4.973051
1660500,-4.982002
1661400,-4.981387
1662300,-4.998831
1663200,-19.871521
1664100,-19.90729
1665000,-19.904832
1665900,-19.974536
1666800,-44.309285
1667700,-44.389042
1668600,-44.383562
1669500,-44.538985
1670400,-48.859619
1671300,-48.947567
1672200,-48.941524
1673100,-49.112908
1674000,-47.758738
1674900,-47.844704
1675800,-47.838797
1676700,-48.006319
1677600,-33.511454
1678500,-33.571775
1679400,-33.56763
1680300,-33.685178
1681200,-25.126526
1682100,-25.171754
1683000,-25.168646
1683900,-25.256782
1684800,-20.302598
1685700,-20.339143
1686600,-20.336632
1687500,-20.407847
1688400,-21.046589
1689300,-21.084473
1690200,-21.08187
1691100,-21.155695
1692000,-20.260062
1692900,-20.29653
1693800,-20.294024
1694700,-20.36509
1695600,-24.331429
1696500,-24.375226
1697400,-24.372216
1698300,-24.457563
1699200,-33.860663
1700100,-33.921612
1701000,-33.917424
1701900,-34.036197
1702800,-43.350702
1703700,-43.428734
1704600,-43.423372
1705500,-43.575433
1706400,-47.083156
1707300,-47.167906
1708200,-47.162082
1709100,-47.327235
1710000,-42.061329
1710900,-42.13704
1711800,-42.131838
1712700,-42.279376
1713600,-25.835756
1714500,-25.882261
1715400,-25.879065
1716300,-25.969689
1717200,-15.472413
1718100,-15.500264
1719000,-15.49835
1719900,-15.552623
1720800,-4.948926
1721700,-4.957835
1722600,-4.957222
1723500,-4.974582
1724400,-2.584762
1725300,-2.589414
1726200,-2.589095
1727100,-2.598161
1728000,-2.489448
1728900,-2.493929
1729800,-2.493621
1730700,-2.502354
1731600,-2.301748
1732500,-2.305891
1733400,-2.305606
1734300,-2.31368
1735200,-2.409994
1736100,-2.414332
1737000,-2.414034
1737900,-2.422487
1738800,-2.4103
1739700,-2.414639
1740600,-2.414341
1741500,-2.422795
1742400,-2.417641
1743300,-2.421993
1744200,-2.421694
1745100,-2.430174
1746000,-4.668923
1746900,-4.677327
1747800,-4.676749
1748700,-4.693126
1749600,-18.656274
1750500,-18.689856
1751400,-18.687548
1752300,-18.752989
1753200,-41.599541
1754100,-41.674421
1755000,-41.669276
1755900,-41.815194
1756800,-45.871599
1757700,-45.954168
1758600,-45.948495
1759500,-46.109398
1760400,-44.838042
1761300,-44.918751
1762200,-44.913205
1763100,-45.070483
1764000,-31.462054
1764900,-31.518686
1765800,-31.514795
1766700,-31.625154
1767600,-23.589908
1768500,-23.63237
1769400,-23.629452
1770300,-23.712198
1771200,-19.060988
1772100,-19.095298
1773000,-19.092941
1773900,-19.159801
1774800,-19.759481
1775700,-19.795048
1776600,-19.792604
1777500,-19.861914
1778400,-19.021053
1779300,-19.055291
1780200,-19.052939
1781100,-19.119659
1782000,-22.843435
1782900,-22.884554
1783800,-22.881728
1784700,-22.961856
1785600,-31.789907
1786500,-31.847129
1787400,-31.843197
1788300,-31.954706
1789200,-40.699581
1790100,-40.77284
1791000,-40.767806
1791900,-40.910568
1792800,-44.203775
1793700,-44.283343
1794600,-44.277875
1795500,-44.432928
1796400,-39.48906
1797300,-39.560141
1798200,-39.555256
1799100,-39.693772
1800000,-24.255765
1800900,-24.299426
1801800,-24.296426
1802700,-24.381507
1803600,-14.526195
1804500,-14.552342
1805400,-14.550545
1806300,-14.601499
1807200,-4.646274
1808100,-4.654637
1809000,-4.654062
1809900,-4.67036
1810800,-2.42669
1811700,-2.431058
1812600,-2.430758
1813500,-2.43927
1814400,-3.376731
1815300,-3.382809
1816200,-3.382391
1817100,-3.394236
1818000,-3.12213
1818900,-3.12775
1819800,-3.127364
1820700,-3.138315
1821600,-3.268957
1822500,-3.274841
1823400,-3.274437
1824300,-3.285903
1825200,-3.269373
1826100,-3.275258
1827000,-3.274853
1827900,-3.286321
1828800,-3.27933
1829700,-3.285233
1830600,-3.284828
1831500,-3.296331
1832400,-6.333007
1833300,-6.344407
1834200,-4.036204
1835100,-4.058419
1836000,-22.998273
1836900,-20.58263
1837800,-17.959576
1838700,-15.26472
1839600,-43.301905
1840500,-40.277585
1841400,-36.966143
1842300,-33.676071
1843200,-31.631805
1844100,-27.675437
1845000,-23.395997
1845900,-14.440789
1846800,-7.80466300000001
1847700,-2.779282
1848600,-2.771759
1849500,2.37794
1850400,26.432822
1851300,26.356006
1852200,26.361284
1853100,26.211591
1854000,37.110738
1854900,37.053141
1855800,37.057099
1856700,31.348686
1857600,37.657667
1858500,32.248094
1859400,32.251292
1860300,27.025746
1861200,21.300693
1862100,16.55907
1863000,12.082304
1863900,3.64818
1864800,0.918788000000003
1865700,-9.596608
1866600,-15.671578
1867500,-23.626816
1868400,-30.985229
1869300,-31.041003
1870200,-31.037171
1871100,-31.145857
1872000,-43.120378
1872900,-43.197995
1873800,-43.192661
1874700,-43.343914
1875600,-55.205613
1876500,-55.304984
1877400,-55.298155
1878300,-55.4918
1879200,-59.958763
1880100,-60.066689
1881000,-60.059273
1881900,-60.26959
1882800,-53.563642
1883700,-53.660057
1884600,-53.653432
1885500,-53.841316
1886400,-32.900938
1887300,-32.96016
1888200,-32.95609
1889100,-33.071497
1890000,-19.703581
1890900,-19.739048
1891800,-19.736611
1892700,-19.805725
1893600,-6.302286
1894500,-6.31363
1895400,-6.312851
1896300,-6.334957
1897200,-3.291604
1898100,-3.297529
1899000,-3.297122
1899900,-3.308668
1900800,-3.387785
1901700,-3.393883
1902600,-3.393464
1903500,-3.405348
1904400,-3.132351
1905300,-3.13799
1906200,-3.137602
1907100,-3.148589
1908000,-3.279659
1908900,-3.285562
1909800,-3.285157
1910700,-3.296661
1911600,-3.280076
1912500,-3.28598
1913400,-3.285575
1914300,-3.29708
1915200,-3.290066
1916100,-3.295988
1917000,-3.295581
1917900,-3.307122
1918800,-6.35374
1919700,-6.365177
1920600,-6.364391
1921500,-6.386678
1922400,-25.388537
1923300,-25.434237
1924200,-25.431097
1925100,-25.520152
1926000,-56.611062
1926900,-56.712963
1927800,-56.705961
1928700,-56.904535
1929600,-62.424726
1930500,-62.537091
1931400,-62.52937
1932300,-62.748336
1933200,-61.018201
1934100,-61.128034
1935000,-61.120487
1935900,-61.33452
1936800,-42.815383
1937700,-42.892451
1938600,-40.579737
1939500,-40.72992
1940400,-29.795092
1941300,-27.391684
1942200,-27.387713
1943100,-27.500319
1944000,-21.170684
1944900,-21.217375
1945800,-21.214166
1946700,-21.305153
1947600,-22.121232
1948500,-22.169634
1949400,-24.627501
1950300,-24.721823
1951200,-23.577531
1952100,-25.931543
1953000,-25.928341
1953900,-26.019138
1954800,-31.086668
1955700,-31.142624
1956600,-31.13878
1957500,-31.247822
1958400,-43.261544
1959300,-43.339415
1960200,-43.334065
1961100,-43.485813
1962000,-55.386344
1962900,-55.48604
1963800,-55.479189
1964700,-55.673468
1965600,-60.155055
1966500,-60.263334
1967400,-60.255894
1968300,-60.466899
1969200,-53.738997
1970100,-53.835728
1971000,-53.829081
1971900,-54.017581
1972800,-33.008648
1973700,-33.068064
1974600,-33.063981
1975500,-33.179766
1976400,-19.768086
1977300,-19.803669
1978200,-19.801224
1979100,-19.870564
1980000,-6.322918
1980900,-6.334299
1981800,-6.333517
1982700,-6.355696
1983600,-3.30238
1984500,-3.308325
1985400,-3.307916
1986300,-3.3195
1987200,-3.302636
1988100,-3.308581
1989000,-3.308173
1989900,-3.319757
1990800,-3.053622
1991700,-3.059119
1992600,-3.058741
1993500,-3.069452
1994400,-3.197227
1995300,-3.202982
1996200,-3.202587
1997100,-3.213802
1998000,-3.197634
1998900,-3.20339
1999800,-3.202994
2000700,-3.214211
2001600,-3.207373
2002500,-3.213147
2003400,-3.21275
2004300,-3.224
2005200,-6.194044
2006100,-6.205194
2007000,-6.204428
2007900,-6.226154
2008800,-24.750419
2009700,-24.79497
2010600,-24.791908
2011500,-24.878725
2012400,-55.188193
2013300,-55.287532
2014200,-55.280706
2015100,-55.474289
2016000,-60.855735
2016900,-60.965275
2017800,-60.957748
2018700,-61.171211
2019600,-59.484562
2020500,-59.591635
2021400,-59.584277
2022300,-59.792931
2023200,-41.739256
2024100,-41.814387
2025000,-41.809225
2025900,-41.955633
2026800,-31.295642
2027700,-31.351975
2028600,-31.348104
2029500,-31.457879
2030400,-25.287334
2031300,-25.332852
2032200,-25.329724
2033100,-25.418424
2034000,-26.213992
2034900,-26.261177
2035800,-26.257935
2036700,-26.349885
2037600,-25.234354
2038500,-25.279776
2039400,-25.276655
2040300,-25.365169
2041200,-30.305332
2042100,-30.359882
2043000,-30.356133
2043900,-30.462435
2044800,-42.174203
2045700,-42.250117
2046600,-42.244901
2047500,-42.392835
2048400,-53.994257
2049300,-54.091447
2050200,-54.084768
2051100,-54.274163
2052000,-58.64311
2052900,-58.748668
2053800,-58.741415
2054700,-58.947116
2055600,-52.388315
2056500,-52.482614
2057400,-52.476134
2058300,-52.659896
2059200,-32.179005
2060100,-32.236927
2061000,-32.232947
2061900,-32.345821
2062800,-19.271233
2063700,-19.305921
2064600,-19.303537
2065500,-19.371135
2066400,-6.163997
2067300,-6.175092
2068200,-6.17433
2069100,-6.195951
2070000,-3.219378
2070900,-3.225173
2071800,-3.224775
2072700,-3.236067
2073600,-3.429253
2074500,-3.435425
2075400,-3.435001
2076300,-3.44703
2077200,-3.170692
2078100,-3.176399
2079000,-3.176007
2079900,-3.187129
2080800,-3.319803
2081700,-3.325778
2082600,-3.325368
2083500,-3.337013
2084400,-3.320225
2085300,-3.326202
2086200,-3.325791
2087100,-3.337437
2088000,-3.330338
2088900,-3.336332
2089800,-3.33592
2090700,-3.347602
2091600,-6.431512
2092500,-6.443088
2093400,-6.442293
2094300,-6.464853
2095200,-25.6993
2096100,-25.745559
2097000,-25.742381
2097900,-25.832526
2098800,-57.303998
2099700,-57.407146
2100600,-57.400058
2101500,-57.601063
2102400,-63.188822
2103300,-63.302563
2104200,-63.294747
2105100,-63.516394
2106000,-61.765082
2106900,-59.56884
2107800,-57.100008
2108700,-54.696736
2109600,-33.167299
2110500,-30.293037
2111400,-30.287677
2112300,-27.31381
2113200,-12.940674
2114100,-9.511168
2115000,-5.830655
2115900,-2.074689
2116800,8.400789
2117700,8.353526
2118600,12.628518
2119500,12.536417
2120400,16.19043
2121300,16.141436
2122200,11.664721
2123100,11.569246
2124000,12.727544
2124900,4.340271
2125800,0.473561
2126700,-6.782838
2127600,-18.342748
2128500,-18.399389
2129400,-21.34777
2130300,-21.458147
2131200,-33.618921
2132100,-30.745472
2133000,-27.614168
2133900,-24.46331
2134800,-29.345016
2135700,-21.507616
2136600,-12.748857
2137500,-3.34049700000001
2138400,2.62095
2139300,8.10752000000001
2140200,8.11505200000001
2141100,7.901464
2142000,20.545991
2142900,20.448076
2143800,20.454804
2144700,20.263997
2145600,41.530085
2146500,41.469942
2147400,35.639801
2148300,35.5226
2149200,49.098442
2150100,43.466249
2151000,43.468723
2151900,38.0355
2152800,51.748974
2153700,51.737453
2154600,51.738245
2155500,46.580938
2156400,49.671628
2157300,49.66561
2158200,49.666024
2159100,49.654298
2160000,49.93032
2160900,49.924768
2161800,45.013513
2162700,45.002694
2163600,45.25122
2164500,40.552708
2165400,40.553061
2166300,40.543058
2167200,35.943657
2168100,35.938282
2169000,35.938652
2169900,35.928179
2170800,35.943277
2171700,35.937902
2172600,35.938271
2173500,35.927797
2174400,35.934182
2175300,31.657047
2176200,27.589051
2177100,23.708595
2178000,17.258576
2178900,17.248165
2179800,17.24888
2180700,20.905085
2181600,3.606517
2182500,3.564914
2183400,7.437722
2184300,11.425016
2185200,-12.607219
2186100,-8.219904
2187000,-8.21353
2187900,-3.70092500000001
2188800,-8.726297
2189700,-8.828589
2190600,-8.82156000000001
2191500,-9.020899
2192400,-12.139229
2193300,-7.545838
2194200,-7.538968
2195100,-7.733815
2196000,9.125301
2196900,13.966778
2197800,13.971599
2198700,13.834878
2199600,23.789528
2200500,18.825286
2201400,18.828901
2202300,18.726389
2203200,19.795268
2204100,24.446142
2205000,24.449062
2205900,29.277868
2206800,33.669797
2207700,33.625734
2208600,33.628762
2209500,38.905929
2210400,39.947649
2211300,39.905232
2212200,45.504322
2213100,45.421664
2214000,40.808378
2214900,46.591711
2215800,46.595212
2216700,52.573278
2217600,47.961798
2218500,47.890907
2219400,47.895778
2220300,47.757633
2221200,36.923843
2222100,36.833083
2223000,43.417657
2223900,43.240793
2224800,45.997205
2225700,45.898632
2226600,45.905405
2227500,45.713314
2228400,51.838139
2229300,51.75008
2230200,44.919852
2231100,44.748249
2232000,57.295643
2232900,63.819891
2233800,77.759065
2234700,85.020702
2235600,104.870048
2236500,112.755303
2237400,112.757529
2238300,120.894796
2239200,133.228056
2240100,141.705791
2241000,141.706503
2241900,141.686313
2242800,144.465935
2243700,144.460523
2244600,144.460895
2245500,144.45035
2246400,181.67881
2247300,181.673911
2248200,171.985731
2249100,171.976183
2250000,162.814568
2250900,162.810038
2251800,162.810349
2252700,162.801521
2253600,172.077175
2254500,162.691462
2255400,162.691788
2256300,162.682544
2257200,153.617484
2258100,153.61274
2259000,144.832306
2259900,144.823061
2260800,136.340601
2261700,136.335842
2262600,136.336169
2263500,128.126504
2264400,125.678518
2265300,125.669328
2266200,117.752311
2267100,117.734404
2268000,94.826364
2268900,102.429509
2269800,102.432033
2270700,102.360476
2271600,85.296282
2272500,85.214404
2273400,93.420423
2274300,93.260866
2275200,97.313437
2276100,115.082296
2277000,134.157986
2277900,143.983068
2278800,166.332651
2279700,188.513353
2280600,200.157377
2281500,224.293084
2282400,251.853032
2283300,239.111461
2284200,226.788259
2285100,214.687359
2286000,211.835637
2286900,178.879336
2287800,139.49353
2288700,113.055808
2289600,94.383825
2290500,79.880086
2291400,66.468049
2292300,48.157977
2293200,36.543041
2294100,31.369294
2295000,21.76695
2295900,17.211081
2296800,13.858786
2297700,18.093092
2298600,22.575746
2299500,22.50279
2300400,23.12436
2301300,38.488926
2302200,55.999798
2303100,68.815874
2304000,80.465234
2304900,73.035622
2305800,73.039921
2306700,65.81881
2307600,49.420342
2308500,42.761899
2309400,42.767403
2310300,36.285944
2311200,26.607612
2312100,26.520608
2313000,26.526587
2313900,26.357042
2314800,31.762975
2315700,31.685251
2316600,31.690592
2317500,31.53913
2318400,42.585733
2319300,42.537992
2320200,42.541272
2321100,42.448239
2322000,53.22465
2322900,47.599884
2323800,47.601849
2324700,47.546133
2325600,58.431795
2326500,58.42265
2327400,64.019454
2328300,64.001633
2329200,72.289275
2330100,72.284499
2331000,72.284827
2331900,72.275519
2332800,105.303607
2333700,120.305914
2334600,128.223878
2335500,144.903402
2336400,162.968488
2337300,172.345205
2338200,182.034013
2339100,202.345235
2340000,212.887277
2340900,223.851126
2341800,235.152083
2342700,235.143405
2343600,246.793876
2344500,246.789422
2345400,258.769955
2346300,258.761275
2347200,258.766566
2348100,258.762099
2349000,258.762406
2349900,258.7537
2350800,256.455421
2351700,256.446793
2352600,256.447386
2353500,256.430573
2354400,242.096127
2355300,230.081426
2356200,230.083795
2357100,230.016614
2358000,206.562542
2358900,194.847712
2359800,194.852994
2360700,194.703195
2361600,179.238274
2362500,179.153509
2363400,179.159334
2364300,178.994152
2365200,169.331012
2366100,180.21646
2367000,180.222153
2367900,191.361344
2368800,216.969598
2369700,216.911461
2370600,216.915455
2371500,216.802162
2372400,225.051075
2373300,225.007484
2374200,213.37252
2375100,213.287573
2376000,206.761813
2376900,195.758288
2377800,195.760708
2378700,185.051154
2379600,174.11704
2380500,164.079504
2381400,154.393497
2382300,144.941374
2383200,145.804594
2384100,127.9103
2385000,119.424619
2385900,111.155733
2386800,91.775423
2387700,84.36617
2388600,77.26989
2389500,70.351354
2390400,54.710217
2391300,54.651473
2392200,48.330155
2393100,48.21568
2394000,39.238268
2394900,33.085726
2395800,27.25662
2396700,21.513888
2397600,18.133109
2398500,12.688393
2399400,12.694005
2400300,12.534829
2401200,12.475305
2402100,12.402334
2403000,7.495712
2403900,7.353513
2404800,18.508657
2405700,13.983754
2406600,9.71509
2407500,5.55938
2408400,11.806808
2409300,11.779966
2410200,8.105316
2411100,4.56501
2412000,11.480494
2412900,11.471908
2413800,8.34661
2414700,8.329879
2415600,7.680938
2416500,7.676454
2417400,7.676762
2418300,7.668023
2419200,1.692796
2420100,1.687259
2421000,-0.773553
2421900,-0.784342
2422800,-2.843904
2423700,-2.849023
2424600,-2.848672
2425500,-2.858647
2426400,-2.977647
2427300,-2.983007
2428200,-2.982638
2429100,-2.993083
2430000,-2.978026
2430900,-2.983386
2431800,-2.983018
2432700,-2.993464
2433600,-2.987096
2434500,-2.992473
2435400,-2.992103
2436300,-3.002581
2437200,-5.768647
2438100,-5.779031
2439000,-5.778317
2439900,-5.798552
2440800,-23.050599
2441700,-23.09209
2442600,-23.089239
2443500,-23.170094
2444400,-51.397955
2445300,-51.490472
2446200,-51.484115
2447100,-51.664403
2448000,-56.67626
2448900,-56.778277
2449800,-56.771267
2450700,-54.662651
2451600,-50.630645
2452500,-48.110439
2453400,-45.319967
2454300,-42.562017
2455200,-22.622352
2456100,-19.38786
2457000,-15.895055
2457900,-12.354914
2458800,1.442915
2459700,1.390452
2460600,1.394057
2461500,1.291821
2462400,11.106949
2463300,6.996191
2464200,6.999104
2465100,6.916496
2466000,6.175567
2466900,-1.414822
2467800,-4.8998
2468700,-8.289899
2469600,-13.329142
2470500,-21.236182
2471400,-23.540695
2472300,-23.62313
2473200,-28.22401
2474100,-28.274813
2475000,-28.271323
2475900,-28.370324
2476800,-39.277746
2477700,-39.348446
2478600,-39.343588
2479500,-39.481362
2480400,-47.978598
2481300,-45.60792
2482200,-42.981776
2483100,-40.374543
2484000,-41.491164
2484900,-41.589473
2485800,-41.582718
2486700,-38.648404
2487600,-32.54005
2488500,-32.627873
2489400,-32.621839
2490300,-32.79298
2491200,-13.718684
2492100,-10.468165
2493000,-10.464459
2493900,-10.569581
2494800,1.607066
2495700,5.062758
2496600,8.741472
2497500,8.678517
2498400,24.848559
2499300,28.906592
2500200,28.907302
2501100,33.15891
2502000,35.931057
2502900,35.92566
2503800,35.926031
2504700,35.915514
2505600,45.016907
2506500,49.922989
2507400,49.923371
2508300,49.912547
2509200,55.296071
2510100,55.290935
2511000,55.291288
2511900,55.28128
2512800,55.161891
2513700,55.156514
2514600,55.156883
2515500,60.509438
2516400,60.524545
2517300,55.156133
2518200,55.156502
2519100,55.146022
2520000,50.017555
2520900,50.01216
2521800,45.100894
2522700,40.397003
2523600,37.621881
2524500,28.859639
2525400,24.791989
2526300,20.901738
2527200,-0.0832830000000016
2528100,-6.917371
2529000,-10.040399
2529900,-13.073791
2530800,-46.797609
2531700,-49.351622
2532600,-51.652663
2533500,-51.833541
2534400,-56.861805
2535300,-56.964157
2536200,-56.957124
2537100,-57.156577
2538000,-55.580622
2538900,-55.680667
2539800,-55.673793
2540700,-55.868753
2541600,-38.999931
2542500,-39.070131
2543400,-36.757888
2544300,-29.02995
2545200,-6.198947
2546100,5.363228
2547000,18.812048
2547900,34.119004
2548800,57.392363
2549700,63.675188
2550600,70.256447
2551500,77.009847
2552400,76.266492
2553300,76.222403
2554200,69.389155
2555100,62.724902
2556000,63.767221
2556900,51.322091
2557800,45.490733
2558700,39.811853
2559600,29.832877
2560500,29.781907
2561400,24.650553
2562300,24.551228
2563200,13.608097
2564100,8.625529
2565000,8.630403
2565900,3.798798
2566800,-7.041228
2567700,-15.883865
2568600,-19.945991
2569500,-27.6694
2570400,-35.239613
2571300,-38.642706
2572200,-44.71409
2573100,-47.689912
2574000,-44.181485
2574900,-49.038208
2575800,-49.032153
2576700,-49.203855
2577600,-30.067114
2578500,-30.121235
2579400,-30.117516
2580300,-30.222982
2581200,-18.006472
2582100,-18.038884
2583000,-18.036657
2583900,-18.099818
2584800,-5.759457
2585700,-5.769824
2586600,-5.769112
2587500,-5.789314
2588400,-3.008092
2589300,-3.013506
2590200,-3.013134
2591100,-3.023686
2592000,-3.008325
2592900,-3.01374
2593800,-3.013368
2594700,-3.02392
2595600,-2.781502
2596500,-2.786508
2597400,-2.786164
2598300,-2.795921
2599200,-2.91231
2600100,-2.917552
2601000,-2.917191
2601900,-2.927407
2602800,-2.91268
2603700,-2.917923
2604600,-2.917563
2605500,-2.927779
2606400,-2.921551
2607300,-2.92681
2608200,-2.926449
2609100,-2.936697
2610000,-5.642068
2610900,-5.652224
2611800,-5.651526
2612700,-5.671316
2613600,-22.544808
2614500,-22.585389
2615400,-22.582601
2616300,-22.661681
2617200,-50.270149
2618100,-50.360636
2619000,-50.354418
2619900,-50.53075
2620800,-55.432633
2621700,-55.532412
2622600,-55.525556
2623500,-55.719997
2624400,-54.183652
2625300,-54.281182
2626200,-54.274481
2627100,-54.46454
2628000,-38.019702
2628900,-38.088137
2629800,-38.083435
2630700,-38.216796
2631600,-28.506761
2632500,-28.558073
2633400,-28.554547
2634300,-28.65454
2635200,-23.033877
2636100,-23.075338
2637000,-23.07249
2637900,-23.153285
2638800,-23.877956
2639700,-23.920937
2640600,-23.917984
2641500,-24.00174
2642400,-22.985618
2643300,-23.026993
2644200,-23.02415
2645100,-23.104776
2646000,-27.604701
2646900,-27.65439
2647800,-27.650975
2648700,-27.747804
2649600,-38.415889
2650500,-38.485038
2651400,-38.480286
2652300,-38.615037
2653200,-49.182609
2654100,-49.271138
2655000,-49.265055
2655900,-49.437573
2656800,-51.109766
2657700,-43.341179
2658600,-37.256411
2659500,-26.974827
2660400,-13.06219
2661300,-4.396261
2662200,5.214657
2663100,15.545161
2664000,45.631366
2664900,51.655939
2665800,57.984919
2666700,64.460441
2667600,83.206178
2668500,83.174581
2669400,83.176752
2670300,90.214358
2671200,102.244555
2672100,102.234448
2673000,102.235143
2673900,102.215448
2674800,104.926767
2675700,104.921488
2676600,104.921851
2677500,104.911565
2678400,71.819111
2679300,60.383039
2680200,49.885536
2681100,44.962942
2682000,36.041194
2682900,31.764251
2683800,27.696243
2684700,23.816162
2685600,20.018817
2686500,16.525376
2687400,16.52575
2688300,13.21068
2689200,13.225972
2690100,10.09464
2691000,7.142741
2691900,4.348512
2692800,4.354979
2693700,-0.731599
2694600,-3.038643
2695500,-3.049284
2696400,-5.858374
2697300,-5.868919
2698200,-5.868194
2699100,-5.888743
2700000,-23.409131
2700900,-23.451268
2701800,-23.448373
2702700,-23.530485
2703600,-52.197406
2704500,-52.291362
2705400,-52.284906
2706300,-50.160579
2707200,-52.789198
2708100,-52.892803
2709000,-52.885684
2709900,-50.467653
2710800,-48.872408
2711700,-51.593603
2712600,-51.586644
2713500,-54.245183
2714400,-37.169882
2715300,-39.548361
2716200,-39.543478
2717100,-39.681952
2718000,-29.599653
2718900,-29.652933
2719800,-29.649272
2720700,-29.753098
2721600,-23.91695
2722500,-23.960001
2723400,-23.957043
2724300,-24.040936
2725200,-24.79339
2726100,-24.838018
2727000,-24.834951
2727900,-24.921919
2728800,-23.866841
2729700,-23.909802
2730600,-23.90685
2731500,-23.990567
2732400,-28.66301
2733300,-28.714604
2734200,-28.711059
2735100,-28.8116
2736000,-39.888677
2736900,-39.960477
2737800,-39.955544
2738700,-40.095461
2739600,-51.068173
2740500,-51.160096
2741400,-51.153779
2742300,-51.332911
2743200,-55.465093
2744100,-55.564931
2745000,-55.55807
2745900,-55.752625
2746800,-49.549261
2747700,-49.63845
2748600,-49.632321
2749500,-49.806125
2750400,-30.435144
2751300,-30.489927
2752200,-30.486163
2753100,-30.59292
2754000,-18.226876
2754900,-18.259685
2755800,-18.25743
2756700,-18.321365
2757600,-5.829955
2758500,-5.840449
2759400,-5.839728
2760300,-5.860177
2761200,-3.044912
2762100,-3.050393
2763000,-3.050016
2763900,-3.060697
2764800,-2.809273
2765700,-2.81433
2766600,-2.813982
2767500,-2.823836
2768400,-2.597458
2769300,-2.602133
2770200,-2.601812
2771100,-2.610923
2772000,-2.719611
2772900,-2.724506
2773800,-2.724169
2774700,-2.733709
2775600,-2.719957
2776500,-2.724853
2777400,-2.724516
2778300,-2.734057
2779200,-2.728241
2780100,-2.733152
2781000,-2.732814
2781900,-2.742384
2782800,-5.268749
2783700,-5.278233
2784600,-5.277581
2785500,-5.296062
2786400,-21.053085
2787300,-21.09098
2788200,-21.088376
2789100,-21.162224
2790000,-46.943921
2790900,-47.02842
2791800,-47.022614
2792700,-47.187279
2793600,-51.764819
2794500,-51.857996
2795400,-51.851593
2796300,-52.033168
2797200,-50.598479
2798100,-50.689556
2799000,-50.683298
2799900,-50.860782
2800800,-35.50405
2801700,-35.567957
2802600,-35.563566
2803500,-35.688103
2804400,-26.620552
2805300,-26.668469
2806200,-26.665177
2807100,-26.758554
2808000,-21.509793
2808900,-21.548511
2809800,-21.545851
2810700,-21.6213
2811600,-22.298022
2812500,-22.338159
2813400,-22.335401
2814300,-22.413615
2815200,-21.464728
2816100,-21.503364
2817000,-21.500709
2817900,-21.576001
2818800,-25.778179
2819700,-25.82458
2820600,-25.821392
2821500,-25.911813
2822400,-35.874022
2823300,-35.938596
2824200,-35.934159
2825100,-36.059994
2826000,-45.928341
2826900,-46.011012
2827800,-46.005331
2828700,-46.166434
2829600,-49.882726
2830500,-49.972516
2831400,-49.966346
2832300,-50.141319
2833200,-44.562302
2834100,-44.642514
2835000,-44.637003
2835900,-44.793313
2836800,-27.371954
2837700,-27.421223
2838600,-27.417838
2839500,-25.206431
2840400,-11.623793
2841300,-9.033375
2842200,-6.247727
2843100,-0.227066000000001
2844000,14.311591
2844900,17.790151
2845800,21.467293
2846700,25.318852
2847600,31.919137
2848500,31.914208
2849400,31.914546
2850300,31.904941
2851200,36.449794
2852100,45.618791
2853000,50.530735
2853900,55.656893
2854800,61.219735
2855700,61.215608
2856600,61.215892
2857500,61.20785
2858400,61.11192
2859300,55.744565
2860200,50.610006
2861100,45.689949
2862000,41.008708
2862900,36.524306
2863800,32.252859
2864700,32.244438
2865600,28.181205
2866500,28.176871
2867400,24.307219
2868300,24.298772
2869200,18.392442
2870100,18.384071
2871000,18.384646
2871900,14.880336
2872800,0.972770999999998
2873700,0.939322999999998
2874600,4.429619
2875500,4.36444
2876400,-18.391169
2877300,-14.789256
2878200,-10.914181
2879100,-6.991153
2880000,-6.759667
2880900,-2.361826
2881800,2.337204
2882700,2.176941
2883600,8.354873
2884500,13.409341
2885400,18.777899
2886300,18.621247
2887200,37.77168
2888100,37.715274
2889000,32.122975
2889900,32.013055
2890800,40.016316
2891700,39.974023
2892600,34.613895
2893500,34.531478
2894400,34.029317
2895300,29.083506
2896200,24.392476
2897100,19.845801
2898000,14.976764
2898900,7.003022
2899800,-0.159035000000003
2900700,-6.658421
2901600,-11.5568
2902500,-18.979439
2903400,-18.977096
2904300,-19.04355
2905200,-22.752503
2906100,-22.793458
2907000,-22.790644
2907900,-22.870453
2908800,-31.663362
2909700,-31.720356
2910600,-31.71644
2911500,-31.827505
2912400,-40.53757
2913300,-40.610538
2914200,-40.605524
2915100,-40.747717
2916000,-44.027815
2916900,-44.107066
2917800,-44.10162
2918700,-44.256056
2919600,-39.331868
2920500,-39.402665
2921400,-39.397801
2922300,-39.535765
2923200,-24.159211
2924100,-24.202698
2925000,-24.19971
2925900,-24.284453
2926800,-14.468371
2927700,-14.494414
2928600,-14.492625
2929500,-14.543375
2930400,-4.627779
2931300,-4.636109
2932200,-4.635536
2933100,-4.651769
2934000,-2.41703
2934900,-2.421381
2935800,-2.421082
2936700,-2.42956
2937600,-2.327902
2938500,-2.332092
2939400,-2.331804
2940300,-2.33997
2941200,-2.152382
2942100,-2.156256
2943000,-2.15599
2943900,-2.16354
2944800,-2.253603
2945700,-2.25766
2946600,-2.257381
2947500,-2.265286
2948400,-2.25389
2949300,-2.257947
2950200,-2.257668
2951100,-2.265574
2952000,-2.260755
2952900,-2.264824
2953800,-2.264545
2954700,-2.272475
2955600,-4.365945
2956500,-4.373804
2957400,-4.373264
2958300,-4.388578
2959200,-17.445623
2960100,-17.477026
2961000,-17.474868
2961900,-17.536062
2962800,-38.900046
2963700,-38.970066
2964600,-38.965255
2965500,-36.794285
2966400,-35.506343
2967300,-32.799934
2968200,-29.842355
2969100,-26.866929
2970000,-22.373612
2970900,-22.449083
2971800,-22.443897
2972700,-19.102971
2973600,-6.377626
2974500,-2.754089
2975400,1.1195
2976300,1.016302
2977200,12.598488
2978100,12.558781
2979000,8.493144
2979900,8.415767
2980800,12.765148
2981700,8.863115
2982600,5.188825
2983500,1.638306
2984400,-2.226922
2985300,-8.338342
2986200,-16.200795
2987100,-18.573026
2988000,-17.786731
2988900,-17.818747
2989800,-17.816547
2990700,-17.878938
2991600,-21.361069
2992500,-21.399519
2993400,-21.396877
2994300,-21.471805
2995200,-29.726983
2996100,-29.780491
2997000,-29.776815
2997900,-29.881088
2998800,-38.058486
2999700,-38.126992
3000600,-38.122285
3001500,-38.255782
3002400,-41.335285
3003300,-41.409689
3004200,-41.404576
3005100,-41.549568
3006000,-36.926519
3006900,-36.992987
3007800,-36.98842
3008700,-37.117947
3009600,-22.68175
3010500,-22.722577
3011400,-22.719772
3012300,-22.799332
3013200,-13.583555
3014100,-13.608005
3015000,-13.606325
3015900,-13.653972
3016800,-4.344766
3017700,-4.352586
3018600,-4.352049
3019500,-4.367289
3020400,-2.269216
3021300,-2.273301
3022200,-2.27302
3023100,-2.28098
3024000,-3.125963
3024900,-3.13159
3025800,-3.131203
3026700,-3.142168
3027600,-2.89027
3028500,-2.895473
3029400,-2.895115
3030300,-2.905253
3031200,-3.026193
3032100,-3.03164
3033000,-3.031266
3033900,-3.041881
3034800,-3.026578
3035700,-3.032026
3036600,-3.031652
3037500,-3.042268
3038400,-3.035796
3039300,-3.041261
3040200,-3.040885
3041100,-3.051534
3042000,-5.862697
3042900,-5.873249
3043800,-5.872524
3044700,-5.893089
3045600,-23.426405
3046500,-23.468573
3047400,-23.465676
3048300,-23.547848
3049200,-52.235923
3050100,-52.329948
3051000,-52.323488
3051900,-52.506715
3052800,-57.600283
3053700,-57.703964
3054600,-57.696839
3055500,-57.898883
3056400,-56.30246
3057300,-56.403805
3058200,-56.396841
3059100,-56.594333
3060000,-39.506432
3060900,-39.577544
3061800,-39.572658
3062700,-39.711234
3063600,-29.621495
3064500,-29.674814
3065400,-29.67115
3066300,-29.775053
3067200,-23.934599
3068100,-23.977681
3069000,-23.974721
3069900,-24.058676
3070800,-24.811685
3071700,-24.856346
3072600,-24.853277
3073500,-24.940309
3074400,-23.884453
3075300,-23.927445
3076200,-23.924491
3077100,-24.00827
3078000,-28.684161
3078900,-28.735793
3079800,-28.732245
3080700,-28.83286
3081600,-39.918112
3082500,-39.989965
3083400,-39.985027
3084300,-40.125048
3085200,-51.105857
3086100,-51.197847
3087000,-51.191526
3087900,-51.37079
3088800,-55.506021
3089700,-55.605932
3090600,-55.599067
3091500,-55.793765
3092400,-49.585824
3093300,-49.675078
3094200,-49.668945
3095100,-49.842877
3096000,-30.457602
3096900,-30.512426
3097800,-30.508659
3098700,-30.615495
3099600,-18.240326
3100500,-18.273159
3101400,-18.270903
3102300,-18.334884
3103200,-5.834257
3104100,-5.844758
3105000,-5.844037
3105900,-5.864502
3106800,-3.047159
3107700,-3.052644
3108600,-3.052267
3109500,-3.062955
3110400,-3.136197
3111300,-3.141842
3112200,-3.141454
3113100,-3.152455
3114000,-2.899732
3114900,-2.904952
3115800,-2.904593
3116700,-2.914764
3117600,-3.0361
3118500,-3.041565
3119400,-3.04119
3120300,-3.051839
3121200,-3.036486
3122100,-3.041952
3123000,-3.041577
3123900,-3.052228
3124800,-3.045735
3125700,-3.051217
3126600,-3.05084
3127500,-3.061524
3128400,-5.88189
3129300,-5.892477
3130200,-5.89175
3131100,-5.912382
3132000,-23.503098
3132900,-23.545404
3133800,-23.542497
3134700,-23.624939
3135600,-52.406932
3136500,-50.193846
3137400,-47.726171
3138300,-45.290074
3139200,-47.616696
3140100,-50.504337
3141000,-50.497189
3141900,-50.699894
3142800,-49.098245
3143700,-49.199922
3144600,-49.192935
3145500,-49.391073
3146400,-32.24723
3147300,-32.318575
3148200,-29.530053
3149100,-29.669083
3150000,-19.546312
3150900,-19.599806
3151800,-19.59613
3152700,-19.700373
3153600,-13.840798
3154500,-16.667642
3155400,-16.664672
3156300,-19.368827
3157200,-20.124301
3158100,-22.630301
3159000,-24.934642
3159900,-25.021958
3160800,-23.962645
3161700,-24.005778
3162600,-24.002814
3163500,-24.086868
3164400,-28.778067
3165300,-28.829867
3166200,-28.826308
3167100,-28.927252
3168000,-40.048795
3168900,-40.120883
3169800,-40.11593
3170700,-40.256408
3171600,-51.273166
3172500,-51.365458
3173400,-51.359116
3174300,-51.538967
3175200,-55.687736
3176100,-55.787974
3177000,-55.781086
3177900,-55.976422
3178800,-49.748157
3179700,-49.837704
3180600,-49.831551
3181500,-50.006052
3182400,-30.557314
3183300,-30.612317
3184200,-30.608538
3185100,-30.715723
3186000,-18.300041
3186900,-18.332981
3187800,-18.330718
3188700,-18.394909
3189600,-5.853357
3190500,-3.556474
3191400,-3.55575
3192300,-1.115089
3193200,1.711478
3194100,1.705975
3195000,1.706353
3195900,1.695629
3196800,10.067059
3197700,10.061555
3198600,10.061934
3199500,13.177097
3200400,13.423468
3201300,13.41838
3202200,16.723192
3203100,16.713277
3204000,16.594991
3204900,20.077661
3205800,20.078027
3206700,23.744139
3207600,27.629056
3208500,31.692094
3209400,31.69246
3210300,35.95382
3211200,40.440231
3212100,40.434887
3213000,40.435254
3213900,45.118218
3214800,42.368739
3215700,37.665039
3216600,37.665748
3217500,37.645635
3218400,20.497046
3219300,15.975722
3220200,11.706812
3221100,11.626443
3222000,-20.500507
3222900,-16.524103
3223800,-16.517784
3224700,-16.696991
3225600,-17.407048
3226500,-21.780198
3227400,-21.77323
3228300,-21.97084
3229200,-24.477813
3230100,-20.508568
3231000,-20.501757
3231900,-20.694915
3232800,0.289775999999996
3233700,0.220224999999999
3234600,0.225003999999998
3235500,0.0894679999999966
3236400,14.437892
3237300,14.385743
3238200,14.389327
3239100,18.981083
3240000,24.693382
3240900,24.651245
3241800,24.654141
3242700,24.572028
3243600,19.142163
3244500,19.098481
3245400,14.621402
3246300,14.53628
3247200,11.297224
3248100,11.255175
3249000,7.189698
3249900,3.237807
3250800,-1.335482
3251700,-5.062475
3252600,-5.059005
3253500,-5.157412
3254400,-19.487422
3255300,-16.069701
3256200,-12.388378
3257100,-8.655376
3258000,-15.326871
3258900,-11.145099
3259800,-11.138917
3260700,-6.834166
3261600,-10.878659
3262500,-10.976378
3263400,-10.969663
3264300,-11.160089
3265200,-0.394987
3266100,-5.175662
3267000,-9.649745
3267900,-9.81986
3268800,4.868307
3269700,4.814686
3270600,0.750004000000001
3271500,0.645513000000001
3272400,8.879188
3273300,8.847075
3274200,8.849282
3275100,8.786704
3276000,17.336541
3276900,17.32627
3277800,17.326976
3278700,20.983454
3279600,23.738977
3280500,23.733612
3281400,23.733981
3282300,23.723527
3283200,23.544688
3284100,23.538974
3285000,23.539367
3285900,23.528231
3286800,23.784047
3287700,23.778764
3288600,23.779127
3289500,23.768831
3290400,19.969516
3291300,19.963984
3292200,16.476366
3293100,16.465586
3294000,13.176664
3294900,16.475594
3295800,16.475975
3296700,16.465193
3297600,19.959764
3298500,19.954214
3299400,19.954595
3300300,23.620275
3301200,20.765387
3302100,24.62462
3303000,28.693723
3303900,28.672838
3304800,15.13855
3305700,19.575808
3306600,19.57875
3307500,24.188678
3308400,-0.0339780000000047
3309300,-0.129466000000001
3310200,-0.122905000000003
3311100,-0.308982
3312000,-5.48177500000001
3312900,-0.452213
3313800,-0.444978000000006
3314700,-0.650164000000004
3315600,6.33412300000001
3316500,11.827377
3317400,17.668723
3318300,17.46816
3319200,40.899182
3320100,47.152319
3321000,47.157282
3321900,47.01655
3322800,57.263226
3323700,57.209078
3324600,57.212798
3325500,63.685616
3326400,69.616914
3327300,69.573161
3328200,69.576168
3329100,76.327185
3330000,75.562463
3330900,75.517108
3331800,82.619404
3332700,89.898061
3333600,90.97034
3334500,90.926679
3335400,90.929679
3336300,90.844597
3337200,86.095977
3338100,86.043542
3339000,86.047145
3339900,85.944965
3340800,74.687291
3341700,82.254186
3342600,90.176848
3343500,98.235042
3344400,87.083436
3345300,95.47811
3346200,95.484529
3347100,95.302478
3348000,99.883686
3348900,99.782221
3349800,99.789193
3350700,99.591467
3351600,105.895968
3352500,105.805325
3353400,114.889939
3354300,114.713302
3355200,134.400098
3356100,134.344421
3357000,143.729217
3357900,143.620719
3358800,165.876889
3359700,165.843546
3360600,175.84686
3361500,175.781883
3362400,198.795435
3363300,198.78477
3364200,198.785503
3365100,209.405636
3366000,212.2668
3366900,212.26123
3367800,212.261613
3368700,212.250758
3369600,246.413195
3370500,246.408056
3371400,246.408409
3372300,246.398394
3373200,246.628463
3374100,246.623712
3375000,246.624038
3375900,246.614779
3376800,246.504319
3377700,234.861384
3378600,234.861726
3379500,223.55138
3380400,223.565357
3381300,223.560381
3382200,223.560723
3383100,223.551026
3384000,223.556937
3384900,223.551946
3385800,212.583986
3386700,212.57426
3387600,210.006707
3388500,220.965372
3389400,220.966034
3390300,232.247902
3391200,216.233985
3392100,227.833431
3393000,227.836078
3393900,227.761026
3394800,201.558996
3395700,201.473119
3396600,213.459247
3397500,213.291898
3398400,208.639728
3399300,208.545032
3400200,220.878996
3401100,220.69446
3402000,234.832187
3402900,234.739624
3403800,234.745985
3404700,234.565607
3405600,250.172708
3406500,250.107758
3407400,250.112221
3408300,237.306008
3409200,246.521392
3410100,246.472693
3411000,246.47604
3411900,246.381141
3412800,251.715474
3413700,251.676125
3414600,239.351372
3415500,227.294465
3416400,226.60671
3417300,214.927959
3418200,203.630111
3419100,192.582319
3420000,182.905761
3420900,172.548006
3421800,162.549681
3422700,143.403676
3423600,130.054602
3424500,112.738588
3425400,104.541437
3426300,88.892028
3427200,71.400358
3428100,57.399273
3429000,50.825446
3429900,44.372204
3430800,28.265634
3431700,16.751166
3432600,11.393905
3433500,6.09531999999999
3434400,-7.286577
3435300,-7.37783
3436200,-11.851641
3437100,-16.30121
3438000,-10.631236
3438900,-10.712756
3439800,-10.707154
3440700,-10.866013
3441600,6.839376
3442500,6.789303
3443400,6.792744
3444300,10.96691
3445200,22.269674
3446100,17.967942
3447000,17.970003
3447900,17.911566
3448800,25.26055
3449700,25.250959
3450600,25.251618
3451500,29.301292
3452400,31.87449
3453300,31.869481
3454200,31.869825
3455100,31.860063
3456000,45.582829
3456900,50.48993
3457800,55.625098
3458700,60.979293
3459600,66.778533
3460500,78.685947
3461400,85.01159
3462300,98.418032
3463200,112.78676
3464100,128.339882
3465000,145.028671
3465900,162.87926
3466800,181.961082
3467700,191.957714
3468600,212.917419
3469500,223.877164
3470400,246.820992
3471300,246.816587
3472200,246.81689
3473100,246.808306
3474000,256.522342
3474900,256.513835
3475800,268.841876
3476700,281.504944
3477600,280.407433
3478500,280.37344
3479400,280.375775
3480300,293.708439
3481200,270.581834
3482100,284.272013
3483000,312.93023
3483900,327.679474
3484800,338.857209
3485700,354.449365
3486600,370.527677
3487500,370.364801
3488400,388.126105
3489300,388.044406
3490200,388.05002
3491100,387.890814
3492000,401.666055
3492900,401.608729
3493800,401.612668
3494700,401.500956
3495600,426.515816
3496500,393.117352
3497400,361.372
3498300,331.107424
3499200,307.16264
3500100,279.963027
3501000,241.921514
3501900,218.235648
3502800,184.718747
3503700,174.364256
3504600,164.365707
3505500,154.607031
3506400,146.077229
3507300,155.423541
3508200,165.114439
3509100,175.047924
3510000,181.596989
3510900,214.465237
3511800,238.086284
3512700,276.049073
3513600,308.415699
3514500,308.357776
3515400,322.876756
3516300,337.660831
3517200,328.808762
3518100,328.734604
3519000,313.842749
3519900,313.698237
3520800,310.364662
3521700,310.28412
3522600,310.289654
3523500,310.1327
3524400,315.13717
3525300,315.065218
3526200,315.070162
3527100,314.929949
3528000,330.557194
3528900,330.512999
3529800,316.001035
3530700,315.914911
3531600,325.89103
3532500,311.726554
3533400,297.962395
3534300,284.511911
3535200,281.552371
3536100,281.543905
3537000,268.864841
3537900,256.520887
3538800,246.811833
3539700,246.807411
3540600,246.807715
3541500,246.799098
3542400,202.354584
3543300,192.031837
3544200,172.342591
3545100,162.953322
3546000,154.065583
3546900,145.280886
3547800,136.79306
3548700,128.584995
3549600,120.575815
3550500,112.931827
3551400,105.565069
3552300,98.457855
3553200,91.633159
3554100,85.050698
3555000,78.725627
3555900,72.640258
3556800,66.810882
3557700,61.210571
3558600,55.847821
3559500,50.704906
3560400,43.665668
3561300,38.964302
3562200,34.48477
3563100,30.197462
3564000,16.92754
3564900,16.895626
3565800,12.829453
3566700,12.767262
3567600,-8.945031
3568500,-4.947827
3569400,-0.671193000000002
3570300,-0.809866999999997
3571200,-0.184804
3572100,4.43010599999999
3573000,4.435498
3573900,4.282583
3574800,10.402457
3575700,10.325755
3576600,15.465881
3577500,20.679446
3578400,33.612258
3579300,39.154613
3580200,39.158311
3581100,39.053431
3582000,52.524026
3582900,52.483673
3583800,52.486445
3584700,52.407807
3585600,56.828099
3586500,56.795493
3587400,56.797733
3588300,56.734192
3589200,56.164285
3590100,50.296209
3591000,44.702357
3591900,39.273454
3592800,34.937713
3593700,20.820077
3594600,8.612253
3595500,-1.920109
3596400,-14.320793
3597300,-19.440988
3598200,-21.745722
3599100,-21.821872
3600000,-30.211637
3600900,-30.266018
3601800,-30.262282
3602700,-30.368255
3603600,-38.678974
3604500,-38.748596
3605400,-38.743812
3606300,-38.879486
3607200,-42.009196
3608100,-42.084813
3609000,-42.079617
3609900,-42.226972
3610800,-37.528552
3611700,-37.596103
3612600,-37.591462
3613500,-37.7231
3614400,-23.051542
3615300,-23.093035
3616200,-23.090184
3617100,-23.171042
3618000,-13.805015
3618900,-13.829864
3619800,-13.828156
3620700,-13.87658
3621600,-4.415601
3622500,-4.423549
3623400,-4.423003
3624300,-4.438491
3625200,-2.306213
3626100,-2.310364
3627000,-2.310079
3627900,-2.318168
3628800,-3.127636
3629700,-3.133265
3630600,-3.132879
3631500,-3.143849
3632400,-2.891817
3633300,-2.897022
3634200,-2.896664
3635100,-2.906808
3636000,-3.027812
3636900,-3.033262
3637800,-3.032888
3638700,-3.043508
3639600,-3.028197
3640500,-3.033648
3641400,-3.033274
3642300,-3.043896
3643200,-3.03742
3644100,-3.042888
3645000,-3.042512
3645900,-3.053167
3646800,-5.865833
3647700,-5.876392
3648600,-5.875666
3649500,-5.896242
3650400,-23.438939
3651300,-23.48113
3652200,-23.478231
3653100,-23.560447
3654000,-52.263872
3654900,-52.357947
3655800,-52.351483
3656700,-52.534808
3657600,-57.631101
3658500,-57.734837
3659400,-57.727709
3660300,-57.929861
3661200,-56.332584
3662100,-56.433983
3663000,-56.427016
3663900,-56.624613
3664800,-39.52757
3665700,-39.598719
3666600,-39.59383
3667500,-39.732481
3668400,-29.637344
3669300,-29.690691
3670200,-29.687026
3671100,-29.790984
3672000,-23.947405
3672900,-23.99051
3673800,-23.987548
3674700,-24.071548
3675600,-24.82496
3676500,-24.869645
3677400,-24.866575
3678300,-24.953653
3679200,-23.897232
3680100,-23.940247
3681000,-23.937291
3681900,-24.021116
3682800,-28.699508
3683700,-28.751167
3684600,-28.747618
3685500,-28.848287
3686400,-39.939469
3687300,-40.011361
3688200,-40.006421
3689100,-40.146516
3690000,-51.1332
3690900,-51.22524
3691800,-51.218916
3692700,-51.398275
3693600,-55.535719
3694500,-55.635684
3695400,-55.628815
3696300,-55.823617
3697200,-49.612354
3698100,-49.701656
3699000,-49.69552
3699900,-49.869545
3700800,-30.473898
3701700,-30.528752
3702600,-30.524982
3703500,-30.631875
3704400,-18.250085
3705300,-18.282936
3706200,-18.280678
3707100,-18.344694
3708000,-5.837378
3708900,-5.847886
3709800,-5.847164
3710700,-5.867639
3711600,-3.048789
3712500,-3.054277
3713400,-3.0539
3714300,-3.064594
3715200,-3.137875
3716100,-3.143523
3717000,-3.143135
3717900,-3.154142
3718800,-2.901284
3719700,-2.906506
3720600,-2.906147
3721500,-2.916324
3722400,-3.037725
3723300,-3.043193
3724200,-3.042817
3725100,-3.053472
3726000,-3.038111
3726900,-3.04358
3727800,-3.043204
3728700,-3.053861
3729600,-3.047364
3730500,-3.05285
3731400,-3.052473
3732300,-3.063162
3733200,-5.885037
3734100,-5.89563
3735000,-5.894902
3735900,-5.915545
3736800,-23.515673
3737700,-23.558002
3738600,-23.555093
3739500,-23.637579
3740400,-52.434972
3741300,-52.529355
3742200,-52.52287
3743100,-52.706796
3744000,-57.819773
3744900,-57.923848
3745800,-57.916697
3746700,-58.119511
3747600,-56.517005
3748500,-56.618736
3749400,-56.611745
3750300,-56.80999
3751200,-39.656974
3752100,-39.728357
3753000,-39.723452
3753900,-39.862556
3754800,-29.73437
3755700,-29.787892
3756600,-29.784214
3757500,-29.888513
3758400,-24.025803
3759300,-24.06905
3760200,-24.066078
3761100,-24.150353
3762000,-24.906232
3762900,-24.951063
3763800,-24.947983
3764700,-25.035346
3765600,-23.975466
3766500,-24.018622
3767400,-24.015657
3768300,-24.099755
3769200,-28.793464
3770100,-28.845292
3771000,-28.841731
3771900,-28.94273
3772800,-40.070222
3773700,-40.142349
3774600,-40.137393
3775500,-40.277947
3776400,-51.300599
3777300,-51.39294
3778200,-51.386595
3779100,-51.566542
3780000,-55.717531
3780900,-55.817823
3781800,-55.810931
3782700,-56.006371
3783600,-49.774774
3784500,-49.864369
3785400,-49.858212
3786300,-50.032807
3787200,-30.573663
3788100,-30.628696
3789000,-30.624914
3789900,-30.732157
3790800,-18.309832
3791700,-18.34279
3792600,-18.340525
3793500,-18.40475
3794400,-5.856489
3795300,-5.86703
3796200,-5.866306
3797100,-5.886849
3798000,-3.05877
3798900,-3.064276
3799800,-3.063898
3800700,-3.074627
3801600,-3.059007
3802500,-3.064513
3803400,-3.064135
3804300,-3.074865
3805200,-2.828362
3806100,-2.833454
3807000,-2.833104
3807900,-2.843025
3808800,-2.961374
3809700,-2.966705
3810600,-2.966338
3811500,-2.976726
3812400,-2.961751
3813300,-2.967082
3814200,-2.966716
3815100,-2.977105
3816000,-2.970771
3816900,-2.976119
3817800,-2.975751
3818700,-2.986172
3819600,-5.737121
3820500,-5.747448
3821400,-5.746739
3822300,-5.766863
3823200,-22.924627
3824100,-22.965892
3825000,-22.963056
3825900,-23.043469
3826800,-51.117065
3827700,-51.209076
3828600,-51.202753
3829500,-51.382056
3830400,-56.366523
3831300,-56.467983
3832200,-56.461011
3833100,-56.658728
3834000,-55.096499
3834900,-55.195673
3835800,-55.188859
3836700,-55.38212
3837600,-38.660231
3838500,-38.729819
3839400,-38.725038
3840300,-38.860646
3841200,-28.987023
3842100,-29.039199
3843000,-29.035614
3843900,-29.137292
3844800,-23.421936
3845700,-23.464095
3846600,-23.461198
3847500,-23.543355
3848400,-24.280235
3849300,-24.32394
3850200,-24.320937
3851100,-24.406104
3852000,-23.372864
3852900,-23.414935
3853800,-23.412044
3854700,-23.494029
3855600,-28.069765
3856500,-28.120291
3857400,-28.116819
3858300,-28.215279
3859200,-39.063092
3860100,-39.133406
3861000,-39.128575
3861900,-39.265596
3862800,-50.011203
3863700,-50.101224
3864600,-50.095038
3865500,-50.270462
3866400,-54.317119
3867300,-54.41489
3868200,-54.408172
3869100,-54.5987
3870000,-48.523728
3870900,-48.611071
3871800,-48.60507
3872700,-48.775276
3873600,-29.805221
3874500,-29.85887
3875400,-29.855184
3876300,-29.959731
3877200,-17.84963
3878100,-17.88176
3879000,-17.879552
3879900,-17.942163
3880800,-5.709291
3881700,-5.719568
3882600,-5.718861
3883500,-5.738888
3884400,-2.981891
3885300,-2.987258
3886200,-2.986889
3887100,-2.997349
3888000,-3.176283
3888900,-3.182001
3889800,-3.181608
3890700,-3.192749
3891600,-2.936796
3892500,-2.942082
3893400,-2.941719
3894300,-2.952021
3895200,-3.074907
3896100,-3.080442
3897000,-3.080062
3897900,-3.090848
3898800,-3.075298
3899700,-3.080834
3900600,-3.080454
3901500,-3.091241
3902400,-3.084665
3903300,-3.090217
3904200,-3.089836
3905100,-3.100656
3906000,-5.957071
3906900,-5.967794
3907800,-5.967057
3908700,-5.987953
3909600,-23.803512
3910500,-23.846358
3911400,-23.843414
3912300,-23.92691
3913200,-53.076791
3914100,-53.17233
3915000,-53.165765
3915900,-53.351942
3916800,-58.527503
3917700,-58.632853
3918600,-58.625614
3919500,-58.83091
3920400,-57.208789
3921300,-57.311765
3922200,-57.30469
3923100,-57.50536
3924000,-40.142387
3924900,-40.214643
3925800,-40.209678
3926700,-40.350485
3927600,-30.098327
3928500,-30.152504
3929400,-30.148782
3930300,-30.254357
3931200,-24.319886
3932100,-24.363662
3933000,-24.360654
3933900,-24.445961
3934800,-25.211091
3935700,-25.256471
3936600,-25.253353
3937500,-25.341786
3938400,-24.268933
3939300,-24.312617
3940200,-24.309615
3941100,-24.394743
3942000,-29.145904
3942900,-29.198367
3943800,-29.194762
3944700,-29.296997
3945600,-40.560694
3946500,-40.633703
3947400,-40.628686
3948300,-40.770961
3949200,-51.928533
3950100,-52.022005
3951000,-52.015582
3951900,-52.197731
3952800,-56.399529
3953700,-56.501049
3954600,-56.494073
3955500,-56.691905
3956400,-50.384031
3957300,-50.474723
3958200,-50.468491
3959100,-50.645223
3960000,-30.947894
3960900,-31.0036
3961800,-30.999772
3962700,-31.108328
3963600,-18.53395
3964500,-18.567311
3965400,-18.565019
3966300,-18.63003
3967200,-5.928174
3968100,-5.938844
3969000,-5.938111
3969900,-5.958905
3970800,-3.09621
3971700,-3.101784
3972600,-3.101401
3973500,-3.112261
3974400,-2.856602
3975300,-2.861743
3976200,-2.86139
3977100,-2.87141
3978000,-2.641218
3978900,-2.645972
3979800,-2.645646
3980700,-2.65491
3981600,-2.765429
3982500,-2.770406
3983400,-2.770064
3984300,-2.779765
3985200,-2.76578
3986100,-2.770759
3987000,-2.770417
3987900,-2.780118
3988800,-2.774204
3989700,-2.779198
3990600,-2.778855
3991500,-2.788586
3992400,-5.357513
3993300,-5.367157
3994200,-5.366494
3995100,-5.385286
3996000,-21.407772
3996900,-21.446306
3997800,-21.443658
3998700,-21.51875
3999600,-47.734799
4000500,-47.820722
4001400,-47.814818
4002300,-47.982257
4003200,-52.636916
4004100,-52.731663
4005000,-52.725152
4005900,-52.909786
4006800,-51.450926
4007700,-51.543538
4008600,-51.537174
4009500,-51.717648
4010400,-36.102197
4011300,-36.167181
4012200,-36.162716
4013100,-36.289351
4014000,-27.069036
4014900,-27.117761
4015800,-27.114413
4016700,-27.209363
4017600,-21.872175
4018500,-21.911545
4019400,-21.90884
4020300,-21.985561
4021200,-22.673684
4022100,-22.714496
4023000,-22.711692
4023900,-22.791224
4024800,-21.82635
4025700,-21.865638
4026600,-21.862938
4027500,-21.939498
4028400,-26.212471
4029300,-26.259654
4030200,-26.256412
4031100,-26.348357
4032000,-36.478402
4032900,-36.544064
4033800,-36.539552
4034700,-36.667507
4035600,-46.702109
4036500,-46.786173
4037400,-46.780397
4038300,-46.944213
4039200,-50.723115
4040100,-50.814417
4041000,-50.808143
4041900,-50.986064
4042800,-45.313056
4043700,-45.39462
4044600,-45.389015
4045500,-45.547959
4046400,-27.833097
4047300,-27.883197
4048200,-27.879754
4049100,-27.977384
4050000,-16.668573
4050900,-16.698576
4051800,-16.696515
4052700,-16.754983
4053600,-5.331524
4054500,-5.341121
4055400,-5.340461
4056300,-5.359162
4057200,-2.784588
4058100,-2.7896
4059000,-2.789255
4059900,-2.799023
4060800,-2.521312
4061700,-2.525851
4062600,-2.525539
4063500,-2.534383
4064400,-2.331209
4065300,-2.335405
4066200,-2.335117
4067100,-2.343294
4068000,-2.440841
4068900,-2.445234
4069800,-2.444932
4070700,-2.453494
4071600,-2.441151
4072500,-2.445545
4073400,-2.445243
4074300,-2.453806
4075200,-2.448586
4076100,-2.452994
4077000,-2.452691
4077900,-2.46128
4078800,-4.728683
4079700,-4.737195
4080600,-4.73661
4081500,-4.753196
4082400,-18.895067
4083300,-18.929078
4084200,-18.926741
4085100,-18.993019
4086000,-42.131998
4086900,-39.900416
4087800,-37.434012
4088700,-34.961873
4089600,-36.286579
4090500,-36.370205
4091400,-36.364459
4092300,-36.527421
4093200,-32.28752
4094100,-32.369261
4095000,-29.237757
4095900,-29.397048
4096800,-12.309974
4097700,-12.367331
4098600,-12.36339
4099500,-12.475161
4100400,-4.337067
4101300,-4.380073
4102200,-7.681581
4103100,-7.765386
4104000,-3.054643
4104900,-3.089392
4105800,-6.212892
4106700,-6.280608
4107600,-6.887964
4108500,-12.659879
4109400,-17.738522
4110300,-20.116138
4111200,-19.264515
4112100,-19.299191
4113000,-19.296808
4113900,-19.364382
4114800,-23.135821
4115700,-23.177466
4116600,-23.174605
4117500,-23.255758
4118400,-32.196804
4119300,-32.254758
4120200,-32.250776
4121100,-32.363713
4122000,-41.220518
4122900,-41.294715
4123800,-41.289617
4124700,-41.434206
4125600,-44.769565
4126500,-44.85015
4127400,-44.844613
4128300,-45.001651
4129200,-39.994503
4130100,-40.066493
4131000,-40.061547
4131900,-40.201835
4132800,-24.566228
4133700,-24.610448
4134600,-24.607409
4135500,-24.69358
4136400,-14.712124
4137300,-14.738606
4138200,-14.736786
4139100,-14.788392
4140000,-4.705744
4140900,-4.714214
4141800,-4.713632
4142700,-4.730139
4143600,-2.457751
4144500,-2.462175
4145400,-2.461871
4146300,-2.470492
4147200,-2.367121
4148100,-2.371382
4149000,-2.371089
4149900,-2.379392
4150800,-2.188643
4151700,-2.192583
4152600,-2.192312
4153500,-2.199989
4154400,-2.29157
4155300,-2.295695
4156200,-2.295412
4157100,-2.30345
4158000,-2.291862
4158900,-2.295987
4159800,-2.295704
4160700,-2.303743
4161600,-2.298842
4162500,-2.30298
4163400,-2.302696
4164300,-2.31076
4165200,-4.439499
4166100,-4.44749
4167000,-4.446941
4167900,-4.462514
4168800,-17.739535
4169700,-17.771466
4170600,-17.769272
4171500,-17.831497
4172400,-39.555406
4173300,-39.626606
4174200,-39.621714
4175100,-39.760462
4176000,-43.617542
4176900,-43.696054
4177800,-43.690659
4178700,-43.843656
4179600,-42.634772
4180500,-42.711515
4181400,-40.398823
4182300,-38.087179
4183200,-22.527522
4184100,-19.797751
4185000,-19.794051
4185900,-16.946714
4186800,-9.306307
4187700,-6.220795
4188600,-6.218021
4189500,-2.992238
4190400,1.430419
4191300,1.397795
4192200,4.888035
4193100,4.82446
4194000,4.254248
4194900,0.732429999999997
4195800,0.734753999999999
4196700,-2.635613
4197600,-1.836071
4198500,-10.730408
4199400,-18.116708
4200300,-18.180149
4201200,-21.720945
4202100,-21.760043
4203000,-21.757357
4203900,-21.833547
4204800,-30.227802
4205700,-30.282212
4206600,-30.278473
4207500,-30.384503
4208400,-38.699669
4209300,-38.769328
4210200,-38.764542
4211100,-38.900288
4212000,-42.031673
4212900,-42.10733
4213800,-42.102131
4214700,-42.249565
4215600,-37.548631
4216500,-37.616219
4217400,-37.611574
4218300,-37.743283
4219200,-23.063876
4220100,-23.105391
4221000,-23.102538
4221900,-23.183439
4222800,-13.812401
4223700,-13.837263
4224600,-13.835555
4225500,-13.884004
4226400,-4.417963
4227300,-4.425916
4228200,-4.425369
4229100,-4.440866
4230000,-2.307447
4230900,-2.3116
4231800,-2.311315
4232700,-2.319408
4233600,-3.210803
4234500,-3.216583
4235400,-3.216186
4236300,-3.227448
4237200,-2.968714
4238100,-2.974057
4239000,-2.97369
4239900,-2.984103
4240800,-3.108326
4241700,-3.113921
4242600,-3.113536
4243500,-3.124439
4244400,-3.108721
4245300,-3.114317
4246200,-3.113932
4247100,-3.124837
4248000,-3.118189
4248900,-3.123802
4249800,-3.123416
4250700,-3.134354
4251600,-6.021813
4252500,-6.032653
4253400,-6.031908
4254300,-6.05303
4255200,-24.062211
4256100,-24.105523
4257000,-24.102547
4257900,-24.18695
4258800,-53.653635
4259700,-53.750212
4260600,-53.743576
4261500,-53.931776
4262400,-59.163586
4263300,-59.270081
4264200,-59.262763
4265100,-59.470291
4266000,-57.83054
4266900,-55.627216
4267800,-53.158871
4268700,-53.361722
4269600,-33.190121
4270500,-30.479543
4271400,-27.522251
4272300,-24.538701
4273200,-10.870658
4274100,-10.925424
4275000,-7.433663
4275900,-3.863892
4276800,6.005026
4277700,5.960774
4278600,5.963815
4279500,5.877581
4280400,5.104135
4281300,1.188312
4282200,-2.48503
4283100,-2.574424
4284000,-4.977909
4284900,-14.404692
4285800,-22.266396
4286700,-24.659868
4287600,-29.462665
4288500,-29.515698
4289400,-29.512054
4290300,-29.6154
4291200,-41.001511
4292100,-41.075314
4293000,-41.070243
4293900,-41.214064
4294800,-52.492897
4295700,-52.587385
4296600,-52.580892
4297500,-52.765021
4298400,-57.012485
4299300,-57.115108
4300200,-57.108056
4301100,-57.308039
4302000,-50.93161
4302900,-51.023287
4303800,-51.016988
4304700,-51.19564
4305600,-31.284238
4306500,-31.34055
4307400,-31.336681
4308300,-31.446416
4309200,-18.735379
4310100,-18.769102
4311000,-18.766785
4311900,-18.832503
4312800,-5.992602
4313700,-6.003388
4314600,-6.002647
4315500,-6.023667
4316400,-3.12986
4317300,-3.135494
4318200,-3.135107
4319100,-3.146085
4320000,-3.221315
4320900,-3.227113
4321800,-3.226715
4322700,-3.238014
4323600,-2.978433
4324500,-2.983794
4325400,-2.983425
4326300,-2.993873
4327200,-3.118502
4328100,-3.124115
4329000,-3.123729
4329900,-3.134668
4330800,-3.118898
4331700,-3.124512
4332600,-3.124127
4333500,-3.135067
4334400,-3.128398
4335300,-3.134029
4336200,-3.133642
4337100,-3.144615
4338000,-6.041527
4338900,-6.052402
4339800,-6.051655
4340700,-6.072847
4341600,-24.140985
4342500,-24.184439
4343400,-24.181453
4344300,-24.266132
4345200,-53.829285
4346100,-53.926178
4347000,-53.91952
4347900,-54.108337
4348800,-59.357274
4349700,-59.464118
4350600,-59.456776
4351500,-59.664983
4352400,-58.019864
4353300,-58.124301
4354200,-58.117124
4355100,-58.32064
4356000,-40.711504
4356900,-40.784785
4357800,-40.779749
4358700,-40.922553
4359600,-30.525045
4360500,-30.57999
4361400,-30.576215
4362300,-30.683287
4363200,-24.66468
4364100,-24.709077
4365000,-24.706026
4365900,-24.792542
4366800,-25.56852
4367700,-25.614544
4368600,-25.611381
4369500,-25.701068
4370400,-24.613005
4371300,-24.657308
4372200,-24.654264
4373100,-24.740599
4374000,-29.559119
4374900,-29.612326
4375800,-29.60867
4376700,-29.712354
4377600,-41.135741
4378500,-41.209786
4379400,-41.204698
4380300,-41.348989
4381200,-52.664748
4382100,-52.759545
4383000,-52.753031
4383900,-52.937762
4384800,-57.199131
4385700,-57.30209
4386600,-57.295016
4387500,-57.495652
4388400,-51.098349
4389300,-51.190326
4390200,-51.184006
4391100,-51.363243
4392000,-31.386656
4392900,-31.443152
4393800,-31.43927
4394700,-31.549365
4395600,-18.796714
4396500,-18.830548
4397400,-18.828223
4398300,-18.894156
4399200,-6.01222
4400100,-6.023042
4401000,-6.022298
4401900,-6.043387
4402800,-3.140107
4403700,-3.145759
4404600,-3.145371
4405500,-3.156385
4406400,-3.14035
4407300,-3.146003
4408200,-3.145614
4409100,-3.15663
4410000,-2.903572
4410900,-2.908799
4411800,-2.90844
4412700,-2.918624
4413600,-3.040121
4414500,-3.045593
4415400,-3.045217
4416300,-3.055881
4417200,-3.040508
4418100,-3.045981
4419000,-3.045604
4419900,-3.05627
4420800,-3.049768
4421700,-3.055258
4422600,-3.054881
4423500,-3.065578
4424400,-5.889679
4425300,-5.90028
4426200,-5.899552
4427100,-5.920211
4428000,-23.534223
4428900,-23.576584
4429800,-23.573674
4430700,-23.656224
4431600,-52.476333
4432500,-52.570791
4433400,-52.5643
4434300,-52.748371
4435200,-57.865381
4436100,-57.969539
4437000,-57.962382
4437900,-58.165356
4438800,-56.561586
4439700,-56.663397
4440600,-56.656401
4441500,-56.854802
4442400,-39.688256
4443300,-39.759695
4444200,-39.754786
4445100,-39.894
4446000,-29.757825
4446900,-29.811389
4447800,-29.807708
4448700,-29.91209
4449600,-24.044755
4450500,-21.780617
4451400,-19.31645
4452300,-16.780866
4453200,-17.537341
4454100,-17.582208
4455000,-20.19905
4455900,-20.286482
4456800,-21.686959
4457700,-24.037568
4458600,-24.034601
4459500,-24.118765
4460400,-28.816176
4461300,-28.868046
4462200,-28.864482
4463100,-28.96556
4464000,-40.10183
4464900,-40.174014
4465800,-40.169054
4466700,-40.309719
4467600,-51.341065
4468500,-51.433479
4469400,-51.427129
4470300,-51.607218
4471200,-55.761481
4472100,-55.861852
4473000,-55.854955
4473900,-56.050549
4474800,-49.814036
4475700,-49.903702
4476600,-49.897541
4477500,-50.072273
4478400,-30.59778
4479300,-30.652856
4480200,-30.649072
4481100,-30.756399
4482000,-18.324275
4482900,-18.357259
4483800,-18.354992
4484700,-18.419268
4485600,-5.861108
4486500,-5.871658
4487400,-5.870933
4488300,-5.891492
4489200,-3.061183
4490100,-3.066693
4491000,-3.066314
4491900,-3.077052
4492800,-3.260745
4493700,-3.266614
4494600,-3.266211
4495500,-3.277648
4496400,-3.014889
4497300,-3.020316
4498200,-3.019943
4499100,-3.030519
4500000,-3.156673
4500900,-3.162355
4501800,-3.161965
4502700,-3.173037
4503600,-3.157075
4504500,-3.162757
4505400,-3.162367
4506300,-3.173441
4507200,-3.16669
4508100,-3.17239
4509000,-3.171999
4509900,-3.183106
4510800,-6.115477
4511700,-6.126485
4512600,-6.125729
4513500,-6.14718
4514400,-24.436478
4515300,-24.480464
4516200,-24.477441
4517100,-24.563157
4518000,-54.488171
4518900,-54.58625
4519800,-54.579511
4520700,-54.770638
4521600,-60.083825
4522500,-60.191976
4523400,-60.184544
4524300,-60.3953
4525200,-58.730044
4526100,-58.835759
4527000,-58.828495
4527900,-59.034502
4528800,-41.209824
4529700,-41.284002
4530600,-41.278905
4531500,-41.423457
4532400,-30.89868
4533300,-28.646879
4534200,-28.643057
4535100,-28.75144
4536000,-20.197971
4536900,-20.242911
4537800,-20.239823
4538700,-20.327398
4539600,-21.112874
4540500,-21.159461
4541400,-23.617453
4542300,-23.708237
4543200,-24.914275
4544100,-24.959121
4545000,-24.956039
4545900,-25.043431
4546800,-29.920931
4547700,-29.974789
4548600,-29.971088
4549500,-30.076042
4550400,-41.639254
4551300,-41.714205
4552200,-41.709055
4553100,-41.855113
4554000,-53.309379
4554900,-53.405337
4555800,-53.398743
4556700,-53.585736
4557600,-57.899265
4558500,-58.003484
4559400,-57.996323
4560300,-58.199416
4561200,-51.723807
4562100,-51.816911
4563000,-51.810513
4563900,-51.991944
4564800,-31.770838
4565700,-31.828026
4566600,-31.824096
4567500,-31.935538
4568400,-19.026791
4569300,-19.06104
4570200,-19.058686
4571100,-19.125426
4572000,-6.085811
4572900,-6.096766
4573800,-6.096013
4574700,-6.11736
4575600,-3.178543
4576500,-3.184264
4577400,-3.183871
4578300,-3.19502
4579200,-2.932562
4580100,-2.937841
4581000,-2.937478
4581900,-2.947765
4582800,-2.711451
4583700,-2.716332
4584600,-2.715997
4585500,-2.725508
4586400,-2.838965
4587300,-2.844075
4588200,-2.843724
4589100,-2.853682
4590000,-2.839326
4590900,-2.844437
4591800,-2.844086
4592700,-2.854045
4593600,-2.847974
4594500,-2.8531
4595400,-2.852748
4596300,-2.862738
4597200,-5.499976
4598100,-5.509876
4599000,-5.509196
4599900,-5.528488
4600800,-21.977032
4601700,-22.016591
4602600,-14.625336
4603500,-5.840643
4604400,-25.961349
4605300,-22.373063
4606200,-22.367002
4607100,-22.538893
4608000,-27.317326
4608900,-23.544642
4609800,-15.197849
4610700,-10.907311
4611600,-4.716279
4612500,-4.811354
4613400,0.106815999999995
4614300,-0.0784570000000002
4615200,21.087085
4616100,15.885517
4617000,15.890101
4617900,15.760099
4618800,25.225593
4619700,25.175573
4620600,25.17901
4621500,20.169899
4622400,25.649009
4623300,25.608592
4624200,25.611369
4625100,25.532608
4626000,24.826187
4626900,20.09091
4627800,20.093789
4628700,15.532061
4629600,12.250848
4630500,4.2722
4631400,-2.889521
4632300,-12.350741
4633200,-22.140883
4634100,-26.957932
4635000,-26.954604
4635900,-27.048994
4636800,-37.44841
4637700,-37.515817
4638600,-37.511185
4639500,-37.642543
4640400,-47.943978
4641300,-48.030277
4642200,-48.024347
4643100,-43.423908
4644000,-44.683371
4644900,-41.993481
4645800,-41.98704
4646700,-42.169692
4647600,-36.345831
4648500,-36.429564
4649400,-39.20743
4650300,-41.990526
4651200,-23.804603
4652100,-23.856035
4653000,-26.313694
4653900,-26.41392
4654800,-17.111812
4655700,-17.142613
4656600,-14.833078
4657500,-14.8931
4658400,-3.165877
4659300,-3.175729
4660200,-5.482471
4661100,-5.501669
4662000,-2.858633
4662900,-2.863779
4663800,-2.863425
4664700,-2.873453
4665600,-2.588357
4666500,-2.593016
4667400,-2.592696
4668300,-2.601775
4669200,-2.393199
4670100,-2.397507
4671000,-2.397211
4671900,-2.405605
4672800,-2.505746
4673700,-2.510256
4674600,-2.509946
4675500,-2.518735
4676400,-2.506064
4677300,-2.510575
4678200,-2.510265
4679100,-2.519056
4680000,-2.513697
4680900,-2.518222
4681800,-2.517911
4682700,-2.526728
4683600,-4.854425
4684500,-4.863163
4685400,-4.862562
4686300,-4.87959
4687200,-19.397511
4688100,-19.432426
4689000,-19.430027
4689900,-14.729456
4690800,-33.080184
4691700,-35.941659
4692600,-35.936309
4693500,-38.70795
4694400,-42.925521
4695300,-45.472564
4696200,-45.466665
4697100,-45.633961
4698000,-46.619512
4698900,-46.703427
4699800,-46.697661
4700700,-46.861188
4701600,-32.71208
4702500,-32.770962
4703400,-32.766916
4704300,-32.881659
4705200,-24.527163
4706100,-24.571312
4707000,-24.568279
4707900,-24.654312
4708800,-19.818305
4709700,-19.853978
4710600,-19.851526
4711500,-19.921043
4712400,-20.544549
4713300,-20.581529
4714200,-20.578988
4715100,-20.651052
4716000,-19.776783
4716900,-19.812381
4717800,-19.809935
4718700,-19.879306
4719600,-23.751033
4720500,-23.793785
4721400,-23.790847
4722300,-23.874158
4723200,-33.052958
4724100,-33.112454
4725000,-33.108366
4725900,-33.224305
4726800,-42.316624
4727700,-42.392795
4728600,-42.387561
4729500,-42.535994
4730400,-45.960045
4731300,-46.042773
4732200,-46.037089
4733100,-46.198302
4734000,-41.058008
4734900,-41.131913
4735800,-41.126835
4736700,-41.270853
4737600,-25.219476
4738500,-25.264871
4739400,-25.261752
4740300,-25.350214
4741200,-15.103338
4742100,-15.130524
4743000,-15.128656
4743900,-15.181634
4744800,-4.830876
4745700,-4.839571
4746600,-4.838974
4747500,-4.855919
4748400,-2.523106
4749300,-2.527647
4750200,-2.527335
4751100,-2.536185
4752000,-2.430066
4752900,-2.43444
4753800,-2.434139
4754700,-2.442663
4755600,-2.246842
4756500,-2.250887
4757400,-2.250609
4758300,-2.25849
4759200,-2.352506
4760100,-2.356741
4761000,-2.35645
4761900,-2.364702
4762800,-2.352806
4763700,-2.357041
4764600,-2.35675
4765500,-2.365003
4766400,-2.359972
4767300,-2.364219
4768200,-2.363928
4769100,-2.372206
4770000,-4.557551
4770900,-4.565755
4771800,-4.565191
4772700,-4.581178
4773600,-18.211252
4774500,-18.244032
4775400,-18.24178
4776300,-18.305659
4777200,-40.607235
4778100,-40.680329
4779000,-40.675306
4779900,-40.817744
4780800,-44.777388
4781700,-44.857988
4782600,-44.85245
4783500,-45.009515
4784400,-43.768486
4785300,-43.847269
4786200,-43.841856
4787100,-43.995382
4788000,-30.711566
4788900,-30.766847
4789800,-30.763048
4790700,-30.870775
4791600,-23.027199
4792500,-23.068649
4793400,-23.0658
4794300,-23.146573
4795200,-18.606312
4796100,-18.639804
4797000,-18.637502
4797900,-18.702767
4798800,-19.288143
4799700,-19.322861
4800600,-19.320476
4801500,-19.388133
4802400,-18.567329
4803300,-18.600751
4804200,-18.598454
4805100,-18.663583
4806000,-22.298533
4806900,-22.338671
4807800,-22.335913
4808700,-22.414129
4809600,-31.031598
4810500,-31.087455
4811400,-31.083617
4812300,-31.192466
4813200,-39.728742
4814100,-39.800254
4815000,-39.795341
4815900,-39.934697
4816800,-43.149349
4817700,-43.227018
4818600,-43.221681
4819500,-43.373035
4820400,-38.547097
4821300,-38.616482
4822200,-38.611714
4823100,-38.746926
4824000,-23.677174
4824900,-23.719793
4825800,-23.716864
4826700,-23.799916
4827600,-14.17969
4828500,-14.205214
4829400,-14.20346
4830300,-14.253198
4831200,-4.535443
4832100,-4.543606
4833000,-4.543046
4833900,-4.558954
4834800,-2.368804
4835700,-2.373068
4836600,-2.372775
4837500,-2.381084
4838400,-3.150593
4839300,-3.156264
4840200,-3.155875
4841100,-3.166926
4842000,-2.913043
4842900,-2.918287
4843800,-2.917926
4844700,-2.928144
4845600,-3.050037
4846500,-3.055527
4847400,-3.05515
4848300,-3.065849
4849200,-3.050425
4850100,-3.055916
4851000,-3.055539
4851900,-3.066239
4852800,-3.059716
4853700,-3.065223
4854600,-3.064845
4855500,-3.075578
4856400,-5.90889
4857300,-5.919526
4858200,-5.918795
4859100,-5.939522
4860000,-23.610987
4860900,-23.653487
4861800,-23.650567
4862700,-23.733387
4863600,-52.647501
4864500,-52.742267
4865400,-52.735756
4866300,-52.920427
4867200,-58.054128
4868100,-58.158625
4869000,-58.151445
4869900,-58.355081
4870800,-56.74608
4871700,-56.848223
4872600,-56.841204
4873500,-57.040252
4874400,-39.817712
4875300,-39.889384
4876200,-39.884459
4877100,-40.024127
4878000,-29.854889
4878900,-29.908628
4879800,-29.904936
4880700,-30.009657
4881600,-24.123185
4882500,-24.166607
4883400,-24.163623
4884300,-24.24824
4885200,-25.007182
4886100,-25.052195
4887000,-25.049102
4887900,-25.136819
4888800,-24.072644
4889700,-24.115975
4890600,-24.112997
4891500,-24.197436
4892400,-28.91017
4893300,-28.962208
4894200,-28.958632
4895100,-29.06004
4896000,-40.232635
4896900,-40.305054
4897800,-40.300078
4898700,-40.441202
4899600,-51.50853
4900500,-51.601246
4901400,-51.594875
4902300,-51.775551
4903200,-55.943365
4904100,-56.044064
4905000,-56.037144
4905900,-56.233376
4906800,-49.976521
4907700,-50.066479
4908600,-50.060298
4909500,-50.2356
4910400,-30.697584
4911300,-30.75284
4912200,-30.749043
4913100,-30.856721
4914000,-18.384046
4914900,-18.417137
4915800,-18.414863
4916700,-18.479349
4917600,-5.880226
4918500,-5.89081
4919400,-5.890083
4920300,-5.910709
4921200,-3.071168
4922100,-3.076696
4923000,-3.076316
4923900,-3.087089
4924800,-3.160908
4925700,-3.166597
4926600,-3.166206
4927500,-3.177294
4928400,-2.92258
4929300,-2.92784
4930200,-2.927479
4931100,-2.937731
4932000,-3.060022
4932900,-3.06553
4933800,-3.065152
4934700,-3.075885
4935600,-3.060412
4936500,-3.06592
4937400,-3.065542
4938300,-3.076277
4939200,-3.069733
4940100,-3.075258
4941000,-3.074879
4941900,-3.085646
4942800,-5.928234
4943700,-5.938905
4944600,-5.938172
4945500,-5.958966
4946400,-23.688284
4947300,-23.730923
4948200,-23.727993
4949100,-23.811085
4950000,-52.819858
4950900,-52.914934
4951800,-52.908401
4952700,-53.093677
4953600,-58.244184
4954500,-58.349024
4955400,-58.34182
4956300,-58.546123
4957200,-56.931854
4958100,-57.034331
4959000,-57.02729
4959900,-57.226989
4960800,-39.948066
4961700,-40.019973
4962600,-40.015032
4963500,-40.155157
4964400,-29.952628
4965300,-30.006543
4966200,-30.002838
4967100,-30.107902
4968000,-24.202159
4968900,-24.245723
4969800,-24.242729
4970700,-24.327623
4971600,-25.08905
4972500,-25.13421
4973400,-25.131107
4974300,-25.219112
4975200,-24.151452
4976100,-24.194925
4977000,-24.191938
4977900,-24.276654
4978800,-29.004815
4979700,-29.057024
4980600,-29.053437
4981500,-29.155176
4982400,-40.364348
4983300,-40.437004
4984200,-40.432012
4985100,-40.573597
4986000,-51.677158
4986900,-51.770177
4987800,-51.763786
4988700,-51.945053
4989600,-56.126511
4990500,-56.227539
4991400,-56.220597
4992300,-56.417472
4993200,-50.140133
4994100,-50.230386
4995000,-50.224184
4995900,-50.40006
4996800,-30.798082
4997700,-30.853518
4998600,-30.849709
4999500,-30.957739
5000400,-18.444231
5001300,-18.477431
5002200,-18.475149
5003100,-18.539846
5004000,-5.899477
5004900,-5.910096
5005800,-5.909366
5006700,-5.93006
5007600,-3.081222
5008500,-3.086768
5009400,-3.086387
5010300,-3.097195
5011200,-3.081461
5012100,-3.087008
5013000,-3.086626
5013900,-3.097435
5014800,-2.849123
5015700,-2.854252
5016600,-2.853899
5017500,-2.863893
5018400,-2.983111
5019300,-2.988481
5020200,-2.988112
5021100,-2.998576
5022000,-2.983491
5022900,-2.988861
5023800,-2.988492
5024700,-2.998957
5025600,-2.992578
5026500,-2.997964
5027400,-2.997594
5028300,-3.008091
5029200,-5.779233
5030100,-5.789636
5031000,-5.788921
5031900,-5.809193
5032800,-23.0929
5033700,-23.134467
5034600,-23.131611
5035500,-18.444002
5036400,-38.367847
5037300,-38.460533
5038200,-38.454164
5039100,-38.634783
5040000,-43.655837
5040900,-40.632154
5041800,-37.320668
5042700,-37.519836
5043600,-32.458142
5044500,-20.943234
5045400,-12.184545
5046300,2.36064699999999
5047200,35.998763
5048100,48.331352
5049000,61.750784
5049900,76.080402
5050800,101.584014
5051700,118.219942
5052600,127.004313
5053500,145.361245
5054400,160.807069
5055300,170.765623
5056200,170.768542
5057100,181.00427
5058000,180.261981
5058900,169.899467
5059800,159.901469
5060700,159.815677
5061600,151.167986
5062500,123.885489
5063400,99.282265
5064300,84.192772
5065200,59.069654
5066100,46.616068
5067000,35.189116
5067900,24.592044
5068800,4.059589
5069700,-0.491321999999997
5070600,-0.486454999999999
5071500,-4.896226
5072400,-15.720709
5073300,-15.81139
5074200,-15.805159
5075100,-15.98187
5076000,-20.058231
5076900,-20.15672
5077800,-20.149953
5078700,-20.341879
5079600,-9.950572
5080500,-10.038556
5081400,-10.03251
5082300,-14.47571
5083200,4.63359
5084100,4.579547
5085000,0.514894999999999
5085900,0.409580000000002
5086800,8.738622
5087700,12.576207
5088600,16.646796
5089500,20.85547
5090400,37.658216
5091300,37.647863
5092200,42.341954
5093100,47.233417
5094000,55.145508
5094900,55.140101
5095800,55.140472
5096700,55.129936
5097600,54.949688
5098500,54.943929
5099400,60.307358
5100300,60.296135
5101200,66.150142
5102100,66.144817
5103000,66.145183
5103900,66.134806
5104800,66.011017
5105700,60.409267
5106600,55.046616
5107500,44.989258
5108400,40.311542
5109300,40.305966
5110200,35.826268
5111100,35.815402
5112000,31.550282
5112900,27.476323
5113800,27.476707
5114700,23.595858
5115600,17.041981
5116500,13.543182
5117400,10.239461
5118300,7.092524
5119200,-13.806079
5120100,-10.896967
5121000,-7.768113
5121900,-4.547758
5122800,-30.423609
5123700,-30.519849
5124600,-26.836742
5125500,-23.154335
5126400,-24.299521
5127300,-20.1339
5128200,-15.646527
5129100,-15.85333
5130000,-9.525923
5130900,-4.718018
5131800,0.423965999999993
5132700,0.221821999999996
5133600,23.075278
5134500,23.002491
5135400,23.007493
5136300,28.461827
5137200,38.789239
5138100,38.734664
5139000,38.738414
5139900,38.632063
5140800,44.610095
5141700,38.969823
5142600,33.609819
5143500,33.523886
5144400,27.618283
5145300,22.660933
5146200,17.970695
5147100,17.881613
5148000,14.48226
5148900,6.098145
5149800,2.231219
5150700,-1.531028
5151600,-13.109524
5152500,-19.240533
5153400,-24.640447
5154300,-29.512044
5155200,-40.858419
5156100,-40.931965
5157000,-40.926911
5157900,-41.07023
5158800,-52.309701
5159700,-52.403859
5160600,-52.397389
5161500,-52.580875
5162400,-56.813516
5163300,-56.915781
5164200,-56.908754
5165100,-57.108038
5166000,-50.753863
5166900,-50.84522
5167800,-50.838942
5168700,-51.016971
5169600,-31.175059
5170500,-31.231174
5171400,-31.227318
5172300,-31.336671
5173200,-18.669994
5174100,-18.7036
5175000,-18.70129
5175900,-18.766779
5176800,-5.971688
5177700,-5.982437
5178600,-5.981698
5179500,-6.002645
5180400,-3.118937
5181300,-3.124551
5182200,-3.124166
5183100,-3.135106
5184000,-2.87757
5184900,-2.882749
5185800,-2.882393
5186700,-2.892487
5187600,-2.660605
5188500,-2.665394
5189400,-2.665065
5190300,-2.674398
5191200,-2.785728
5192100,-2.790742
5193000,-2.790397
5193900,-2.800169
5194800,-2.786082
5195700,-2.791097
5196600,-2.790752
5197500,-2.800525
5198400,-2.794568
5199300,-2.799598
5200200,-2.799252
5201100,-2.809055
5202000,-5.396838
5202900,-5.406553
5203800,-5.405885
5204700,-5.424816
5205600,-21.564911
5206500,-21.603727
5207400,-21.60106
5208300,-21.676703
5209200,-45.777765
5210100,-45.864319
5211000,-43.397178
5211900,-43.565846
5212800,-45.634747
5213700,-45.730189
5214600,-42.940011
5215500,-40.173727
5216400,-38.704158
5217300,-32.367099
5218200,-28.872691
5219100,-25.377995
5220000,-5.777973
5220900,-1.775068
5221800,6.981255
5222700,11.547069
5223600,25.7467
5224500,25.697618
5225400,30.835847
5226300,30.7402
5227200,41.479598
5228100,36.076905
5229000,36.07963
5229900,30.86749
5230800,30.174316
5231700,25.221567
5232600,25.224392
5233500,20.450897
5234400,16.942772
5235300,16.903196
5236200,16.905915
5237100,16.828793
5238000,12.524456
5238900,12.476927
5239800,12.480192
5240700,12.387572
5241600,2.18317
5242500,2.117027
5243400,2.121572
5244300,1.992678
5245200,-8.115581
5246100,-12.472006
5247000,-12.466187
5247900,-12.631206
5248800,-20.506212
5249700,-16.529819
5250600,-12.251755
5251500,-12.430982
5252400,-2.236251
5253300,-2.318413
5254200,2.380611
5255100,2.2205
5256000,20.065394
5256900,20.014927
5257800,20.018394
5258700,19.920048
5259600,26.61849
5260500,26.588266
5261400,26.590343
5262300,26.531445
5263200,33.558674
5264100,33.549007
5265000,38.029753
5265900,38.010914
5266800,40.604387
5267700,40.599338
5268600,40.599685
5269500,40.589846
5270400,50.474611
5271300,50.470039
5272200,50.470353
5273100,50.461444
5274000,45.754472
5274900,45.750245
5275800,45.750536
5276700,45.742299
5277600,40.950657
5278500,45.63961
5279400,45.639914
5280300,50.542927
5281200,50.55536
5282100,55.68579
5283000,61.049128
5283900,66.636677
5284800,72.47621
5285700,78.549104
5286600,78.549409
5287500,84.866112
5288400,89.160402
5289300,89.151828
5290200,95.988695
5291100,95.971987
5292000,81.726312
5292900,88.791231
5293800,88.793585
5294700,96.093863
5295600,80.424903
5296500,88.266157
5297400,96.471798
5298300,104.811023
5299200,118.531688
5300100,118.447448
5301000,127.834206
5301900,137.358563
5302800,148.656666
5303700,148.574325
5304600,148.579983
5305500,148.419522
5306400,162.303301
5307300,162.245523
5308200,162.249493
5309100,162.136901
5310000,170.33473
5310900,170.291409
5311800,170.294386
5312700,160.208943
5313600,164.954264
5314500,174.920283
5315400,174.922688
5316300,185.172963
5317200,195.202066
5318100,184.524863
5319000,184.527356
5319900,184.456644
5320800,185.314518
5321700,174.961099
5322600,164.962476
5323500,155.205891
5324400,142.025798
5325300,132.905462
5326200,132.908344
5327100,124.045835
5328000,115.039159
5328900,114.98078
5329800,114.984791
5330700,106.38293
5331600,97.461113
5332500,105.874467
5333400,105.879603
5334300,105.733953
5335200,111.154872
5336100,111.073695
5337000,111.079273
5337900,119.999468
5338800,125.043369
5339700,134.351821
5340600,144.04532
5341500,153.905025
5342400,190.614804
5343300,201.538563
5344200,212.842275
5345100,224.393432
5346000,246.428382
5346900,234.421478
5347800,234.423311
5348700,222.733367
5349600,221.589373
5350500,221.58084
5351400,210.613123
5352300,210.596496
5353200,202.244648
5354100,202.240191
5355000,202.240497
5355900,202.231813
5356800,223.945162
5357700,235.241521
5358600,258.860003
5359500,283.858742
5360400,297.087686
5361300,284.046922
5362200,284.047195
5363100,271.359815
5364000,258.940105
5364900,258.93595
5365800,258.936235
5366700,271.255595
5367600,271.267268
5368500,258.935656
5369400,258.935941
5370300,246.947616
5371200,246.952553
5372100,258.928611
5373000,271.256355
5373900,283.927878
5374800,294.820309
5375700,321.977142
5376600,350.630703
5377500,380.795831
5378400,399.16966
5379300,432.492975
5380200,449.788016
5381100,485.565983
5382000,482.240352
5382900,540.451019
5383800,581.534794
5384700,624.299305
5385600,665.183307
5386500,688.200736
5387400,735.847645
5388300,760.248403
5389200,761.46616
5390100,761.388854
5391000,761.394166
5391900,761.243518
5392800,774.278231
5393700,774.223987
5394600,774.227714
5395500,774.122008
5396400,757.263619
5397300,663.86464
5398200,578.048957
5399100,480.815848
5400000,415.256371
5400900,367.000838
5401800,322.307281
5402700,294.339255
5403600,254.649509
5404500,230.307757
5405400,207.371487
5406300,196.336796
5407200,176.182803
5408100,166.148986
5409000,147.081753
5409900,137.93946
5410800,117.103817
5411700,100.946393
5412600,93.309234
5413500,85.865442
5414400,63.474114
5415300,56.840967
5416200,56.844733
5417100,50.41257
5418000,35.959035
5418900,48.291553
5419800,61.71099
5420700,76.040469
5421600,80.525964
5422500,96.567792
5423400,122.920271
5424300,141.84124
5425200,166.896192
5426100,166.828108
5427000,166.832786
5427900,166.700111
5428800,171.168781
5429700,161.125938
5430600,151.440296
5431500,141.977831
5432400,142.339269
5433300,133.533464
5434200,116.846697
5435100,108.880243
5436000,103.408861
5436900,103.40085
5437800,96.30222
5438700,96.28661
5439600,91.599411
5440500,91.595227
5441400,91.595515
5442300,91.587362
5443200,90.721836
5444100,84.137735
5445000,84.138131
5445900,84.1269
5446800,84.384922
5447700,84.379593
5448600,84.379959
5449500,84.369575
5450400,84.245695
5451300,90.818452
5452200,90.818835
5453100,97.64424
5454000,104.759095
5454900,112.120557
5455800,112.12094
5456700,119.749931
5457600,119.75656
5458500,119.750963
5459400,119.751347
5460300,112.100575
5461200,109.221069
5462100,109.21026
5463000,116.850868
5463900,116.829803
5464800,106.787879
5465700,98.827038
5466600,98.830006
5467500,91.10597
5468400,61.720453
5469300,77.181656
5470200,85.388665
5471100,102.46984
5472000,106.330827
5472900,125.294112
5473800,156.261836
5474700,178.323834
5475600,203.577255
5476500,191.49322
5477400,179.862393
5478300,168.359449
5479200,174.894474
5480100,143.861206
5481000,124.796726
5481900,98.307538
5482800,84.884666
5483700,77.463009
5484600,70.367581
5485500,63.424874
5486400,62.82898
5487300,62.78485
5488200,56.462528
5489100,50.299198
5490000,49.527882
5490900,43.647861
5491800,38.05483
5492700,32.602648
5493600,28.549317
5494500,23.593643
5495400,14.423209
5496300,5.997283
5497200,-2.662234
5498100,-13.184076
5499000,-22.042223
5499900,-29.533821
5500800,-40.888569
5501700,-40.962169
5502600,-40.957111
5503500,-41.100536
5504400,-52.348301
5505300,-52.442529
5506200,-52.436054
5507100,-52.619675
5508000,-56.855439
5508900,-56.95778
5509800,-56.950747
5510700,-57.150179
5511600,-50.791315
5512500,-50.882739
5513400,-50.876457
5514300,-51.054617
5515200,-31.198063
5516100,-31.25422
5517000,-31.250361
5517900,-31.359794
5518800,-18.68377
5519700,-18.717401
5520600,-18.71509
5521500,-18.780627
5522400,-5.976094
5523300,-5.986851
5524200,-5.986112
5525100,-6.007075
5526000,-3.121239
5526900,-3.126857
5527800,-3.126471
5528700,-3.137419
5529600,-3.212442
5530500,-3.218224
5531400,-0.910408
5532300,1.539517
5533200,1.798384
5534100,4.412962
5535000,7.19695
5535900,10.138804
5536800,10.014519
5537700,13.134809
5538600,13.135193
5539500,16.428748
5540400,19.932472
5541300,19.926873
5542200,23.603752
5543100,27.462792
5544000,31.537809
5544900,35.803937
5545800,40.284404
5546700,44.96684
5547600,46.989544
5548500,52.113556
5549400,57.477335
5550300,63.052376
5551200,50.868282
5552100,63.227637
5553000,76.64523
5553900,91.027006
5554800,77.1028
5555700,77.006174
5556600,85.213206
5557500,93.513005
5558400,97.059286
5559300,106.031123
5560200,125.10793
5561100,145.219808
5562000,157.501311
5562900,168.365466
5563800,168.372622
5564700,168.169667
5565600,197.030948
5566500,185.657218
5567400,174.693937
5568300,163.910611
5569200,163.96099
5570100,153.905173
5571000,144.220422
5571900,134.732675
5572800,131.656317
5573700,122.831282
5574600,114.346229
5575500,106.059559
5576400,105.285718
5577300,97.322174
5578200,89.685462
5579100,89.596023
5580000,83.314047
5580900,76.170685
5581800,76.173721
5582700,69.251346
5583600,57.867762
5584500,57.814702
5585400,57.818348
5586300,64.293286
5587200,52.901366
5588100,52.827525
5589000,59.668877
5589900,59.524983
5590800,55.339575
5591700,55.245039
5592600,62.618577
5593500,62.434354
5594400,65.824588
5595300,65.721913
5596200,65.728968
5597100,65.528884
5598000,71.908566
5598900,87.934882
5599800,105.210041
5600700,123.490653
5601600,153.100729
5602500,173.3639
5603400,184.008687
5604300,194.867199
5605200,230.523332
5606100,230.489591
5607000,242.472137
5607900,254.733842
5608800,267.580294
5609700,255.242045
5610600,243.262559
5611500,231.603569
5612400,223.198201
5613300,223.192564
5614200,223.192952
5615100,223.181967
5616000,181.269228
5616900,181.263591
5617800,181.263979
5618700,181.252994
5619600,181.505354
5620500,191.501165
5621400,212.460927
5622300,223.419073
5623200,234.598563
5624100,270.538749
5625000,323.420449
5625900,366.959774
5626800,414.007275
5627700,430.47618
5628600,447.357673
5629500,464.639868
5630400,482.355859
5631300,482.350384
5632200,464.641253
5633100,464.630585
5634000,461.814264
5634900,444.51086
5635800,411.156106
5636700,395.062935
5637600,361.821705
5638500,331.598645
5639400,302.94854
5640300,289.10024
5641200,233.923816
5642100,221.149973
5643000,208.828989
5643900,196.665198
5644800,179.924323
5645700,179.820452
5646600,179.827589
5647500,179.625175
5648400,181.224527
5649300,181.122996
5650200,181.129973
5651100,180.932119
5652000,198.051378
5652900,221.598323
5653800,233.930675
5654700,259.508286
5655600,283.015447
5656500,310.866015
5657400,325.384686
5658300,355.461407
5659200,376.988316
5660100,393.017724
5661000,409.495053
5661900,409.410943
5662800,425.537671
5663700,425.492927
5664600,408.614884
5665500,408.527692
5666400,409.585486
5667300,376.995483
5668200,361.322706
5669100,331.057958
5670000,297.720478
5670900,283.902775
5671800,270.507423
5672700,244.690181
5673600,221.25713
5674500,209.204918
5675400,209.209864
5676300,197.431627
5677200,175.130016
5678100,175.037857
5679000,175.044189
5679900,163.896294
5680800,159.753474
5681700,159.653379
5682600,149.019341
5683500,148.824286
5684400,155.04362
5685300,154.954201
5686200,154.960345
5687100,154.786094
5688000,174.206943
5688900,174.152019
5689800,184.796709
5690700,184.689677
5691600,197.087556
5692500,197.054663
5693400,186.416007
5694300,186.351908
5695200,198.875476
5696100,188.546467
5697000,188.54719
5697900,178.525664
5698800,181.348177
5699700,181.342682
5700600,181.34306
5701500,181.332352
5702400,181.149165
5703300,181.143312
5704200,181.143714
5705100,181.132308
5706000,181.394343
5706900,181.388931
5707800,171.700787
5708700,171.690241
5709600,171.564434
5710500,171.558768
5711400,162.178187
5712300,162.167145
5713200,162.183064
5714100,153.099011
5715000,144.31864
5715900,144.307597
5716800,135.826233
5717700,127.620156
5718600,119.702899
5719500,112.051957
5720400,101.760621
5721300,87.814186
5722200,81.236603
5723100,74.889856
5724000,44.73933
5724900,39.09929
5725800,33.73927
5726700,28.518935
5727600,-1.323649
5728500,-6.333095
5729400,-6.326374
5730300,-6.516975
5731200,-11.815526
5732100,-11.923379
5733000,-7.004331
5733900,-7.214506
5734800,-5.553837
5735700,-0.524405000000002
5736600,-0.517161000000002
5737500,-0.722600000000007
5738400,22.416012
5739300,22.342038
5740200,22.347121
5741100,22.202968
5742000,38.294928
5742900,38.239463
5743800,38.243274
5744700,43.969464
5745600,50.044959
5746500,56.077476
5747400,56.080556
5748300,62.318577
5749200,61.535264
5750100,61.488806
5751000,68.070335
5751900,67.979801
5752800,75.914427
5753700,62.455089
5754600,56.132807
5755500,49.968322
5756400,33.673809
5757300,18.210572
5758200,9.040803
5759100,-3.273922
5760000,-25.274238
5760900,-25.348982
5761800,-25.343846
5762700,-25.489501
5763600,-36.912216
5764500,-33.703446
5765400,-30.208873
5766300,-26.718856
5767200,-31.020504
5768100,-27.254486
5769000,-27.247344
5769900,-27.449877
5770800,-20.992107
5771700,-21.084953
5772600,-21.078574
5773500,-21.259505
5774400,-1.094099
5775300,-1.15113
5776200,-1.147211
5777100,-5.128296
5778000,7.744893
5778900,11.580689
5779800,15.651402
5780700,15.584845
5781600,32.860286
5782500,42.022821
5783400,52.070065
5784300,57.411811
5785200,71.772982
5786100,71.767276
5787000,71.767668
5787900,71.75655
5788800,112.301811
5789700,136.054452
5790600,153.323669
5791500,171.772767
5792400,191.697969
5793300,212.652505
5794200,234.921794
5795100,258.530496
5796000,283.424454
5796900,283.419358
5797800,283.419708
5798700,283.409778
5799600,283.424094
5800500,258.411894
5801400,246.432018
5802300,223.483474
5803200,212.521226
5804100,201.875198
5805000,191.557061
5805900,181.546076
5806800,169.227586
5807700,159.836743
5808600,150.759036
5809500,133.470941
5810400,108.867313
5811300,108.827864
5812200,100.912926
5813100,93.196185
5814000,58.990111
5814900,66.269188
5815800,66.275232
5816700,66.103815
5817600,68.97841
5818500,76.799059
5819400,85.006116
5820300,93.305191
5821200,103.579479
5822100,103.484666
5823000,112.569567
5823900,112.384804
5824800,137.752302
5825700,147.37429
5826600,147.378861
5827500,157.25024
5828400,177.008149
5829300,187.599183
5830200,209.871564
5831100,221.412318
5832000,251.18402
5832900,263.82336
5833800,290.261832
5834700,318.087273
5835600,331.897798
5836500,331.856015
5837400,331.858886
5838300,331.777464
5839200,332.765267
5840100,318.210045
5841000,304.074801
5841900,290.230445
5842800,272.457025
5843700,259.371925
5844600,259.375244
5845500,246.601468
5846400,236.230698
5847300,223.836019
5848200,211.860411
5849100,211.729416
5850000,189.818397
5850900,178.431684
5851800,167.469295
5852700,146.342182
5853600,132.472457
5854500,122.690469
5855400,113.315922
5856300,95.274627
5857200,92.59435
5858100,92.510848
5859000,84.316193
5859900,76.235824
5860800,94.371653
5861700,86.680497
5862600,79.31698
5863500,72.11785
5864400,76.859119
5865300,63.924711
5866200,57.849487
5867100,46.359181
5868000,52.691067
5868900,37.94137
5869800,29.19022
5870700,17.556264
5871600,13.399559
5872500,13.394428
5873400,13.39478
5874300,13.384781
5875200,-0.273808
5876100,-0.278454
5877000,-0.278135
5877900,-2.594608
5878800,-2.386607
5879700,-2.390902
5880600,-2.390607
5881500,-0.0915600000000003
5882400,-0.191424
5883300,-0.195922
5884200,2.26558
5885100,4.87674
5886000,4.889376
5886900,7.668497
5887800,7.668806
5888700,10.612313
5889600,13.743545
5890500,20.531494
5891400,32.146614
5892300,45.583025
5893200,58.671267
5894100,95.910306
5895000,151.403888
5895900,210.495206
5896800,279.948316
5897700,321.216388
5898600,381.590333
5899500,430.95053
5900400,478.952906
5901300,497.864559
5902200,517.295704
5903100,557.325417
5904000,573.884585
5904900,616.70325
5905800,638.85821
5906700,684.408209
5907600,733.36791
5908500,757.839104
5909400,757.844854
5910300,757.681778
5911200,771.791911
5912100,771.733191
5913000,771.737226
5913900,771.622798
5914800,779.954281
5915700,779.910253
5916600,779.913279
5917500,779.827482
5918400,784.650169
5919300,784.614594
5920200,784.617038
5921100,784.547713
5922000,783.925925
5922900,783.889047
5923800,783.891581
5924700,783.819715
5925600,784.691576
5926500,784.656076
5927400,784.658515
5928300,784.589335
5929200,780.728274
5930100,780.685639
5931000,732.069894
5931900,708.409135
5932800,653.538785
5933700,588.426098
5934600,547.351329
5935500,488.953319
5936400,443.197166
5937300,391.23775
5938200,358.696037
5939100,327.588412
5940000,280.623834
5940900,253.376451
5941800,240.345323
5942700,215.177451
5943600,196.685399
5944500,185.311047
5945400,174.347808
5946300,153.244782
5947200,159.250921
5948100,149.517135
5949000,140.139276
5949900,130.972671
5950800,141.191321
5951700,132.38345
5952600,132.385313
5953500,123.844385
5954400,134.166631
5955300,125.957568
5956200,125.958163
5957100,118.023617
5958000,120.350005
5958900,120.345475
5959800,120.345787
5960700,120.336961
5961600,145.048924
5962500,153.825322
5963400,153.825622
5964300,162.895507
5965200,172.471759
5966100,182.156242
5967000,202.47603
5967900,213.109086
5968800,223.983632
5969700,223.979409
5970600,223.979699
5971500,223.97147
5972400,223.983333
5973300,223.97911
5974200,223.9794
5975100,223.97117
5976000,223.976187
5976900,213.003648
5977800,213.003939
5978700,202.354768
5979600,200.175442
5980500,189.848773
5981400,189.849335
5982300,179.83237
5983200,166.239841
5984100,166.207151
5985000,176.21042
5985900,176.146716
5986800,164.22506
5987700,174.793084
5988600,197.067046
5989500,220.543188
5990400,228.921908
5991300,241.521176
5992200,267.962401
5993100,281.571746
5994000,296.947364
5994900,296.868798
5995800,296.874197
5996700,296.721093
5997600,309.968318
5998500,324.428189
5999400,324.431977
6000300,324.324548
6001200,332.146517
6002100,332.105182
6003000,317.593022
6003900,317.512472
6004800,322.040227
6005700,307.868819
6006600,294.105137
6007500,294.040052
6008400,280.057383
6009300,266.985964
6010200,266.988343
6011100,254.241227
6012000,242.732312
6012900,230.718756
6013800,219.083086
6014700,196.749183
6015600,182.483329
6016500,162.123791
6017400,133.978669
6018300,108.431421
6019200,76.913135
6020100,62.921973
6021000,50.022109
6021900,38.001951
6022800,18.52998
6023700,13.323809
6024600,13.328709
6025500,8.27809999999999
6026400,0.378923999999998
6027300,-4.178612
6028200,-8.445034
6029100,-8.595972
6030000,-7.851693
6030900,-15.467331
6031800,-22.255037
6032700,-25.515764
6033600,-16.223416
6034500,-21.347036
6035400,-23.651534
6036300,-23.734357
6037200,-14.140631
6038100,-14.166084
6039000,-14.164335
6039900,-14.213936
6040800,-4.522949
6041700,-4.531091
6042600,-4.530531
6043500,-4.546396
6044400,-2.362279
6045300,-2.366532
6046200,-2.366239
6047100,-2.374525
6048000,-3.203672
6048900,-3.209439
6049800,-3.209043
6050700,-3.22028
6051600,-2.96212
6052500,-2.967452
6053400,-2.967086
6054300,-2.977476
6055200,-3.101422
6056100,-3.107005
6057000,-3.106621
6057900,-3.1175
6058800,-3.101817
6059700,-3.1074
6060600,-3.107016
6061500,-3.117896
6062400,-0.803845
6063300,1.651748
6064200,4.272058
6065100,4.261144
6066000,4.163718
6066900,10.231064
6067800,13.53627
6068700,20.679686
6069600,6.580455
6070500,10.605605
6071400,14.880318
6072300,19.276184
6073200,-5.431676
6074100,9.881488
6075000,21.318559
6075900,40.111803
6076800,48.827071
6077700,71.645367
6078600,88.341157
6079500,115.374206
6080400,147.018342
6081300,146.914478
6082200,157.562531
6083100,168.328433
6084000,185.841126
6084900,197.068897
6085800,197.073905
6086700,208.569844
6087600,230.890633
6088500,230.835988
6089400,243.1672
6090300,243.060714
6091200,261.726004
6092100,261.681851
6093000,261.684885
6093900,274.635638
6094800,273.86391
6095700,260.781343
6096600,260.784488
6097500,260.695293
6098400,249.097751
6099300,236.726233
6100200,224.749033
6101100,213.025211
6102000,196.93243
6102900,196.879515
6103800,208.183802
6104700,208.080686
6105600,196.719863
6106500,220.264411
6107400,232.596928
6108300,245.133073
6109200,260.314991
6110100,273.986691
6111000,288.131177
6111900,302.462457
6112800,313.121378
6113700,313.018983
6114600,328.309883
6115500,328.110345
6116400,334.472611
6117300,319.097274
6118200,304.206608
6119100,289.513353
6120000,295.242523
6120900,295.186336
6121800,295.190197
6122700,295.080705
6123600,293.997534
6124500,293.963885
6125400,280.567291
6126300,267.464923
6127200,267.596661
6128100,243.278214
6129000,220.340343
6129900,198.71015
6130800,191.279042
6131700,191.273421
6132600,191.273807
6133500,191.262853
6134400,153.038896
6135300,144.25235
6136200,144.252748
6137100,135.753377
6138000,136.012383
6138900,136.007033
6139800,136.007401
6140700,135.996977
6141600,135.872625
6142500,144.35512
6143400,153.136265
6144300,162.203736
6145200,171.600441
6146100,171.594839
6147000,181.28374
6147900,181.272824
6148800,191.280502
6149700,191.274883
6150600,191.275269
6151500,191.26432
6152400,198.69233
6153300,198.681479
6154200,209.323141
6155100,209.301996
6156000,191.273987
6156900,202.198933
6157800,213.502563
6158700,225.056032
6159600,207.538767
6160500,207.442089
6161400,219.776189
6162300,219.587792
6163200,227.030158
6164100,226.923552
6165000,239.967673
6165900,239.759929
6166800,254.8003
6167700,254.696096
6168600,268.469233
6169500,268.266169
6170400,285.836195
6171300,299.901085
6172200,299.906109
6173100,299.763623
6174000,310.138038
6174900,324.598215
6175800,339.498933
6176700,339.392098
6177600,360.681202
6178500,360.636904
6179400,345.356083
6180300,345.26976
6181200,329.598554
6182100,315.037633
6183000,300.90278
6183900,287.047316
6184800,274.734056
6185700,261.653055
6186600,248.976447
6187500,236.562847
6188400,219.774801
6189300,208.083753
6190200,196.78675
6191100,196.683296
6192000,174.316977
6192900,163.602181
6193800,163.607258
6194700,153.144799
6195600,141.854173
6196500,131.758564
6197400,131.765063
6198300,131.580742
6199200,127.328837
6200100,127.226107
6201000,117.54465
6201900,117.344459
6202800,114.346584
6203700,105.176425
6204600,105.182731
6205500,96.223132
6206400,107.667254
6207300,99.410492
6208200,91.496717
6209100,76.37996
6210000,82.005107
6210900,75.13507
6211800,75.13739
6212700,68.493266
6213600,75.021236
6214500,68.933104
6215400,68.933846
6216300,63.07853
6217200,65.975363
6218100,65.969723
6219000,65.97011
6219900,65.95912
6220800,55.015911
6221700,55.010271
6222600,55.010658
6223500,54.999667
6224400,55.252163
6225300,55.246948
6226200,55.247306
6227100,60.600178
6228000,60.478951
6228900,60.473491
6229800,60.473867
6230700,66.059401
6231600,66.07474
6232500,66.06928
6233400,71.903929
6234300,71.893287
6235200,71.899774
6236100,77.971631
6237000,77.972007
6237900,84.286689
6238800,81.46886
6239700,94.872897
6240600,101.972804
6241500,109.319233
6242400,99.384207
6243300,107.259588
6244200,115.462884
6245100,123.868613
6246000,103.893274
6246900,122.258382
6247800,141.954397
6248700,162.730139
6249600,191.531408
6250500,215.735165
6251400,241.458749
6252300,282.559117
6253200,313.571276
6254100,344.429292
6255000,376.983204
6255900,410.959193
6256800,463.92826
6257700,501.40401
6258600,520.834718
6259500,540.5631
6260400,591.755609
6261300,591.702164
6262200,612.927316
6263100,612.823167
6264000,640.360268
6264900,618.634285
6265800,597.415773
6266700,576.566496
6267600,555.497978
6268500,516.160114
6269400,478.616159
6270300,442.688273
6271200,409.572684
6272100,393.055227
6273000,376.985619
6273900,345.94204
6274800,326.358111
6275700,311.791357
6276600,297.656905
6277500,297.556051
6278400,272.678538
6279300,246.170813
6280200,221.168659
6281100,209.048079
6282000,175.102622
6282900,153.401194
6283800,133.088019
6284700,113.838845
6285600,91.834662
6286500,67.128378
6287400,52.128353
6288300,31.419398
6289200,25.239371
6290100,13.719455
6291000,8.36256899999999
6291900,-1.858268
6292800,8.399511
6293700,4.072814
6294600,0.00822400000000201
6295500,-3.968816
6296400,4.759203
6297300,1.238294
6298200,-2.063908
6299100,-5.253929
6300000,4.324066
6300900,4.31354
6301800,4.314263
6302700,4.29375
6303600,7.117773
6304500,7.112275
6305400,7.112653
6306300,7.101939
6307200,12.996815
6308100,12.990959
6309000,16.295825
6309900,19.77241
6310800,20.034586
6311700,23.705665
6312600,23.706037
6313500,23.695485
6314400,23.569611
6315300,23.563942
6316200,19.887837
6317100,19.876789
6318000,16.404718
6318900,13.094585
6319800,9.969087
6320700,4.222144
6321600,1.608955
6322500,4.223193
6323400,7.007204
6324300,9.948393
6325200,7.022535
6326100,16.929901
6327000,28.545465
6327900,41.969266
6328800,39.130116
6329700,56.594011
6330600,76.336997
6331500,98.357559
6332400,93.105144
6333300,110.866429
6334200,139.943662
6335100,160.712363
6336000,189.317892
6336900,201.190208
6337800,213.52508
6338700,225.994438
6339600,254.091697
6340500,253.986218
6341400,267.759443
6342300,281.691901
6343200,299.476989
6344100,313.917976
6345000,328.820013
6345900,343.959647
6346800,354.461047
6347700,370.08129
6348600,386.157672
6349500,386.04953
6350400,408.602638
6351300,408.557798
6352200,392.086516
6353100,375.926567
6354000,375.142835
6354900,375.096352
6355800,359.423809
6356700,359.333226
6357600,360.432161
6358500,360.387415
6359400,376.066227
6360300,375.979029
6361200,371.112362
6362100,387.131193
6363000,387.134885
6363900,387.030165
6364800,375.492634
6365700,375.41785
6366600,375.422989
6367500,375.277255
6368400,363.848429
6369300,363.752685
6370200,363.759264
6371100,363.572686
6372000,343.196168
6372900,343.092181
6373800,343.099326
6374700,327.220947
6375600,333.682173
6376500,318.305413
6377400,318.311796
6378300,303.233817
6379200,323.410012
6380100,308.837951
6381000,294.703864
6381900,280.826692
6382800,280.307863
6383700,267.236894
6384600,254.559597
6385500,242.165548
6386400,243.195974
6387300,231.547084
6388200,220.247184
6389100,209.257582
6390000,201.548956
6390900,201.543247
6391800,201.54364
6392700,201.532515
6393600,181.474879
6394500,171.781096
6395400,162.400488
6396300,153.311838
6397200,144.766867
6398100,144.761997
6399000,136.274236
6399900,128.064354
6400800,127.951148
6401700,127.94605
6402600,127.9464
6403500,127.936464
6404400,136.15118
6405300,136.146081
6406200,144.634527
6407100,153.40535
6408000,162.489793
6408900,162.484679
6409800,171.866
6410700,181.544548
6411600,178.913167
6412500,178.903289
6413400,188.904991
6414300,188.885742
6415200,172.47373
6416100,172.434259
6417000,172.436971
6417900,172.360054
6418800,145.506662
6419700,155.737138
6420600,155.743186
6421500,155.571676
6422400,161.444773
6423300,183.616676
6424200,195.261305
6425100,219.379866
6426000,246.590635
6426900,273.660655
6427800,287.805181
6428700,317.032271
6429600,348.311216
6430500,363.920389
6431400,379.997532
6432300,396.342181
6433200,422.667771
6434100,422.617862
6435000,422.621291
6435900,422.524033
6436800,427.990974
6437700,411.069529
6438600,394.597937
6439500,378.446782
6440400,362.066193
6441300,331.843573
6442200,303.193438
6443100,275.947089
6444000,251.218978
6444900,238.851278
6445800,215.235857
6446700,203.856784
6447600,177.870711
6448500,167.503893
6449400,157.506191
6450300,147.723495
6451200,127.966206
6452100,110.039802
6453000,101.556328
6453900,93.22487
6454800,67.388802
6455700,67.302694
6456600,67.308611
6457500,67.140812
6458400,63.27004
6459300,63.176518
6460200,63.182945
6461100,63.000698
6462000,68.811624
6462900,68.728078
6463800,68.733819
6464700,76.210875
6465600,94.356407
6466500,86.665224
6467400,79.301708
6468300,65.266247
6469200,70.271652
6470100,70.240919
6471000,63.917676
6471900,63.857786
6472800,69.481629
6473700,75.549133
6474600,75.549809
6475500,75.530653
6476400,84.493174
6477300,84.48804
6478200,84.488392
6479100,84.478387
6480000,98.177465
6480900,105.271996
6481800,112.639357
6482700,112.630298
6483600,120.478277
6484500,120.473978
6485400,128.391922
6486300,128.383546
6487200,136.48402
6488100,136.479519
6489000,144.967925
6489900,144.959155
6490800,144.971798
6491700,153.748057
6492600,153.748366
6493500,153.739595
6494400,153.744942
6495300,162.818813
6496200,162.819123
6497100,162.810326
6498000,169.868769
6498900,169.860051
6499800,179.549166
6500700,179.532176
6501600,165.0465
6502500,155.323146
6503400,145.944569
6504300,136.798294
6505200,104.316019
6506100,95.750241
6507000,87.555187
6507900,79.48616
6508800,60.27105
6509700,60.18539
6510600,60.191276
6511500,52.925172
6512400,54.244104
6513300,54.160375
6514200,54.166129
6515100,54.002965
6516000,68.120648
6516900,75.161076
6517800,82.532155
6518700,90.057531
6519600,106.31112
6520500,114.467461
6521400,131.739344
6522300,140.731887
6523200,154.938124
6524100,164.591046
6525000,164.593492
6525900,174.525153
6526800,173.903032
6527700,163.865111
6528600,154.17913
6529500,144.726257
6530400,136.520198
6531300,127.703919
6532200,111.017871
6533100,95.391142
6534000,84.160972
6534900,70.182857
6535800,57.282096
6536700,45.287362
6537600,30.532773
6538500,19.97552
6539400,15.067962
6540300,10.258901
6541200,-7.565049
6542100,-11.709416
6543000,-15.574144
6543900,-19.398742
6544800,-22.815188
6545700,-26.38573
6546600,-26.380058
6547500,-26.540914
6548400,-21.412036
6549300,-21.485777
6550200,-21.48071
6551100,-21.624409
6552000,-5.608682
6552900,-8.958439
6553800,-12.081215
6554700,-12.169481
6555600,-4.897636
6556500,-1.972489
6557400,-1.970625
6558300,1.102403
6559200,11.430172
6560100,14.725958
6561000,18.214553
6561900,18.197645
6562800,24.201771
6563700,24.19724
6564600,24.197551
6565500,24.188721
6566400,20.618111
6567300,20.613746
6568200,20.614046
6569100,20.605541
6570000,20.800927
6570900,20.796892
6571800,17.309171
6572700,13.996844
6573600,13.903037
6574500,10.772924
6575400,10.773214
6576300,10.76498
6577200,10.77685
6578100,10.772624
6579000,7.820642
6579900,7.812407
6580800,7.817427
6581700,7.813188
6582600,7.81348
6583500,7.80522
6584400,5.624728
6585300,5.616543
6586200,8.569378
6587100,8.553427
6588000,-5.046374
6588900,-1.953194
6589800,-1.950946
6590700,-2.014684
6591600,-24.266728
6592500,-21.035196
6593400,-21.030184
6594300,-17.684308
6595200,-21.635158
6596100,-21.715578
6597000,-21.710053
6597900,-21.866769
6598800,-20.628496
6599700,-20.707104
6600600,-20.701703
6601500,-20.854888
6602400,-7.600576
6603300,-7.655734
6604200,-7.651944
6605100,-7.759431
6606000,0.0667229999999996
6606900,0.0253659999999982
6607800,0.0282079999999993
6608700,3.624109
6609600,8.154286
6610500,8.120869
6611400,8.123165
6612300,8.058045
6613200,7.47397
6614100,7.439328
6615000,7.441709
6615900,7.374202
6616800,4.516688
6617700,4.483341
6618600,0.997633999999998
6619500,-2.371813
6620400,-9.124578
6621300,-17.520444
6622200,-22.286304
6623100,-22.364347
6624000,-30.962676
6624900,-31.018409
6625800,-31.014579
6626700,-31.123187
6627600,-39.640504
6628500,-39.711857
6629400,-39.706954
6630300,-39.846001
6631200,-43.053513
6632100,-43.13101
6633000,-43.125685
6633900,-43.276703
6634800,-38.461483
6635700,-38.530714
6636600,-38.525957
6637500,-38.660868
6638400,-23.624586
6639300,-23.667111
6640200,-23.664189
6641100,-23.747056
6642000,-14.148197
6642900,-14.173664
6643800,-14.171914
6644700,-14.221541
6645600,-4.525369
6646500,-4.533515
6647400,-4.532955
6648300,-4.548829
6649200,-2.363543
6650100,-2.367798
6651000,-2.367505
6651900,-2.375796
6652800,-3.288862
6653700,-3.294782
6654600,-3.294375
6655500,-3.305911
6656400,-3.040887
6657300,-3.04636
6658200,-3.045984
6659100,-3.056651
6660000,-3.183893
6660900,-3.189624
6661800,-3.18923
6662700,-3.200398
6663600,-3.184298
6664500,-3.19003
6665400,-3.189636
6666300,-3.200805
6667200,-3.193996
6668100,-3.199746
6669000,-3.19935
6669900,-3.210554
6670800,-6.168211
6671700,-6.179314
6672600,-6.178551
6673500,-6.200187
6674400,-24.647192
6675300,-24.691557
6676200,-24.688509
6677100,-24.774963
6678000,-54.958019
6678900,-55.056944
6679800,-55.050147
6680700,-55.242922
6681600,-60.601924
6682500,-60.711008
6683400,-60.703512
6684300,-60.916085
6685200,-59.23647
6686100,-59.343096
6687000,-59.335769
6687900,-59.543552
6688800,-41.565174
6689700,-41.639992
6690600,-41.634851
6691500,-41.780649
6692400,-31.165118
6693300,-31.221215
6694200,-31.217361
6695100,-31.326678
6696000,-25.181868
6696900,-25.227196
6697800,-25.224081
6698700,-25.312411
6699600,-26.104661
6700500,-26.151649
6701400,-26.148421
6702300,-26.239988
6703200,-25.129109
6704100,-25.174342
6705000,-25.171234
6705900,-25.259379
6706800,-30.178938
6707700,-30.23326
6708600,-30.229527
6709500,-30.335386
6710400,-41.998307
6711300,-42.073904
6712200,-42.06871
6713100,-42.216027
6714000,-53.769063
6714900,-53.865848
6715800,-53.859197
6716700,-54.047802
6717600,-58.398527
6718500,-58.503645
6719400,-58.496422
6720300,-58.701266
6721200,-52.169819
6722100,-52.263725
6723000,-52.257272
6723900,-52.440268
6724800,-32.044796
6725700,-32.102477
6726600,-32.098513
6727500,-32.210916
6728400,-19.190858
6729300,-19.225402
6730200,-19.223028
6731100,-19.290344
6732000,-6.138289
6732900,-6.149338
6733800,-6.148579
6734700,-6.17011
6735600,-3.205951
6736500,-3.211722
6737400,-3.211325
6738300,-3.222571
6739200,-3.299629
6740100,-3.305568
6741000,-3.30516
6741900,-3.316734
6742800,-3.050842
6743700,-3.056333
6744600,-3.055956
6745500,-3.066657
6746400,-3.194316
6747300,-3.200066
6748200,-3.199671
6749100,-3.210875
6750000,-3.194723
6750900,-3.200473
6751800,-3.200078
6752700,-3.211284
6753600,-3.204453
6754500,-3.210221
6755400,-3.209824
6756300,-3.221065
6757200,-6.188404
6758100,-6.199543
6759000,-6.198778
6759900,-6.220485
6760800,-24.727882
6761700,-24.772392
6762600,-24.769333
6763500,-24.856071
6764400,-55.13794
6765300,-55.237188
6766200,-55.230369
6767100,-55.423776
6768000,-60.800321
6768900,-60.909762
6769800,-60.902242
6770700,-61.115511
6771600,-59.430397
6772500,-59.537372
6773400,-59.530022
6774300,-59.738485
6775200,-41.701249
6776100,-41.776312
6777000,-41.771154
6777900,-41.917429
6778800,-31.267146
6779700,-31.323427
6780600,-31.319559
6781500,-31.429235
6782400,-25.264308
6783300,-25.309784
6784200,-25.306659
6785100,-25.395279
6786000,-26.190122
6786900,-26.237264
6787800,-26.234025
6788700,-26.325892
6789600,-25.211376
6790500,-25.256757
6791400,-25.253639
6792300,-25.342072
6793200,-30.277737
6794100,-30.332237
6795000,-30.328492
6795900,-30.434697
6796800,-42.1358
6797700,-42.211645
6798600,-42.206434
6799500,-42.354233
6800400,-53.945091
6801300,-54.042192
6802200,-54.03552
6803100,-54.224743
6804000,-58.589711
6804900,-58.695173
6805800,-58.687926
6806700,-58.893441
6807600,-52.340611
6808500,-52.434825
6809400,-52.428351
6810300,-52.611945
6811200,-32.149703
6812100,-32.207573
6813000,-32.203597
6813900,-32.316368
6814800,-19.253685
6815700,-19.288341
6816600,-19.28596
6817500,-19.353496
6818400,-6.158384
6819300,-6.169469
6820200,-6.168708
6821100,-6.190309
6822000,-3.216446
6822900,-3.222236
6823800,-3.221838
6824700,-3.233121
6825600,-3.216696
6826500,-3.222486
6827400,-3.222088
6828300,-3.233371
6829200,-2.974162
6830100,-2.979515
6831000,-2.979147
6831900,-2.98958
6832800,-3.11403
6833700,-3.119635
6834600,-3.11925
6835500,-3.130173
6836400,-3.114426
6837300,-3.120032
6838200,-3.119647
6839100,-3.130571
6840000,-3.123912
6840900,-3.129535
6841800,-3.129148
6842700,-3.140106
6843600,-6.032864
6844500,-6.043723
6845400,-6.042977
6846300,-6.064139
6847200,-24.106368
6848100,-24.149759
6849000,-24.146778
6849900,-24.231336
6850800,-53.752096
6851700,-53.84885
6852600,-53.842202
6853500,-54.030747
6854400,-59.272158
6855300,-59.378848
6856200,-59.371517
6857100,-59.579426
6858000,-57.936666
6858900,-58.040952
6859800,-58.033786
6860700,-58.23701
6861600,-40.653125
6862500,-40.726301
6863400,-40.721273
6864300,-40.863871
6865200,-30.481273
6866100,-30.53614
6867000,-30.53237
6867900,-30.639288
6868800,-24.629312
6869700,-24.673645
6870600,-24.670599
6871500,-24.756991
6872400,-25.531856
6873300,-25.577813
6874200,-25.574656
6875100,-25.664213
6876000,-24.57771
6876900,-24.62195
6877800,-24.618911
6878700,-24.705122
6879600,-29.516732
6880500,-29.569863
6881400,-29.566212
6882300,-29.669747
6883200,-41.076754
6884100,-41.150692
6885000,-41.145612
6885900,-41.289696
6886800,-52.589228
6887700,-52.683889
6888600,-52.677385
6889500,-52.861851
6890400,-57.11711
6891300,-57.219921
6892200,-57.212856
6893100,-57.413206
6894000,-51.025076
6894900,-51.116921
6895800,-51.11061
6896700,-51.28959
6897600,-31.341649
6898500,-31.398064
6899400,-31.394187
6900300,-31.504124
6901200,-18.76976
6902100,-18.803546
6903000,-18.801224
6903900,-18.867063
6904800,-6.003599
6905700,-6.014405
6906600,-6.013663
6907500,-6.034721
6908400,-3.135604
6909300,-3.141248
6910200,-3.14086
6911100,-3.151859
6912000,-3.340017
6912900,-3.346029
6913800,-3.345616
6914700,-3.357332
6915600,-3.088185
6916500,-3.093744
6917400,-3.093362
6918300,-3.104194
6919200,-3.233415
6920100,-3.239236
6921000,-3.238836
6921900,-3.250178
6922800,-3.233827
6923700,-3.239648
6924600,-3.239248
6925500,-3.250591
6926400,-3.243676
6927300,-3.249515
6928200,-3.249114
6929100,-3.260491
6930000,-6.264152
6930900,-6.275428
6931800,-6.274653
6932700,-6.296626
6933600,-25.030558
6934500,-25.075613
6935400,-25.072517
6936300,-25.160317
6937200,-55.812844
6938100,-55.913308
6939000,-55.906404
6939900,-56.102179
6940800,-61.544535
6941700,-61.655315
6942600,-61.647703
6943500,-59.556163
6944400,-52.769305
6945300,-52.87759
6946200,-50.086529
6947100,-50.297544
6948000,-29.087255
6948900,-32.115509
6949800,-32.110288
6950700,-35.041974
6951600,-24.261327
6952500,-26.938222
6953400,-26.934308
6954300,-29.506519
6955200,-25.573551
6956100,-25.619583
6957000,-25.61642
6957900,-25.706124
6958800,-26.510696
6959700,-26.558416
6960600,-26.555137
6961500,-26.648128
6962400,-25.519971
6963300,-25.565907
6964200,-25.562751
6965100,-25.652267
6966000,-30.648345
6966900,-30.703512
6967800,-30.699721
6968700,-30.807226
6969600,-42.651555
6970500,-42.728328
6971400,-42.723052
6972300,-42.872661
6973200,-54.605394
6974100,-54.703684
6975000,-54.696931
6975900,-54.888469
6976800,-59.306866
6977700,-59.413619
6978600,-59.406283
6979500,-59.614313
6980400,-52.981275
6981300,-53.076642
6982200,-53.070089
6983100,-53.255931
6984000,-32.543225
6984900,-32.601803
6985800,-32.597778
6986700,-32.71193
6987600,-19.489355
6988500,-19.524436
6989400,-19.522026
6990300,-19.590388
6991200,-6.233765
6992100,-6.244986
6993000,-6.244215
6993900,-6.266081
6994800,-3.255817
6995700,-3.261677
6996600,-3.261274
6997500,-3.272695
6998400,-3.003856
6999300,-3.009263
7000200,-3.008892
7001100,-3.019428
7002000,-2.77737
7002900,-2.782369
7003800,-2.782026
7004700,-2.791768
7005600,-2.907984
7006500,-2.913218
7007400,-2.912858
7008300,-2.923059
7009200,-2.908354
7010100,-2.913589
7011000,-2.913229
7011900,-2.92343
7012800,-2.917212
7013700,-2.922463
7014600,-2.922102
7015500,-2.932334
7016400,-5.633687
7017300,-5.643828
7018200,-5.643131
7019100,-5.662892
7020000,-22.51132
7020900,-22.551841
7021800,-22.549057
7022700,-22.628019
7023600,-50.195478
7024500,-50.28583
7025400,-50.279621
7026300,-50.455692
7027200,-55.350294
7028100,-55.449924
7029000,-55.443078
7029900,-55.63723
7030800,-54.103167
7031700,-54.200553
7032600,-54.193861
7033500,-54.383638
7034400,-37.963227
7035300,-38.031561
7036200,-38.026866
7037100,-38.160029
7038000,-28.464417
7038900,-28.515653
7039800,-28.512132
7040700,-28.611977
7041600,-22.999663
7042500,-23.041062
7043400,-23.038218
7044300,-23.118893
7045200,-23.842488
7046100,-23.885405
7047000,-23.882456
7047900,-23.966088
7048800,-22.951476
7049700,-22.992788
7050600,-22.98995
7051500,-23.070456
7052400,-27.563697
7053300,-27.613312
7054200,-27.609902
7055100,-27.706587
7056000,-38.358826
7056900,-38.427872
7057800,-38.423127
7058700,-38.557678
7059600,-49.109553
7060500,-49.197951
7061400,-49.191877
7062300,-49.364138
7063200,-53.337838
7064100,-53.433847
7065000,-53.42725
7065900,-53.614342
7066800,-47.648896
7067700,-47.734665
7068600,-47.728771
7069500,-47.895909
7070400,-29.267864
7071300,-29.320546
7072200,-29.316926
7073100,-29.419589
7074000,-17.52782
7074900,-17.55937
7075800,-17.557203
7076700,-17.618685
7077600,-5.606358
7078500,-5.61645
7079400,-5.615756
7080300,-5.635422
7081200,-2.92813
7082100,-2.933401
7083000,-2.933039
7083900,-2.94331
7084800,-2.651283
7085700,-2.656055
7086600,-2.655728
7087500,-2.665027
7088400,-2.45138
7089300,-2.455793
7090200,-2.45549
7091100,-2.464088
7092000,-2.566663
7092900,-2.571283
7093800,-2.570966
7094700,-2.579969
7095600,-2.56699
7096500,-2.57161
7097400,-2.571293
7098300,-2.580297
7099200,-2.574808
7100100,-2.579443
7101000,-2.579124
7101900,-2.588156
7102800,-4.972442
7103700,-4.981392
7104600,-4.980777
7105500,-4.998219
7106400,-19.869087
7107300,-19.904852
7108200,-19.902394
7109100,-19.972089
7110000,-44.303858
7110900,-44.383605
7111800,-44.378125
7112700,-44.53353
7113600,-48.853635
7114500,-48.941572
7115400,-48.935529
7116300,-49.106893
7117200,-47.752888
7118100,-47.838843
7119000,-47.832937
7119900,-48.000439
7120800,-33.50735
7121700,-33.567663
7122600,-33.563519
7123500,-33.681052
7124400,-25.123448
7125300,-25.16867
7126200,-25.165563
7127100,-25.253688
7128000,-20.300111
7128900,-20.336652
7129800,-20.334141
7130700,-20.405347
7131600,-16.275399
7132500,-13.693354
7133400,-13.690751
7134300,-10.980947
7135200,-7.13315
7136100,-7.169614
7137000,-7.167108
7137900,-7.238166
7138800,-11.204019
7139700,-16.983703
7140600,-22.061812
7141500,-24.454568
7142400,-33.856515
7143300,-33.917457
7144200,-33.91327
7145100,-34.032028
7146000,-43.345392
7146900,-43.423414
7147800,-43.418053
7148700,-43.570095
7149600,-47.077389
7150500,-47.162128
7151400,-47.156306
7152300,-47.321438
7153200,-42.056178
7154100,-42.131879
7155000,-42.126677
7155900,-42.274197
7156800,-25.832592
7157700,-25.879091
7158600,-25.875895
7159500,-25.966508
7160400,-15.470518
7161300,-15.498365
7162200,-15.496452
7163100,-15.550718
7164000,-4.94832
7164900,-4.957227
7165800,-4.956615
7166700,-4.973972
7167600,-2.584445
7168500,-2.589097
7169400,-2.588778
7170300,-2.597843
7171200,-2.489143
7172100,-2.493624
7173000,-2.493316
7173900,-2.502047
7174800,-2.301466
7175700,-2.305608
7176600,-2.305324
7177500,-2.313396
7178400,-2.409698
7179300,-2.414036
7180200,-2.413738
7181100,-2.42219
7182000,-2.410005
7182900,-2.414343
7183800,-2.414045
7184700,-0.11508
7185600,2.351267
7186500,4.96684
7187400,10.703032
7188300,13.820441
7189200,18.374428
7190100,22.042519
7191000,25.913047
7191900,29.965037
7192800,20.275344
7193700,29.415226
7194600,39.464027
7195500,44.761628
7196400,33.348323
7197300,45.676142
7198200,59.095901
7199100,73.416223
7200000,84.917827
7200900,93.03566
7201800,101.529429
7202700,110.149306
7203600,120.498892
7204500,129.799163
7205400,139.493224
7206300,149.336988
7207200,173.262238
7208100,173.205613
7209000,183.85042
7209900,183.740075
7210800,202.74264
7211700,202.700183
7212600,214.003751
7213500,213.921015
7214400,218.571655
7215300,218.537349
7216200,218.539707
7217100,218.472855
7218000,229.511209
7218900,217.837686
7219800,217.840129
7220700,206.470177
7221600,207.310934
7222500,196.308398
7223400,185.669834
7224300,175.284634
7225200,161.560291
7226100,133.371305
7227000,116.105274
7227900,92.267251
7228800,68.97406
7229700,55.50223
7230600,37.269198
7231500,26.198494
7232400,7.408197
7233300,2.641568
7234200,2.646601
7235100,-1.976224
7236000,-5.269028
7236900,-5.348585
7237800,-5.343119
7238700,-1.018072
7239600,3.925191
7240500,3.854119
7241400,-0.621079000000002
7242300,-0.759577
7243200,14.676539
7244100,6.292774
7245000,2.425823
7245900,-1.335742
7246800,1.725902
7247700,1.699758
7248600,-1.424333
7249500,-4.427553
7250400,5.526452
7251300,2.73447
7252200,2.735045
7253100,2.718749
7254000,2.342219
7254900,2.337852
7255800,2.338152
7256700,2.329641
7257600,4.68403
7258500,2.059237
7259400,2.059572
7260300,2.050085
7261200,2.268021
7262100,-0.197673
7263000,-2.504783
7263900,-2.513554
7264800,-2.618188
7265700,-2.622901
7266600,-2.622577
7267500,-2.631761
7268400,-2.618521
7269300,-2.623235
7270200,-2.622911
7271100,-2.632096
7272000,-2.626497
7272900,-2.631224
7273800,-2.630899
7274700,-2.640112
7275600,-5.072261
7276500,-5.081392
7277400,-5.080764
7278300,-5.098556
7279200,-20.267952
7280100,-20.304435
7281000,-20.301928
7281900,-20.373021
7282800,-42.885822
7283700,-42.967171
7284600,-42.961581
7285500,-43.120105
7286400,-47.526935
7287300,-47.616637
7288200,-47.610473
7289100,-47.785276
7290000,-46.404091
7290900,-48.799191
7291800,-48.793166
7292700,-48.964031
7293600,-34.179997
7294500,-34.241522
7295400,-34.237294
7296300,-34.357187
7297200,-23.320373
7298100,-20.90531
7299000,-18.282216
7299900,-18.37211
7300800,-10.535472
7301700,-7.620473
7302600,-4.492023
7303500,-1.260196
7304400,-1.911681
7305300,1.537677
7306200,1.540332
7307100,1.465034
7308000,2.378535
7308900,2.34134
7309800,-1.144103
7310700,-1.216586
7311600,-8.566515
7312500,-11.737074
7313400,-17.469897
7314300,-22.638065
7315200,-34.536173
7316100,-34.598338
7317000,-34.594066
7317900,-34.715208
7318800,-44.215535
7319700,-44.295123
7320600,-44.289655
7321500,-44.444749
7322400,-48.02245
7323300,-48.108891
7324200,-48.102951
7325100,-48.271399
7326000,-42.90044
7326900,-42.977661
7327800,-42.972355
7328700,-43.122836
7329600,-26.351172
7330500,-26.398604
7331400,-26.395345
7332300,-26.487776
7333200,-15.781083
7334100,-15.809489
7335000,-15.807538
7335900,-15.862893
7336800,-5.047656
7337700,-5.056742
7338600,-5.056117
7339500,-5.073823
7340400,-2.636327
7341300,-2.641072
7342200,-2.640746
7343100,-2.649994
7344000,-2.713361
7344900,-2.718245
7345800,-2.717909
7346700,-2.727427
7347600,-2.508777
7348500,-2.513293
7349400,-2.512983
7350300,-2.521783
7351200,-2.626759
7352100,-2.631488
7353000,-2.631163
7353900,-2.640377
7354800,-2.627094
7355700,-2.631822
7356600,-2.631498
7357500,-2.640713
7358400,-2.635095
7359300,-2.639838
7360200,-2.639512
7361100,-2.648755
7362000,-5.088867
7362900,-5.098027
7363800,-5.097397
7364700,-5.115248
7365600,-20.334305
7366500,-20.370907
7367400,-20.368392
7368300,-20.439718
7369200,-45.341194
7370100,-45.422809
7371000,-45.417201
7371900,-45.576243
7372800,-49.9975
7373700,-50.087496
7374600,-50.081312
7375500,-50.256688
7376400,-48.87098
7377300,-48.958948
7378200,-48.952904
7379100,-49.124328
7380000,-34.291895
7380900,-34.353621
7381800,-34.349379
7382700,-34.469665
7383600,-25.711692
7384500,-25.757973
7385400,-25.754793
7386300,-25.844982
7387200,-20.775421
7388100,-20.812817
7389000,-20.810247
7389900,-20.883121
7390800,-21.536739
7391700,-21.575505
7392600,-21.572841
7393500,-21.648385
7394400,-20.731894
7395300,-20.769211
7396200,-20.766647
7397100,-20.839368
7398000,-24.898078
7398900,-24.942895
7399800,-24.939815
7400700,-25.02715
7401600,-34.649236
7402500,-34.711605
7403400,-34.70732
7404300,-34.828858
7405200,-44.360287
7406100,-44.440136
7407000,-44.434649
7407900,-44.590251
7408800,-48.179665
7409700,-48.266389
7410600,-48.26043
7411500,-48.429429
7412400,-43.040887
7413300,-43.11836
7414200,-43.113037
7415100,-43.264011
7416000,-26.437439
7416900,-26.485027
7417800,-26.481757
7418700,-26.574491
7419600,-15.832747
7420500,-15.861246
7421400,-15.859288
7422300,-15.914824
7423200,-5.064181
7424100,-5.073296
7425000,-5.07267
7425900,-5.090434
7426800,-2.644958
7427700,-2.649719
7428600,-2.649392
7429500,-2.658669
7430400,-2.645163
7431300,-2.649924
7432200,-2.649597
7433100,-2.658875
7434000,-2.445721
7434900,-2.450124
7435800,-2.449821
7436700,-2.4584
7437600,-2.560738
7438500,-2.565348
7439400,-2.565031
7440300,-2.574013
7441200,-2.561064
7442100,-2.565674
7443000,-2.565357
7443900,-2.574341
7444800,-2.568864
7445700,-2.573488
7446600,-2.573171
7447500,-2.582181
7448400,-4.960963
7449300,-4.969892
7450200,-4.969279
7451100,-4.98668
7452000,-19.82322
7452900,-19.858902
7453800,-19.85645
7454700,-19.925984
7455600,-44.201583
7456500,-44.281146
7457400,-44.275679
7458300,-44.430724
7459200,-48.740857
7460100,-48.828591
7461000,-48.822562
7461900,-48.99353
7462800,-47.642651
7463700,-47.728408
7464600,-47.722515
7465500,-47.889631
7466400,-33.429998
7467300,-33.490172
7468200,-33.486038
7469100,-33.6033
7470000,-25.065451
7470900,-25.110569
7471800,-25.107469
7472700,-25.19539
7473600,-20.253249
7474500,-20.289705
7475400,-20.2872
7476300,-20.358242
7477200,-20.995432
7478100,-21.033223
7479000,-21.030627
7479900,-21.104272
7480800,-20.210816
7481700,-20.247195
7482600,-20.244696
7483500,-20.315589
7484400,-24.272287
7485300,-24.315977
7486200,-24.312975
7487100,-24.398115
7488000,-33.778358
7488900,-33.839159
7489800,-33.834981
7490700,-33.953465
7491600,-43.24533
7492500,-43.323172
7493400,-43.317823
7494300,-43.469514
7495200,-46.968711
7496100,-47.053255
7497000,-47.047446
7497900,-47.212197
7498800,-41.959091
7499700,-42.034618
7500600,-42.029428
7501500,-42.176608
7502400,-25.772957
7503300,-25.819349
7504200,-25.816161
7505100,-25.906565
7506000,-15.434805
7506900,-15.462588
7507800,-15.460679
7508700,-15.514819
7509600,-4.936897
7510500,-4.945784
7511400,-4.945173
7512300,-4.96249
7513200,-2.578479
7514100,-2.58312
7515000,-2.582801
7515900,-2.591846
7516800,-2.746573
7517700,-2.751517
7518600,-2.751177
7519500,-2.760811
7520400,-2.539485
7521300,-2.544057
7522200,-2.543742
7523100,-2.55265
7524000,-2.658912
7524900,-2.663698
7525800,-2.663369
7526700,-2.672696
7527600,-2.65925
7528500,-2.664037
7529400,-2.663708
7530300,-2.673036
7531200,-2.667349
7532100,-2.672151
7533000,-2.671821
7533900,-2.681177
7534800,-5.151156
7535700,-5.160428
7536600,-5.159791
7537500,-5.17786
7538400,-20.583203
7539300,-20.620253
7540200,-20.617707
7541100,-20.689906
7542000,-45.896183
7542900,-45.978797
7543800,-45.97312
7544700,-43.826691
7545600,-45.840872
7546500,-40.528425
7547400,-37.569892
7548300,-34.621526
7549200,-26.426396
7550100,-26.515441
7551000,-22.832828
7551900,-23.006351
7552800,-4.122415
7553700,-4.184896
7554600,-4.180603
7555500,-4.30236
7556400,4.562813
7557300,4.515965
7558200,4.519184
7559100,4.427891
7560000,9.559505
7560900,9.521651
7561800,9.524252
7562700,9.450487
7563600,8.788868
7564500,8.749628
7565400,4.882374
7566300,4.805905
7567200,5.733615
7568100,2.019347
7569000,-1.466056
7569900,-4.84413
7570800,-12.078408
7571700,-20.479591
7572600,-25.245086
7573500,-25.33349
7574400,-35.073353
7575300,-35.136485
7576200,-35.132147
7577100,-35.255174
7578000,-44.90327
7578900,-44.984096
7579800,-44.978542
7580700,-45.136049
7581600,-48.769398
7582500,-48.857183
7583400,-48.851151
7584300,-49.022219
7585200,-43.567719
7586100,-43.646142
7587000,-43.640753
7587900,-43.793575
7588800,-26.761041
7589700,-26.809211
7590600,-26.805901
7591500,-26.899771
7592400,-16.026545
7593300,-16.055392
7594200,-16.05341
7595100,-16.109626
7596000,-5.126168
7596900,-5.135395
7597800,-5.134761
7598700,-5.152742
7599600,-2.677333
7600500,-2.682152
7601400,-2.681821
7602300,-2.691212
7603200,-2.47014
7604100,-2.474586
7605000,-2.474281
7605900,-2.482945
7606800,-2.283895
7607700,-2.288006
7608600,-2.287724
7609500,-2.295735
7610400,-2.391302
7611300,-2.395606
7612200,-2.39531
7613100,-2.403698
7614000,-2.391606
7614900,-2.395911
7615800,-2.395615
7616700,-2.404004
7617600,-2.39889
7618500,-2.403208
7619400,-2.402911
7620300,-2.411326
7621200,-4.63271
7622100,-4.641049
7623000,-4.640476
7623900,-4.656726
7624800,-18.511576
7625700,-18.544897
7626600,-18.542607
7627500,-18.60754
7628400,-41.276894
7629300,-41.351193
7630200,-41.346087
7631100,-41.490874
7632000,-45.515818
7632900,-45.597746
7633800,-45.592117
7634700,-45.751772
7635600,-42.182858
7636500,-42.26294
7637400,-42.257438
7638300,-39.952303
7639200,-26.449422
7640100,-26.505614
7641000,-26.501753
7641900,-26.611256
7642800,-18.638332
7643700,-18.680464
7644600,-18.677569
7645500,-18.759674
7646400,-14.144539
7647300,-14.178583
7648200,-16.637436
7649100,-16.703778
7650000,-17.298807
7650900,-19.641517
7651800,-19.639092
7652700,-19.707864
7653600,-18.873525
7654500,-18.907498
7655400,-18.905164
7656300,-18.971366
7657200,-22.666261
7658100,-22.70706
7659000,-22.704257
7659900,-22.783763
7660800,-31.543343
7661700,-31.600122
7662600,-31.59622
7663500,-31.706864
7664400,-40.383914
7665300,-40.456605
7666200,-40.45161
7667100,-40.593264
7668000,-43.86093
7668900,-43.939879
7669800,-43.934455
7670700,-44.088305
7671600,-39.182782
7672500,-39.253311
7673400,-39.248465
7674300,-39.385906
7675200,-24.067637
7676100,-24.110959
7677000,-24.107982
7677900,-24.192404
7678800,-14.413529
7679700,-14.439474
7680600,-14.437691
7681500,-14.488249
7682400,-4.610237
7683300,-4.618536
7684200,-4.617965
7685100,-4.634137
7686000,-2.407869
7686900,-2.412203
7687800,-2.411905
7688700,-2.420351
7689600,-2.180211
7690500,-2.184135
7691400,-2.183866
7692300,-2.191513
7693200,-2.015826
7694100,-2.019455
7695000,-2.019206
7695900,-2.026276
7696800,-2.110626
7697700,-2.114425
7698600,-2.114164
7699500,-2.121568
7700400,-2.110895
7701300,-2.114694
7702200,-2.114433
7703100,-2.121838
7704000,-2.117324
7704900,-2.121135
7705800,-2.120873
7706700,-2.1283
7707600,-4.088953
7708500,-4.096313
7709400,-4.095807
7710300,-4.11015
7711200,-16.338807
7712100,-16.368217
7713000,-16.366196
7713900,-16.423507
7714800,-36.43208
7715700,-36.497658
7716600,-36.493152
7717500,-36.620944
7718400,-40.173466
7719300,-40.245778
7720200,-40.24081
7721100,-40.381726
7722000,-39.268296
7722900,-39.33898
7723800,-39.334123
7724700,-39.471864
7725600,-27.553863
7726500,-27.60346
7727400,-27.600052
7728300,-27.696703
7729200,-20.659588
7730100,-20.696776
7731000,-20.69422
7731900,-20.766688
7732800,-16.693248
7733700,-16.723296
7734600,-16.721231
7735500,-16.779786
7736400,-17.304974
7737300,-17.336123
7738200,-17.333983
7739100,-17.394683
7740000,-16.658273
7740900,-14.380839
7741800,-14.378779
7742700,-11.976018
7743600,-15.23723
7744500,-15.273241
7745400,-15.270766
7746300,-17.802134
7747200,-25.533571
7748100,-23.122492
7749000,-23.119049
7749900,-20.596781
7750800,-28.255375
7751700,-22.583641
7752600,-19.453344
7753500,-16.273909
7754400,-11.993545
7755300,-12.063228
7756200,-8.18849
7757100,-8.324283
7758000,0.0738279999999989
7758900,0.0115770000000026
7759800,0.015855000000002
7760700,-0.105454000000002
7761600,13.414856
7762500,13.376618
7763400,9.31088
7764300,9.236367
7765200,17.86746
7766100,13.974611
7767000,13.976185
7767900,10.255067
7768800,18.973662
7769700,15.478339
7770600,15.478842
7771500,12.160106
7772400,14.125069
7773300,14.121244
7774200,14.121507
7775100,14.114052
7776000,8.125277
7776900,5.337973
7777800,2.718301
7778700,2.711121
7779600,0.414871
7780500,0.411464
7781400,0.411698
7782300,-1.902359
7783200,-1.98155
7784100,-1.985117
7785000,-1.984872
7785900,-1.991823
7786800,-1.981803
7787700,-1.98537
7788600,0.322294
7789500,0.315343
7790400,0.31958
7791300,2.777195
7792200,5.397366
7793100,5.390393
7794000,6.333265
7794900,9.278628
7795800,12.404991
7796700,15.695988
7797600,7.703175
7798500,11.352058
7799400,11.353955
7800300,15.170099
7801200,-3.614845
7802100,-3.676413
7803000,-3.672182
7803900,-3.79216
7804800,-3.05906
7805700,-7.195316
7806600,-7.190651
7807500,-11.1929
7808400,-10.147562
7809300,-10.213923
7810200,-13.885857
7811100,-14.015175
7812000,-6.31402
7812900,-6.360584
7813800,-9.661847
7814700,-9.752587
7815600,-6.271717
7816500,-9.258903
7817400,-9.256504
7818300,-12.10816
7819200,-10.903757
7820100,-10.931967
7821000,-13.391222
7821900,-13.446195
7822800,-16.246685
7823700,-16.275929
7824600,-16.273919
7825500,-16.330908
7826400,-15.639533
7827300,-15.667684
7828200,-15.66575
7829100,-15.720609
7830000,-18.782381
7830900,-18.816189
7831800,-18.813866
7832700,-18.879749
7833600,-26.138369
7834500,-26.185418
7835400,-26.182185
7836300,-26.27387
7837200,-33.464101
7838100,-33.524336
7839000,-33.520197
7839900,-33.637579
7840800,-36.345327
7841700,-36.410749
7842600,-36.406254
7843500,-36.533742
7844400,-32.468784
7845300,-32.527228
7846200,-32.523212
7847100,-32.637102
7848000,-19.94363
7848900,-19.979528
7849800,-19.977062
7850700,-20.047018
7851600,-11.94376
7852500,-11.965259
7853400,-11.963782
7854300,-12.005677
7855200,-3.82027
7856100,-3.827146
7857000,-3.826674
7857900,-3.840074
7858800,-1.995279
7859700,-1.99887
7860600,-1.998623
7861500,-2.005622
7862400,-2.7486
7863300,-2.753547
7864200,-2.753207
7865100,-2.762848
7866000,-2.541359
7866900,-2.545934
7867800,-2.545619
7868700,-2.554534
7869600,-2.660874
7870500,-2.665663
7871400,-2.665334
7872300,-2.674668
7873200,-2.661212
7874100,-2.666003
7875000,-2.665673
7875900,-2.675008
7876800,-2.669318
7877700,-2.674122
7878600,-2.673792
7879500,-2.683155
7880400,-5.154957
7881300,-5.164236
7882200,-5.163599
7883100,-5.181681
7884000,-18.290972
7884900,-20.635468
7885800,-20.632921
7886700,-20.705174
7887600,-45.930051
7888500,-46.012725
7889400,-46.007044
7890300,-46.168153
7891200,-50.646829
7892100,-48.430575
7893000,-45.963118
7893900,-43.520846
7894800,-39.333522
7895700,-30.040009
7896600,-22.869393
7897500,-10.832984
7898400,13.365541
7899300,23.349507
7900200,34.313012
7901100,46.102773
7902000,67.878179
7902900,67.831297
7903800,74.670797
7904700,81.678617
7905600,94.181059
7906500,94.143177
7907400,94.14578
7908300,94.07196
7909200,93.409854
7910100,93.370584
7911000,86.00624
7911900,78.830535
7912800,79.758929
7913700,66.306512
7914600,59.983755
7915500,47.998481
7916400,38.290885
7917300,27.747596
7918200,22.839078
7919100,18.05723
7920000,3.830099
7920900,3.76692
7921800,3.771261
7922700,3.648144
7923600,-6.007071
7924500,-6.087957
7925400,-10.354143
7926300,-10.511766
7927200,-14.147796
7928100,-18.304012
7929000,-18.297976
7929900,-22.33912
7930800,-20.557089
7931700,-24.123568
7932600,-27.422638
7933500,-33.653734
7934400,-19.392252
7935300,-22.060382
7936200,-24.518263
7937100,-26.919621
7938000,-16.038371
7938900,-16.06724
7939800,-16.065256
7940700,-16.121514
7941600,-5.129951
7942500,-5.139185
7943400,-5.13855
7944300,-5.156544
7945200,-2.679308
7946100,-2.684131
7947000,-2.6838
7947900,-2.693198
7948800,-2.757598
7949700,-2.762562
7950600,-2.762221
7951500,-2.771893
7952400,-2.549679
7953300,-2.554269
7954200,-2.553953
7955100,-2.562897
7956000,-2.669585
7956900,-2.67439
7957800,-2.67406
7958700,-2.683424
7959600,-2.669925
7960500,-2.67473
7961400,-2.6744
7962300,-2.683766
7963200,-2.678056
7964100,-2.682877
7965000,-2.682546
7965900,-2.69194
7966800,-5.171833
7967700,-5.181143
7968600,-5.180503
7969500,-5.198644
7970400,-20.665826
7971300,-20.703024
7972200,-20.700468
7973100,-20.772958
7974000,-43.772997
7974900,-41.394749
7975800,-38.769124
7976700,-36.14714
7977600,-37.688206
7978500,-37.779669
7979400,-37.773384
7980300,-34.825731
7981200,-33.417432
7982100,-33.506834
7983000,-36.626579
7983900,-36.800798
7984800,-21.726544
7985700,-21.789276
7986600,-21.784965
7987500,-21.907212
7988400,-13.006453
7989300,-16.005762
7990200,-16.00253
7991100,-16.094189
7992000,-10.941977
7992900,-13.763602
7993800,-13.760991
7994700,-16.454977
7995600,-19.580444
7996500,-19.619843
7997400,-21.924555
7998300,-22.00133
7999200,-21.069897
8000100,-21.107823
8001000,-21.105217
8001900,-21.179123
8002800,-25.304005
8003700,-25.349552
8004600,-25.346422
8005500,-25.435181
8006400,-35.214141
8007300,-35.277527
8008200,-35.273171
8009100,-35.396692
8010000,-45.083516
8010900,-45.164667
8011800,-45.159091
8012700,-45.31723
8013600,-48.965163
8014500,-49.053301
8015400,-49.047245
8016300,-49.218999
8017200,-43.742605
8018100,-43.821342
8019000,-43.815932
8019900,-43.969367
8020800,-26.868463
8021700,-26.916826
8022600,-26.913503
8023500,-27.007749
8024400,-16.090877
8025300,-16.11984
8026200,-16.11785
8027100,-16.174292
8028000,-5.146745
8028900,-5.156009
8029800,-5.155373
8030700,-5.173426
8031600,-2.68808
8032500,-2.692919
8033400,-2.692586
8034300,-2.702015
8035200,-0.380869
8036100,-2.693127
8037000,-2.692795
8037900,-2.702224
8038800,-2.485595
8039700,-2.490069
8040600,-2.489762
8041500,-2.498481
8042400,-2.602487
8043300,-2.607172
8044200,-2.60685
8045100,-2.615979
8046000,-2.602818
8046900,-2.607503
8047800,-2.607182
8048700,-2.616311
8049600,-2.610746
8050500,-2.615445
8051400,-2.615122
8052300,-2.62428
8053200,-5.041844
8054100,-5.050919
8055000,-5.050296
8055900,-5.067981
8056800,-20.146408
8057700,-20.182672
8058600,-20.18018
8059500,-20.250848
8060400,-44.922225
8061300,-45.003085
8062200,-44.997529
8063100,-45.155102
8064000,-49.535505
8064900,-49.624669
8065800,-49.618542
8066700,-49.792297
8067600,-48.419394
8068500,-48.506549
8069400,-48.500561
8070300,-48.670401
8071200,-33.975025
8072100,-34.03618
8073000,-34.031978
8073900,-34.151152
8074800,-25.474106
8075700,-25.51996
8076600,-25.516809
8077500,-25.606164
8078400,-20.583448
8079300,-20.620499
8080200,-20.617953
8081100,-20.690153
8082000,-21.337731
8082900,-21.376139
8083800,-21.3735
8084700,-21.448346
8085600,-20.540323
8086500,-20.577296
8087400,-20.574756
8088300,-20.646805
8089200,-24.668011
8090100,-24.712413
8091000,-24.709362
8091900,-24.79589
8092800,-34.329064
8093700,-34.390857
8094600,-34.386611
8095500,-34.507027
8096400,-43.950381
8097300,-44.029492
8098200,-44.024056
8099100,-44.178221
8100000,-47.734467
8100900,-47.820389
8101800,-47.814485
8102700,-47.981923
8103600,-42.643173
8104500,-42.719931
8105400,-42.714656
8106300,-42.864235
8107200,-26.193148
8108100,-26.240295
8109000,-26.237056
8109900,-26.328933
8110800,-15.686447
8111700,-15.714682
8112600,-15.712742
8113500,-15.767765
8114400,-5.017386
8115300,-5.026417
8116200,-5.025797
8117100,-5.043396
8118000,-2.620517
8118900,-2.625234
8119800,-2.62491
8120700,-2.634102
8121600,-2.791352
8122500,-2.796376
8123400,-2.796031
8124300,-2.805822
8125200,-2.580888
8126100,-2.585534
8127000,-2.585214
8127900,-2.594267
8128800,-2.702261
8129700,-2.707126
8130600,-2.706791
8131500,-2.71627
8132400,-2.702605
8133300,-2.70747
8134200,-2.707136
8135100,-2.716616
8136000,-2.710837
8136900,-2.715716
8137800,-2.715381
8138700,-2.72489
8139600,-5.235138
8140500,-5.244561
8141400,-5.243914
8142300,-5.262277
8143200,-20.918781
8144100,-20.956435
8145000,-20.953848
8145900,-21.027225
8146800,-46.644453
8147700,-46.728413
8148600,-46.722644
8149500,-46.886259
8150400,-51.434597
8151300,-51.52718
8152200,-51.520818
8153100,-51.701235
8154000,-50.275697
8154900,-50.366194
8155800,-50.359976
8156700,-50.536327
8157600,-35.27756
8158500,-35.34106
8159400,-35.336696
8160300,-35.460439
8161200,-24.143314
8162100,-24.190925
8163000,-24.187654
8163900,-24.280435
8164800,-19.065158
8165700,-19.103628
8166600,-19.100985
8167500,-19.175953
8168400,-19.848358
8169300,-19.888239
8170200,-19.885498
8171100,-22.270633
8172000,-21.327798
8172900,-21.366189
8173800,-21.363551
8174700,-21.438362
8175600,-25.613733
8176500,-25.659838
8177400,-25.65667
8178300,-25.746515
8179200,-35.645172
8180100,-35.709334
8181000,-35.704925
8181900,-35.829957
8182800,-45.635352
8183700,-45.717495
8184600,-45.711851
8185500,-45.871926
8186400,-49.564511
8187300,-49.653728
8188200,-49.647597
8189100,-49.821454
8190000,-44.278027
8190900,-44.357728
8191800,-44.352251
8192700,-44.507565
8193600,-27.197341
8194500,-27.246296
8195400,-27.242932
8196300,-27.338332
8197200,-16.287834
8198100,-16.317152
8199000,-16.315137
8199900,-16.37227
8200800,-5.209743
8201700,-5.21912
8202600,-5.218476
8203500,-5.23675
8204400,-2.720983
8205300,-2.725881
8206200,-2.725544
8207100,-2.735088
8208000,-2.510412
8208900,-2.514931
8209800,-2.51462
8210700,-2.523426
8211600,-2.321131
8212500,-2.325309
8213400,-2.325022
8214300,-2.333163
8215200,-2.430288
8216100,-2.434663
8217000,-2.434362
8217900,-2.442887
8218800,-2.430598
8219700,-2.434973
8220600,-2.434672
8221500,-2.443198
8222400,-2.438
8223300,-2.442389
8224200,-2.442087
8225100,-2.450639
8226000,-4.70824
8226900,-4.716715
8227800,-4.716132
8228700,-4.732647
8229600,-18.81338
8230500,-18.847244
8231400,-18.844917
8232300,-18.910908
8233200,-41.949853
8234100,-42.025363
8235000,-42.020174
8235900,-42.167322
8236800,-43.950467
8237700,-44.033731
8238600,-41.566817
8239500,-41.729075
8240400,-37.827088
8241300,-37.908477
8242200,-40.522809
8243100,-40.681411
8244000,-26.958386
8244900,-27.015494
8245800,-29.472763
8246700,-29.584052
8247600,-23.788559
8248500,-23.831379
8249400,-23.828437
8250300,-23.91188
8251200,-19.221502
8252100,-19.256101
8253000,-19.253723
8253900,-19.321146
8254800,-19.925876
8255700,-19.961743
8256600,-19.959278
8257500,-20.029172
8258400,-19.18123
8259300,-19.215757
8260200,-19.213384
8261100,-19.280666
8262000,-23.035801
8262900,-23.077266
8263800,-23.074416
8264700,-23.155219
8265600,-32.057611
8266500,-32.115315
8267400,-32.11135
8268300,-32.223798
8269200,-41.042314
8270100,-41.11619
8271000,-41.111114
8271900,-41.255078
8272800,-44.576017
8273700,-44.656255
8274600,-44.650741
8275500,-44.8071
8276400,-39.821599
8277300,-39.893278
8278200,-39.888353
8279100,-40.028035
8280000,-24.460024
8280900,-24.504052
8281800,-24.501027
8282700,-24.586825
8283600,-14.648521
8284500,-14.674888
8285400,-14.673076
8286300,-14.724459
8287200,-4.6854
8288100,-4.693834
8289000,-4.693255
8289900,-4.709689
8290800,-2.447125
8291700,-2.45153
8292600,-2.451228
8293500,-2.459811
8294400,-2.215756
8295300,-2.219745
8296200,-2.21947
8297100,-2.227243
8298000,-2.048691
8298900,-2.052379
8299800,-2.052126
8300700,-2.059312
8301600,-2.145037
8302500,-2.148898
8303400,-2.148633
8304300,-2.156157
8305200,-2.14531
8306100,-2.149171
8307000,-2.148906
8307900,-2.156431
8308800,-2.151844
8309700,-2.155717
8310600,-2.155451
8311500,-2.162999
8312400,-4.155617
8313300,-4.163097
8314200,-4.162583
8315100,-4.17716
8316000,-16.605187
8316900,-16.635077
8317800,-16.633023
8318700,-16.691269
8319600,-37.026051
8320500,-37.092698
8321400,-37.088119
8322300,-37.217995
8323200,-40.828435
8324100,-40.901927
8325000,-40.896877
8325900,-41.04009
8326800,-39.908508
8327700,-39.980344
8328600,-39.975408
8329500,-40.115394
8330400,-28.003088
8331300,-28.053494
8332200,-28.05003
8333100,-28.148257
8334000,-20.996413
8334900,-21.034206
8335800,-21.031609
8336700,-21.105258
8337600,-16.965407
8338500,-16.995944
8339400,-16.993846
8340300,-17.053355
8341200,-17.587106
8342100,-17.618763
8343000,-17.616588
8343900,-17.678278
8344800,-16.929862
8345700,-16.960336
8346600,-16.958242
8347500,-17.017627
8348400,-20.332008
8349300,-20.368606
8350200,-20.366091
8351100,-20.437409
8352000,-28.294897
8352900,-28.345828
8353800,-28.342328
8354700,-28.441578
8355600,-36.225033
8356500,-36.290238
8357400,-36.285758
8358300,-36.412824
8359200,-39.343973
8360100,-39.414793
8361000,-39.409927
8361900,-39.547933
8362800,-35.147598
8363700,-35.210864
8364600,-35.206517
8365500,-35.329804
8366400,-21.589065
8367300,-21.627925
8368200,-21.625255
8369100,-21.700983
8370000,-12.929172
8370900,-12.952445
8371800,-12.950846
8372700,-12.996197
8373600,-4.135458
8374500,-4.142902
8375400,-4.142391
8376300,-4.156897
8377200,-2.159898
8378100,-2.163786
8379000,-2.163518
8379900,-2.171095
8380800,-2.080251
8381700,-2.083996
8382600,-2.083738
8383500,-2.091035
8384400,-1.923403
8385300,-1.926865
8386200,-1.926628
8387100,-1.933374
8388000,-2.013857
8388900,-2.017482
8389800,-2.017233
8390700,-2.024297
8391600,-2.014113
8392500,-2.017738
8393400,-2.017489
8394300,-2.024554
8395200,-2.020247
8396100,-2.023884
8397000,-2.023634
8397900,-2.03072
8398800,-3.90148
8399700,-3.908502
8400600,-3.90802
8401500,-3.921705
8402400,-15.589693
8403300,-15.617755
8404200,-15.615827
8405100,-15.670511
8406000,-34.761715
8406900,-34.824287
8407800,-34.819987
8408700,-34.94192
8409600,-38.331564
8410500,-38.400561
8411400,-38.39582
8412300,-38.530275
8413200,-37.467895
8414100,-37.535337
8415000,-37.530703
8415900,-37.662129
8416800,-26.290554
8417700,-26.337877
8418600,-26.334625
8419500,-26.426844
8420400,-19.712373
8421300,-19.747855
8422200,-19.745417
8423100,-19.814562
8424000,-15.927884
8424900,-15.956554
8425800,-15.954584
8426700,-16.010454
8427600,-16.511563
8428500,-16.541284
8429400,-16.539242
8430300,-16.597159
8431200,-15.894513
8432100,-15.923123
8433000,-15.921157
8433900,-15.97691
8434800,-19.0886
8435700,-19.122959
8436600,-19.120598
8437500,-19.187555
8438400,-26.564516
8439300,-26.612332
8440200,-26.609047
8441100,-26.702227
8442000,-34.009684
8442900,-34.070901
8443800,-34.066695
8444700,-34.18599
8445600,-36.937884
8446500,-37.004373
8447400,-36.999804
8448300,-37.129371
8449200,-32.998139
8450100,-33.057536
8451000,-33.053455
8451900,-33.169202
8452800,-20.268781
8453700,-20.305265
8454600,-20.302758
8455500,-20.373855
8456400,-12.138486
8457300,-12.160335
8458200,-12.158834
8459100,-12.201412
8460000,-3.882554
8460900,-3.889542
8461800,-3.889062
8462700,-3.902681
8463600,-2.027809
8464500,-2.031459
8465400,-2.031208
8466300,-2.038321
8467200,-2.75007
8468100,-2.75502
8469000,-2.75468
8469900,-2.764327
8470800,-2.542719
8471700,-2.547296
8472600,-2.546981
8473500,-2.555901
8474400,-2.662297
8475300,-2.66709
8476200,-2.66676
8477100,-2.676099
8478000,-2.662636
8478900,-2.667429
8479800,-2.6671
8480700,-2.676439
8481600,-2.670746
8482500,-2.675553
8483400,-2.675223
8484300,-2.684591
8485200,-5.157715
8486100,-5.166999
8487000,-5.166361
8487900,-5.184453
8488800,-20.609412
8489700,-20.646509
8490600,-20.64396
8491500,-20.716252
8492400,-45.954625
8493300,-46.037344
8494200,-46.03166
8495100,-46.192854
8496000,-50.673927
8496900,-50.765141
8497800,-50.758873
8498700,-50.936622
8499600,-49.532166
8500500,-49.621325
8501400,-49.615198
8502300,-49.788942
8503200,-34.755838
8504100,-34.818398
8505000,-34.8141
8505900,-34.936012
8506800,-26.059551
8507700,-26.106458
8508600,-26.103235
8509500,-26.194644
8510400,-21.056496
8511300,-21.094398
8512200,-21.091794
8513100,-21.165653
8514000,-21.828114
8514900,-21.867405
8515800,-21.864705
8516700,-21.941271
8517600,-21.01238
8518500,-21.050203
8519400,-21.047604
8520300,-21.121309
8521200,-25.23493
8522100,-25.280353
8523000,-25.277232
8523900,-25.365748
8524800,-35.118013
8525700,-35.181226
8526600,-35.176882
8527500,-35.300066
8528400,-44.960447
8529300,-45.041376
8530200,-45.035815
8531100,-45.193523
8532000,-48.831498
8532900,-48.919395
8533800,-48.913355
8534700,-49.084641
8535600,-43.623196
8536500,-43.701718
8537400,-43.696323
8538300,-43.849339
8539200,-26.795117
8540100,-26.843349
8541000,-26.840035
8541900,-26.934024
8542800,-16.046952
8543700,-16.075836
8544600,-16.073852
8545500,-16.130139
8546400,-5.132695
8547300,-5.141934
8548200,-5.141299
8549100,-5.159303
8550000,-2.680742
8550900,-2.685567
8551800,-2.685236
8552700,-2.694639
8553600,-2.759073
8554500,-2.76404
8555400,-2.763699
8556300,-2.773376
8557200,-2.551043
8558100,-2.555635
8559000,-2.55532
8559900,-2.564268
8560800,-2.671013
8561700,-2.675821
8562600,-2.675491
8563500,-2.68486
8564400,-2.671353
8565300,-2.676162
8566200,-2.675831
8567100,-2.685201
8568000,-2.679489
8568900,-2.684312
8569800,-2.683981
8570700,-2.69338
8571600,-5.174601
8572500,-5.183915
8573400,-5.183275
8574300,-5.201426
8575200,-15.908271
8576100,-15.945489
8577000,-13.323007
8577900,-10.611915
8578800,-32.98064
8579700,-29.937742
8580600,-26.627576
8581500,-23.301301
8582400,-24.12055
8583300,-24.212062
8584200,-20.335824
8585100,-20.514154
8586000,-15.036735
8586900,-15.126185
8587800,-15.120039
8588700,-11.022607
8589600,4.059712
8590500,3.996947
8591400,4.00126
8592300,3.878948
8593200,8.512725
8594100,8.465664
8595000,8.468898
8595900,8.37719
8596800,9.463793
8597700,9.425767
8598600,9.42838
8599500,5.484328
8600400,4.819699
8601300,4.780279
8602200,4.782988
8603100,1.029677
8604000,1.961609
8604900,1.923663
8605800,-1.561728
8606700,-1.635674
8607600,-9.067225
8608500,-12.238685
8609400,-15.187827
8610300,-18.060253
8611200,-30.46437
8612100,-35.296402
8613000,-35.292044
8613900,-35.41563
8614800,-45.107638
8615700,-45.188832
8616600,-45.183253
8617500,-45.341476
8618400,-48.991362
8619300,-49.079546
8620200,-49.073487
8621100,-46.937914
8622000,-38.997397
8622900,-39.076176
8623800,-39.070763
8624700,-39.22428
8625600,-22.114227
8626500,-24.623809
8627400,-24.620484
8628300,-27.0222
8629200,-16.099486
8630100,-16.128465
8631000,-16.126474
8631900,-16.182946
8632800,-5.149499
8633700,-5.158768
8634600,-5.158131
8635500,-5.176194
8636400,-2.689518
8637300,-2.694359
8638200,-2.694027
8639100,-2.703461
8640000,-2.689727
8640900,-2.694568
8641800,-2.694235
8642700,-2.70367
8643600,-2.486925
8644500,-2.491402
8645400,-2.491094
8646300,-2.499817
8647200,-2.60388
8648100,-2.608567
8649000,-2.608245
8649900,-2.617378
8650800,-2.604211
8651700,-2.608899
8652600,-2.608576
8653500,-2.617711
8654400,-2.612143
8655300,-2.616845
8656200,-2.616521
8657100,-2.625684
8658000,-5.044541
8658900,-5.053622
8659800,-2.745579
8660700,-0.30208
8661600,-12.76865
8662500,-7.06904
8663400,-0.636196000000002
8664300,6.457591
8665200,-10.288671
8666100,-1.617749
8667000,3.08118899999999
8667900,12.970024
8668800,13.950312
8669700,13.8611
8670600,13.86723
8671500,13.693382
8672400,9.70398599999999
8673300,9.616784
8674200,9.62277599999999
8675100,9.452845
8676000,24.156083
8676900,18.960039
8677800,18.964243
8678700,18.845006
8679600,27.526694
8680500,27.480816
8681400,27.483969
8682300,27.394566
8683200,32.419969
8684100,32.382899
8685000,32.385446
8685900,32.313207
8686800,26.753645
8687700,26.715217
8688600,26.717857
8689500,26.642971
8690400,27.55148
8691300,22.821108
8692200,22.82365
8693100,22.751563
8694000,14.248124
8694900,9.931954
8695800,5.86664
8696700,1.910116
8697600,-11.304653
8698500,-24.2371
8699400,-32.09759
8700300,-34.525489
8701200,-43.973897
8702100,-44.05305
8703000,-44.047611
8703900,-44.201858
8704800,-47.760007
8705700,-47.845975
8706600,-47.840068
8707500,-48.007595
8708400,-42.665988
8709300,-42.742787
8710200,-42.73751
8711100,-42.887169
8712000,-26.207162
8712900,-26.254335
8713800,-26.251094
8714700,-26.34302
8715600,-15.694839
8716500,-15.72309
8717400,-15.721149
8718300,-15.776202
8719200,-5.02007
8720100,-5.029107
8721000,-5.028486
8721900,-5.046095
8722800,-2.621919
8723700,-2.626639
8724600,-2.626315
8725500,-2.635512
8726400,-2.792845
8727300,-2.797872
8728200,-2.797527
8729100,-2.807323
8730000,-2.582269
8730900,-2.586917
8731800,-2.586598
8732700,-2.595655
8733600,-2.703707
8734500,-2.708574
8735400,-2.70824
8736300,-2.717723
8737200,-2.704051
8738100,-2.708919
8739000,-2.708584
8739900,-2.718069
8740800,-2.712287
8741700,-2.717169
8742600,-2.716834
8743500,-2.726348
8744400,-5.237939
8745300,-5.247367
8746200,-5.24672
8747100,-0.496481
8748000,-13.541437
8748900,-7.843218
8749800,-1.410278
8750700,5.680798
8751600,-12.011821
8752500,-7.824082
8753400,-7.81831
8754300,-3.50193
8755200,-8.052703
8756100,-8.145335
8757000,-8.13897
8757900,-12.799564
8758800,-11.373264
8759700,-15.735553
8760600,-15.729331
8761500,-19.974143
8762400,-8.577162
8763300,-8.640696
8764200,-8.63633
8765100,-12.436633
8766000,-3.422106
8766900,-3.469743
8767800,-3.466469
8768700,-7.047298
8769600,-1.829231
8770500,-1.867722
8771400,-1.865077
8772300,-1.940086
8773200,-2.61285
8774100,-2.652752
8775000,-2.65001
8775900,-2.727768
8776800,-1.784429
8777700,-1.822839
8778600,-1.8202
8779500,-1.895051
8780400,-6.072656
8781300,-9.423249
8782200,-9.420079
8783100,-12.63586
8784000,-22.539814
8784900,-28.339903
8785800,-33.41661
8786700,-35.849128
8787600,-45.659768
8788500,-45.741956
8789400,-45.736309
8790300,-45.896469
8791200,-49.59103
8792100,-49.680294
8793000,-49.674161
8793900,-49.848111
8794800,-44.301717
8795700,-44.381461
8796600,-44.375981
8797500,-44.531378
8798400,-27.211892
8799300,-27.260874
8800200,-27.257508
8801100,-27.352959
8802000,-16.296548
8802900,-16.325882
8803800,-16.323867
8804700,-16.38103
8805600,-5.21253
8806500,-5.221913
8807400,-5.221268
8808300,-5.239552
8809200,-2.722439
8810100,-2.727339
8811000,-2.727002
8811900,-2.736552
8812800,-2.511755
8813700,-2.516276
8814600,-2.515966
8815500,-2.524776
8816400,-2.322373
8817300,-2.326553
8818200,-2.326266
8819100,-2.334412
8820000,-2.431589
8820900,-2.435965
8821800,-2.435665
8822700,-2.444194
8823600,-2.431898
8824500,-2.436275
8825400,-2.435975
8826300,-2.444505
8827200,-2.439305
8828100,-2.443696
8829000,-2.443394
8829900,-2.45195
8830800,-4.710759
8831700,-4.719238
8832600,-2.411237
8833500,0.0334320000000004
8834400,-8.651289
8835300,-5.732898
8836200,-2.604682
8837100,4.121753
8838000,-15.253025
8838900,-15.328575
8839800,-11.453434
8840700,-11.60066
8841600,-15.693413
8842500,-15.776722
8843400,-15.770997
8844300,-15.933342
8845200,-14.650594
8846100,-14.732026
8847000,-18.596381
8847900,-18.755068
8848800,-5.0247
8849700,-5.081839
8850600,-5.077913
8851500,-8.865755
8852400,-0.758507999999999
8853300,-0.801351
8854200,-0.798407000000001
8855100,-0.881893999999999
8856000,0.322994999999999
8856900,0.288377999999998
8857800,0.290755999999998
8858700,0.223296999999999
8859600,-3.686219
8860500,-3.722105
8861400,-3.719639
8862300,-3.78957
8863200,-2.941175
8864100,-2.97572
8865000,-2.973346
8865900,-3.040664
8866800,-9.923696
8867700,-9.965183
8868600,-12.914605
8869500,-12.995451
8870400,-24.686226
8871300,-29.825079
8872200,-32.128531
8873100,-32.241039
8874000,-41.064273
8874900,-41.138189
8875800,-41.13311
8876700,-41.277151
8877600,-44.599867
8878500,-44.680147
8879400,-44.674631
8880300,-44.831073
8881200,-39.842905
8882100,-39.914623
8883000,-39.909695
8883900,-40.049451
8884800,-24.473111
8885700,-24.517163
8886600,-24.514136
8887500,-24.59998
8888400,-14.656358
8889300,-14.68274
8890200,-14.680927
8891100,-14.732337
8892000,-4.687907
8892900,-4.696345
8893800,-4.695766
8894700,-4.712209
8895600,-2.448435
8896500,-2.452842
8897400,-2.452539
8898300,-2.461127
8899200,-2.216942
8900100,-2.220932
8901000,-2.220658
8901900,-2.228434
8902800,-2.049788
8903700,-2.053477
8904600,-2.053224
8905500,-2.060414
8906400,-2.146185
8907300,-2.150048
8908200,-2.149782
8909100,-2.15731
8910000,-2.146458
8910900,-2.150321
8911800,-2.150056
8912700,-2.157585
8913600,-2.152995
8914500,-2.15687
8915400,-2.156604
8916300,-2.164156
8917200,-4.157841
8918100,-4.165325
8919000,-4.16481
8919900,-4.179395
8920800,-14.306653
8921700,-11.875365
8922600,-9.253385
8923500,-6.528042
8924400,-20.795543
8925300,-20.862226
8926200,-17.553181
8927100,-14.195129
8928000,-14.131007
8928900,-14.204538
8929800,-14.199485
8930700,-14.342775
8931600,-9.340638
8932500,-9.412512
8933400,-9.407573
8934300,-9.547635
8935200,2.571152
8936100,-1.349231
8937000,-1.345765
8937900,-1.444044
8938800,5.711627
8939700,1.997319
8940600,1.999917
8941500,1.926229
8942400,6.068295
8943300,2.549743
8944200,2.551843
8945100,2.492301
8946000,-1.346198
8946900,-1.377872
8947800,-1.375695
8948700,-4.563306
8949600,-3.81449
8950500,-3.84498
8951400,-6.795158
8952300,-6.854575
8953200,-12.954349
8954100,-15.610892
8955000,-20.376988
8955900,-20.448344
8956800,-28.310035
8957700,-28.360994
8958600,-28.357492
8959500,-28.456795
8960400,-36.244415
8961300,-36.309655
8962200,-36.305172
8963100,-36.432306
8964000,-39.365024
8964900,-39.435881
8965800,-39.431012
8966700,-39.569093
8967600,-35.166403
8968500,-35.229703
8969400,-35.225354
8970300,-35.348706
8971200,-21.600616
8972100,-21.639497
8973000,-21.636826
8973900,-21.712594
8974800,-12.93609
8975700,-12.959375
8976600,-12.957775
8977500,-13.003151
8978400,-4.137671
8979300,-4.145119
8980200,-4.144607
8981100,-4.159121
8982000,-2.161053
8982900,-2.164943
8983800,-2.164676
8984700,-2.172256
8985600,-2.081364
8986500,-2.085111
8987400,-2.084853
8988300,-2.092154
8989200,-1.924432
8990100,-1.927896
8991000,-1.927658
8991900,-1.934409
8992800,-2.014934
8993700,-2.018561
8994600,-2.018312
8995500,-2.02538
8996400,-2.015191
8997300,-2.018818
8998200,-2.018569
8999100,-2.025637
9000000,-2.021328
9000900,-2.024967
9001800,-2.024717
9002700,-2.031807
9003600,-3.903567
9004500,-3.910593
9005400,-3.910111
9006300,-3.923803
9007200,-15.598034
9008100,-15.626111
9009000,-13.316763
9009900,-10.910283
9010800,-27.391777
9011700,-24.670762
9012600,-21.714187
9013500,-15.405835
9014400,-15.309293
9015300,-15.378327
9016200,-11.69709
9017100,-7.961667
9018000,-2.830353
9018900,1.373913
9019800,5.85863
9020700,10.420513
9021600,26.70981
9022500,31.797318
9023400,37.163605
9024300,42.667512
9025200,55.21985
9026100,61.261682
9027000,67.589477
9027900,74.098632
9028800,77.987389
9029700,77.958704
9030600,77.960675
9031500,77.904775
9032400,77.403398
9033300,77.373661
9034200,77.375704
9035100,70.739419
9036000,71.442441
9036900,65.088461
9037800,59.013094
9038700,53.123037
9039600,44.413507
9040500,33.881239
9041400,24.278585
9042300,15.459768
9043200,0.140544000000002
9044100,-13.502141
9045000,-21.854672
9045900,-26.716514
9046800,-34.02788
9047700,-34.089131
9048600,-34.084922
9049500,-34.204281
9050400,-36.957648
9051300,-37.024172
9052200,-37.019601
9053100,-37.149237
9054000,-33.015795
9054900,-33.075223
9055800,-33.07114
9056700,-33.186949
9057600,-20.279626
9058500,-20.316129
9059400,-20.313621
9060300,-20.384756
9061200,-12.14498
9062100,-12.166842
9063000,-12.165339
9063900,-9.900521
9064800,-1.577212
9065700,-1.584204
9066600,-3.891143
9067500,-3.904769
9068400,-2.028894
9069300,-2.032546
9070200,-2.032295
9071100,-2.039412
9072000,-2.823198
9072900,-2.82828
9073800,-2.827931
9074700,-2.837834
9075600,-2.610333
9076500,-2.615032
9077400,-2.614709
9078300,-2.623865
9079200,-2.733091
9080100,-2.738011
9081000,-2.737673
9081900,-2.74726
9082800,-2.733439
9083700,-2.738359
9084600,-2.738021
9085500,-2.747609
9086400,-2.741764
9087300,-2.7467
9088200,-2.746361
9089100,-2.755978
9090000,-5.294866
9090900,-2.996977
9091800,-0.535129
9092700,2.066223
9093600,-10.985286
9094500,-11.023369
9095400,-11.020753
9096300,-13.878586
9097200,-39.788081
9098100,-37.089379
9099000,-34.131271
9099900,-34.296752
9100800,-35.771094
9101700,-32.56027
9102600,-32.553836
9103500,-32.736311
9104400,-31.294509
9105300,-27.89804
9106200,-27.891751
9107100,-28.070115
9108000,-12.637261
9108900,-12.701485
9109800,-9.020578
9110700,-9.145733
9111600,-0.0332349999999977
9112500,-3.757883
9113400,-3.754575
9114300,-3.848414
9115200,1.426364
9116100,-2.100544
9117000,-5.402333
9117900,-5.478157
9118800,-9.284121
9119700,-12.27673
9120600,-15.057578
9121500,-17.756106
9122400,-19.263707
9123300,-21.609954
9124200,-21.607286
9125100,-21.682951
9126000,-25.905959
9126900,-25.95259
9127800,-25.949386
9128700,-26.040256
9129600,-36.051846
9130500,-36.11674
9131400,-36.112281
9132300,-36.23874
9133200,-46.156003
9134100,-46.239084
9135000,-46.233375
9135900,-46.395276
9136800,-50.12999
9137700,-50.220225
9138600,-50.214024
9139500,-50.389865
9140400,-44.783193
9141300,-44.863803
9142200,-44.858264
9143100,-45.015349
9144000,-27.507634
9144900,-27.557148
9145800,-27.553746
9146700,-27.650234
9147600,-16.473661
9148500,-16.503314
9149400,-16.501276
9150300,-16.55906
9151200,-5.26918
9152100,-5.278665
9153000,-5.278013
9153900,-5.296496
9154800,-2.752026
9155700,-2.75698
9156600,-2.75664
9157500,-2.766293
9158400,-2.832441
9159300,-2.837539
9160200,-2.837189
9161100,-2.847124
9162000,-2.618879
9162900,-2.623593
9163800,-2.623269
9164700,-2.632455
9165600,-2.742039
9166500,-2.746975
9167400,-2.746635
9168300,-2.756254
9169200,-2.742388
9170100,-2.747324
9171000,-2.746985
9171900,-2.756604
9172800,-2.75074
9173700,-2.755692
9174600,-2.755351
9175500,-2.765
9176400,-5.3122
9177300,-5.321762
9178200,-5.321105
9179100,-5.339738
9180000,-21.226708
9180900,-21.264916
9181800,-21.26229
9182700,-21.336747
9183600,-47.331063
9184500,-47.41626
9185400,-47.410405
9186300,-47.576428
9187200,-52.191719
9188100,-52.285664
9189000,-52.279209
9189900,-52.462281
9190800,-51.01576
9191700,-51.107588
9192600,-51.101279
9193500,-51.280226
9194400,-35.796849
9195300,-35.861283
9196200,-35.856856
9197100,-35.98242
9198000,-26.84009
9198900,-26.888402
9199800,-26.885082
9200700,-26.979229
9201600,-21.687183
9202500,-21.72622
9203400,-21.723537
9204300,-21.799609
9205200,-22.481912
9206100,-22.52238
9207000,-22.519599
9207900,-22.598459
9208800,-21.641745
9209700,-21.680701
9210600,-21.678024
9211500,-21.753936
9212400,-25.990769
9213300,-26.037553
9214200,-26.034338
9215100,-26.125506
9216000,-36.169872
9216900,-36.234978
9217800,-36.230505
9218700,-36.357377
9219600,-46.307108
9220500,-46.390461
9221400,-46.384733
9222300,-46.547164
9223200,-50.294105
9224100,-50.384635
9225000,-50.378414
9225900,-50.55483
9226800,-44.929803
9227700,-45.010677
9228600,-45.00512
9229500,-45.16272
9230400,-27.597688
9231300,-27.647364
9232200,-27.64395
9233100,-27.740755
9234000,-16.527592
9234900,-16.557342
9235800,-16.555298
9236700,-16.613271
9237600,-5.28643
9238500,-5.295946
9239400,-5.295292
9240300,-5.313835
9241200,-2.761036
9242100,-2.766006
9243000,-2.765664
9243900,-2.775349
9244800,-2.76125
9245700,-2.76622
9246600,-2.765879
9247500,-2.775564
9248400,-2.553056
9249300,-2.557651
9250200,-2.557335
9251100,-2.566291
9252000,-2.67312
9252900,-2.677932
9253800,-2.677601
9254700,-2.686978
9255600,-2.67346
9256500,-2.678273
9257400,-2.677942
9258300,-2.68732
9259200,-2.681603
9260100,-2.68643
9261000,-2.686098
9261900,-0.388085
9262800,-0.41007
9263700,4.984153
9264600,7.937067
9265500,11.044789
9266400,2.349586
9267300,2.312338
9268200,2.314898
9269100,2.242312
9270000,-23.098659
9270900,-11.566904
9271800,1.884007
9272700,11.76865
9273600,24.062844
9274500,30.048593
9275400,30.054886
9276300,36.20177
9277200,44.190272
9278100,44.100751
9279000,44.106903
9279900,43.932453
9280800,59.026669
9281700,58.963854
9282600,52.389833
9283500,52.267425
9284400,54.854616
9285300,48.730184
9286200,48.73342
9287100,42.807365
9288000,42.370226
9288900,36.969136
9289800,36.971751
9290700,31.762735
9291600,26.185944
9292500,21.453115
9293400,16.975744
9294300,12.627123
9295200,13.55979
9296100,9.453448
9297000,5.586107
9297900,1.835609
9298800,-5.782733
9299700,-12.258692
9300600,-17.991451
9301500,-23.161445
9302400,-35.260774
9303300,-35.324244
9304200,-35.319882
9305100,-35.443566
9306000,-45.143219
9306900,-45.224477
9307800,-45.218893
9308700,-45.377242
9309600,-49.030006
9310500,-49.118261
9311400,-49.112196
9312300,-49.284179
9313200,-43.800532
9314100,-43.879373
9315000,-43.873956
9315900,-44.027594
9316800,-26.904044
9317700,-26.952471
9318600,-26.949144
9319500,-24.736096
9320400,-11.343573
9321300,-8.75265
9322200,-8.750658
9323100,-6.023554
9324000,7.970869
9324900,5.00932
9325800,2.226337
9326700,2.20826
9327600,2.076972
9328500,2.072127
9329400,2.07246
9330300,2.063019
9331200,-2.867111
9332100,-2.872271
9333000,-2.871917
9333900,-2.881974
9334800,-2.650935
9335700,-2.655706
9336600,-2.655379
9337500,-2.664677
9338400,-2.775602
9339300,-2.780598
9340200,-2.780255
9341100,-2.789991
9342000,-2.775955
9342900,-2.780952
9343800,-2.780609
9344700,-2.790346
9345600,-2.78441
9346500,-2.789422
9347400,-2.789078
9348300,-2.798845
9349200,-5.377223
9350100,-5.386902
9351000,-5.386237
9351900,-0.636486
9352800,-14.097992
9353700,-14.136668
9354600,-14.13401
9355500,-16.829303
9356400,-43.141797
9357300,-43.228036
9358200,-40.602185
9359100,-40.77024
9360000,-45.442023
9360900,-42.753499
9361800,-42.746964
9362700,-39.980005
9363600,-38.515777
9364500,-38.60873
9365400,-38.602343
9366300,-38.783481
9367200,-23.110582
9368100,-23.175806
9369000,-23.171324
9369900,-26.250698
9370800,-16.996463
9371700,-19.828987
9372600,-19.825626
9373500,-22.54085
9374400,-17.184028
9375300,-19.684736
9376200,-19.682021
9377100,-22.066443
9378000,-22.757097
9378900,-22.79806
9379800,-22.795245
9380700,-22.87507
9381600,-21.906647
9382500,-21.946079
9383400,-21.943369
9384300,-22.020211
9385200,-26.308904
9386100,-26.35626
9387000,-26.353006
9387900,-26.44529
9388800,-36.612602
9389700,-36.678505
9390600,-36.673976
9391500,-36.802402
9392400,-46.87392
9393300,-46.958293
9394200,-46.952496
9395100,-47.116915
9396000,-50.909719
9396900,-51.001357
9397800,-50.99506
9398700,-51.173636
9399600,-45.479757
9400500,-45.561621
9401400,-45.555996
9402300,-45.715524
9403200,-27.935491
9404100,-27.985776
9405000,-27.98232
9405900,-28.080309
9406800,-16.729894
9407700,-16.760008
9408600,-16.757939
9409500,-16.816622
9410400,-5.351138
9411300,-5.36077
9412200,-5.360108
9413100,-5.378878
9414000,-2.794832
9414900,-2.799862
9415800,-2.799517
9416700,-2.80932
9417600,-2.578546
9418500,-2.583187
9419400,-2.582868
9420300,-2.591913
9421200,-2.384127
9422100,-2.388419
9423000,-2.388124
9423900,-2.396487
9424800,-2.496248
9425700,-2.500741
9426600,-2.500432
9427500,-2.509188
9428400,-2.496565
9429300,-2.501059
9430200,-2.50075
9431100,-2.509508
9432000,-2.504169
9432900,-2.508677
9433800,-2.508367
9434700,-2.517151
9435600,-4.836024
9436500,-4.844729
9437400,-4.844131
9438300,-4.861094
9439200,-19.323985
9440100,-19.358768
9441000,-19.356378
9441900,-19.424161
9442800,-43.088395
9443700,-43.165954
9444600,-43.160625
9445500,-43.311766
9446400,-47.51335
9447300,-47.598875
9448200,-47.592998
9449100,-47.75966
9450000,-41.67419
9450900,-41.757787
9451800,-39.132118
9452700,-36.511405
9453600,-19.463656
9454500,-19.522314
9455400,-19.518284
9456300,-16.506705
9457200,-8.183876
9458100,-8.227858
9459000,-8.224836
9459900,-8.310543
9460800,-6.618754
9461700,-6.654292
9462600,-6.65185
9463500,-9.673376
9464400,-10.294518
9465300,-10.331359
9466200,-13.112447
9467100,-13.184238
9468000,-14.933208
9468900,-17.429864
9469800,-17.427427
9470700,-19.803954
9471600,-23.661005
9472500,-23.703595
9473400,-23.700669
9474300,-23.783664
9475200,-32.927672
9476100,-32.986942
9477000,-32.98287
9477900,-33.09837
9478800,-42.156225
9479700,-42.232106
9480600,-42.226892
9481500,-42.374763
9482400,-45.785835
9483300,-45.86825
9484200,-45.862587
9485100,-46.023189
9486000,-40.902379
9486900,-40.976004
9487800,-40.970945
9488700,-41.114418
9489600,-25.123882
9490500,-25.169106
9491400,-25.165998
9492300,-25.254125
9493200,-15.046089
9494100,-15.073172
9495000,-15.071312
9495900,-15.124089
9496800,-4.812565
9497700,-4.821227
9498600,-4.820632
9499500,-4.837513
9500400,-2.513542
9501300,-2.518066
9502200,-2.517755
9503100,-2.526572
9504000,-2.275893
9504900,-2.27999
9505800,-2.279708
9506700,-2.287691
9507600,-2.104294
9508500,-2.108082
9509400,-2.107822
9510300,-2.115203
9511200,-2.203254
9512100,-2.20722
9513000,-2.206948
9513900,-2.214676
9514800,-2.203535
9515700,-2.207501
9516600,-2.207228
9517500,-2.214958
9518400,-2.210246
9519300,-2.214224
9520200,-2.213951
9521100,-2.221704
9522000,-4.268403
9522900,-4.276086
9523800,-4.275558
9524700,-4.29053
9525600,-17.055861
9526500,-17.086562
9527400,-17.084452
9528300,-17.144279
9529200,-38.030958
9530100,-38.099414
9531000,-38.094711
9531900,-38.228111
9532800,-41.936541
9533700,-42.012027
9534600,-42.00684
9535500,-39.846522
9536400,-36.223035
9537300,-36.29682
9538200,-33.671825
9539100,-31.031991
9540000,-18.59095
9540900,-15.690451
9541800,-15.686894
9542700,-15.787786
9543600,-8.441837
9544500,-8.480656
9545400,-11.430262
9546300,-11.505909
9547200,-7.2537
9548100,-7.285067
9549000,-10.066531
9549900,-10.127656
9550800,-10.675893
9551700,-13.328334
9552600,-13.326099
9553500,-15.850657
9554400,-15.081929
9555300,-17.420649
9556200,-17.418498
9557100,-17.479494
9558000,-20.88383
9558900,-20.921421
9559800,-20.918838
9560700,-20.992092
9561600,-29.062836
9562500,-29.115149
9563400,-29.111554
9564300,-29.213498
9565200,-37.2082
9566100,-37.275175
9567000,-37.270573
9567900,-37.401088
9568800,-40.41179
9569700,-40.484532
9570600,-40.479534
9571500,-40.621286
9572400,-36.101523
9573300,-36.166506
9574200,-36.162041
9575100,-36.288674
9576000,-22.175004
9576900,-22.214919
9577800,-22.212176
9578700,-22.289959
9579600,-13.280077
9580500,-13.303981
9581400,-13.302339
9582300,-13.348921
9583200,-4.247697
9584100,-4.255343
9585000,-4.254817
9585900,-4.269717
9586800,-2.218519
9587700,-2.222512
9588600,-2.222237
9589500,-2.230019
9590400,-2.13671
9591300,-2.140556
9592200,-2.140292
9593100,-2.147787
9594000,-1.975605
9594900,-1.979162
9595800,-1.978917
9596700,-1.985847
9597600,-2.068514
9598500,-2.072237
9599400,-2.071981
9600300,-2.079237
9601200,-2.068777
9602100,-2.072501
9603000,-2.072245
9603900,-2.079502
9604800,-2.075078
9605700,-2.078813
9606600,-2.078556
9607500,-2.085835
9608400,-4.007368
9609300,-4.014581
9610200,-4.014085
9611100,-1.720723
9612000,-5.840649
9612900,-5.869472
9613800,-5.867492
9614700,-5.92366
9615600,-25.53301
9616500,-19.519119
9617400,-16.21024
9618300,-12.847484
9619200,-12.65263
9620100,-0.513440000000003
9621000,8.66489
9621900,18.573278
9622800,36.457975
9623700,42.466036
9624600,48.796151
9625500,48.661158
9626400,66.919701
9627300,66.871094
9628200,66.874434
9629100,66.779712
9630000,73.676418
9630900,73.639972
9631800,73.642477
9632700,66.993118
9633600,70.985283
9634500,64.630479
9635400,64.632503
9636300,58.497783
9637200,52.148799
9638100,52.118272
9639000,46.524194
9639900,41.101671
9640800,36.688531
9641700,27.054129
9642600,22.576067
9643500,14.178691
9644400,7.112598
9645300,3.400812
9646200,-3.389224
9647100,-6.583886
9648000,-17.113335
9648900,-19.946069
9649800,-22.562619
9650700,-22.658328
9651600,-32.625306
9652500,-32.688185
9653400,-32.683865
9654300,-32.806398
9655200,-35.63298
9656100,-33.24008
9657000,-27.831842
9657900,-25.012652
9658800,-14.338946
9659700,-10.911957
9660600,-7.231271
9661500,-3.480209
9662400,13.838702
9663300,13.801228
9664200,13.803803
9665100,9.662411
9666000,18.121292
9666900,18.09885
9667800,18.100392
9668700,18.056658
9669600,26.601295
9670500,26.594117
9671400,30.662976
9672300,30.648987
9673200,36.846488
9674100,36.842739
9675000,36.842997
9675900,36.835691
9676800,31.513649
9677700,31.50799
9678600,31.508379
9679500,31.497351
9680400,31.750698
9681300,27.677099
9682200,27.677459
9683100,27.667262
9684000,27.545627
9684900,23.670199
9685800,23.670575
9686700,19.983405
9687600,19.998796
9688500,19.993317
9689400,19.993693
9690300,19.983016
9691200,19.989525
9692100,23.660523
9693000,23.660901
9693900,27.520141
9694800,28.761178
9695700,28.750564
9696600,33.023037
9697500,33.002355
9698400,15.368209
9699300,24.499259
9700200,29.41381
9701100,34.466021
9702000,16.572178
9702900,16.477612
9703800,16.48411
9704700,16.299829
9705600,11.176969
9706500,5.476517
9707400,5.483683
9708300,5.280477
9709200,1.52304599999999
9710100,1.421119
9711000,-3.706734
9711900,-3.905361
9712800,8.369171
9713700,8.29765
9714600,3.609185
9715500,-1.010269
9716400,9.137493
9717300,4.812123
9718200,0.747441999999999
9719100,-3.227008
9720000,-1.029461
9720900,-1.072791
9721800,-4.557812
9722700,-4.64225
9723600,-8.704052
9724500,-8.74897
9725400,-11.871772
9726300,-11.959304
9727200,-10.897376
9728100,-13.892888
9729000,-13.889917
9729900,-13.974178
9730800,-18.676958
9731700,-24.132432
9732600,-26.590057
9733500,-28.99867
9734400,-40.147669
9735300,-40.219936
9736200,-40.21497
9737100,-40.355795
9738000,-51.399752
9738900,-51.492272
9739800,-51.485914
9740700,-51.666209
9741600,-55.825221
9742500,-55.925706
9743400,-55.918802
9744300,-56.114619
9745200,-49.870978
9746100,-49.960746
9747000,-49.954577
9747900,-50.129509
9748800,-30.632755
9749700,-30.687895
9750600,-30.684106
9751500,-30.791556
9752400,-18.345221
9753300,-18.378243
9754200,-18.375974
9755100,-18.440323
9756000,-5.867808
9756900,-5.87837
9757800,-5.877644
9758700,-5.898227
9759600,-3.064682
9760500,-3.070198
9761400,-3.069819
9762300,-3.080569
9763200,-3.154232
9764100,-3.15991
9765000,-3.15952
9765900,-3.170584
9766800,-2.916408
9767700,-2.921657
9768600,-2.921297
9769500,-2.931526
9770400,-3.05356
9771300,-3.059056
9772200,-3.058679
9773100,-3.06939
9774000,-3.053948
9774900,-3.059446
9775800,-3.059068
9776700,-3.06978
9777600,-3.06325
9778500,-3.068764
9779400,-3.068385
9780300,-3.07913
9781200,-5.915715
9782100,-5.926363
9783000,-5.925631
9783900,-5.946382
9784800,-21.330839
9785700,-16.29227
9786600,-10.553453
9787500,-4.206018
9788400,-25.989037
9789300,-18.145596
9790200,-4.693873
9791100,10.53077
9792000,22.898922
9792900,29.119659
9793800,35.705185
9794700,49.436772
9795600,58.414673
9796500,65.952277
9797400,73.876952
9798300,81.878066
9799200,107.608595
9800100,125.395986
9801000,144.470402
9801900,164.650084
9802800,196.440286
9803700,207.687136
9804600,231.30902
9805500,243.531634
9806400,275.141348
9807300,249.381434
9808200,225.076737
9809100,213.354063
9810000,190.32529
9810900,169.320821
9811800,149.634378
9812700,131.087204
9813600,106.68336
9814500,91.082466
9815400,69.782947
9816300,50.717384
9817200,34.568759
9818100,24.01877
9819000,19.110713
9819900,9.835728
9820800,-9.689881
9821700,-1.422274
9822600,3.062789
9823500,7.614882
9824400,1.446407
9825300,1.353584
9826200,6.494818
9827100,6.313934
9828000,2.14130599999999
9828900,-3.094365
9829800,-12.692454
9830700,-17.368993
9831600,-19.445021
9832500,-23.405033
9833400,-27.075339
9834300,-30.738841
9835200,-14.482722
9836100,-14.538042
9837000,-17.660129
9837900,-20.720204
9838800,-8.233122
9839700,-8.266252
9840600,-5.311702
9841500,-5.376262
9842400,10.3633
9843300,13.657167
9844200,13.657895
9845100,17.125243
9846000,23.644558
9846900,23.639023
9847800,23.639404
9848700,23.628619
9849600,31.582636
9850500,31.577101
9851400,27.509115
9852300,27.498329
9853200,27.746117
9854100,27.740999
9855000,27.741351
9855900,31.799744
9856800,31.680778
9857700,35.947163
9858600,35.947532
9859500,40.417171
9860400,45.125603
9861300,40.426865
9862200,40.427233
9863100,35.936709
9864000,35.943075
9864900,35.9377
9865800,40.41815
9866700,40.407675
9867600,42.335765
9868500,42.325384
9869400,47.237734
9870300,47.217505
9871200,29.970299
9872100,35.063676
9873000,46.025735
9873900,51.779177
9874800,29.636571
9875700,29.54408
9876600,35.87579
9877500,42.27389
9878400,37.26344
9879300,43.997729
9880200,51.103917
9881100,58.272212
9882000,59.842584
9882900,67.382758
9883800,67.389608
9884700,75.112987
9885600,100.122438
9886500,91.852094
9887400,91.856901
9888300,91.720586
9889200,101.645679
9890100,101.593231
9891000,101.596834
9891900,93.576979
9892800,99.322128
9893700,91.639884
9894600,91.642796
9895500,84.193169
9896400,76.353267
9897300,62.89472
9898200,56.572384
9899100,50.409438
9900000,40.017616
9900900,34.612291
9901800,24.568704
9902700,19.792913
9903600,10.713243
9904500,2.322344
9905400,-1.544116
9906300,-5.319583
9907200,-23.016406
9908100,-29.165247
9909000,-34.563936
9909900,-39.470283
9910800,-50.271906
9911700,-50.362396
9912600,-50.356178
9913500,-50.532516
9914400,-54.600268
9915300,-54.698549
9916200,-54.691796
9917100,-54.883317
9918000,-48.776677
9918900,-48.864475
9919800,-48.858442
9920700,-49.029536
9921600,-29.960592
9922500,-30.014521
9923400,-30.010816
9924300,-30.115908
9925200,-17.942679
9926100,-17.974976
9927000,-17.972756
9927900,-18.035694
9928800,-5.739053
9929700,-5.749383
9930600,-5.748673
9931500,-5.768804
9932400,-2.997435
9933300,-3.00283
9934200,-3.002459
9935100,-3.012974
9936000,-3.192841
9936900,-3.198588
9937800,-3.198193
9938700,-3.209393
9939600,-2.952105
9940500,-2.957419
9941400,-2.957054
9942300,-0.65999
9943200,4.297601
9944100,4.292037
9945000,4.292419
9945900,4.281577
9946800,4.297207
9947700,1.671718
9948600,1.6721
9949500,-0.799936
9950400,-3.100745
9951300,-3.106326
9952200,-3.105943
9953100,-3.116819
9954000,-5.988125
9954900,-5.998904
9955800,-5.998163
9956700,-6.019167
9957600,-23.927597
9958500,-23.970667
9959400,-23.967707
9960300,-24.051638
9961200,-53.353475
9962100,-51.142092
9963000,-51.135493
9963900,-51.322641
9964800,-56.525182
9965700,-56.631081
9966600,-56.623804
9967500,-54.368977
9968400,-52.7384
9969300,-52.841913
9970200,-52.834801
9971100,-53.036517
9972000,-35.583033
9972900,-35.655666
9973800,-38.111868
9974700,-38.253409
9975600,-27.947807
9976500,-28.002267
9977400,-27.998525
9978300,-28.104651
9979200,-22.139244
9980100,-22.183248
9981000,-22.180224
9981900,-22.265976
9982800,-20.573902
9983700,-20.619518
9984600,-23.077577
9985500,-23.166471
9986400,-22.088025
9987300,-22.131937
9988200,-24.436339
9989100,-24.52191
9990000,-29.297839
9990900,-29.350575
9991800,-29.346951
9992700,-29.449719
9993600,-40.772132
9994500,-40.845522
9995400,-40.840479
9996300,-40.983495
9997200,-52.199231
9998100,-52.29319
9999000,-52.286733
9999900,-52.469832
10000800,-56.693534
10001700,-56.795583
10002600,-56.788571
10003500,-56.987434
10004400,-50.646678
10005300,-50.737842
10006200,-50.731578
10007100,-50.909231
10008000,-31.109222
10008900,-31.165218
10009800,-31.161371
10010700,-31.270492
10011600,-18.630565
10012500,-18.6641
10013400,-18.661796
10014300,-18.727146
10015200,-5.959077
10016100,-5.969803
10017000,-5.969066
10017900,-5.989968
10018800,-3.112351
10019700,-3.117953
10020600,-3.117568
10021500,-3.128485
10022400,-2.871493
10023300,-2.876661
10024200,-2.876306
10025100,-2.886379
10026000,-2.654986
10026900,-2.659765
10027800,-2.659437
10028700,-2.66875
10029600,-2.779844
10030500,-2.784848
10031400,-2.784504
10032300,-2.794255
10033200,-2.780198
10034100,-2.785203
10035000,-2.784859
10035900,-2.794611
10036800,1.979946
10037700,7.378471
10038600,10.331089
10039500,16.751659
10040400,21.333832
10041300,29.262454
10042200,38.014945
10043100,47.601071
10044000,41.992952
10044900,47.550392
10045800,59.464661
10046700,65.714533
10047600,52.776438
10048500,52.690067
10049400,59.795182
10050300,59.62687
10051200,62.314989
10052100,62.219748
10053000,62.226292
10053900,62.040696
10054800,63.507161
10055700,63.414067
10056600,63.420463
10057500,70.878914
10058400,86.575766
10059300,86.510444
10060200,94.43258
10061100,94.305285
10062000,111.774056
10062900,111.725077
10063800,111.728443
10064700,120.121094
10065600,125.486104
10066500,125.446528
10067400,134.230008
10068300,134.152887
10069200,133.461177
10070100,133.420152
10071000,124.642211
10071900,124.562264
10072800,117.044072
10073700,117.004579
10074600,108.806901
10075500,100.812294
10076400,88.877181
10077300,81.46271
10078200,67.530511
10079100,54.534395
10080000,38.274209
10080900,26.777756
10081800,11.372764
10082700,2.070683
10083600,-20.226289
10084500,-27.475283
10085400,-33.899828
10086300,-39.800391
10087200,-48.68011
10088100,-51.079307
10089000,-51.073001
10089900,-51.251849
10090800,-45.549268
10091700,-45.631257
10092600,-45.625623
10093500,-45.785396
10094400,-27.978188
10095300,-28.028549
10096200,-28.025088
10097100,-28.123227
10098000,-14.448045
10098900,-14.478205
10099800,-14.476133
10100700,-14.534906
10101600,-0.590704
10102500,-3.061544
10103400,-3.060881
10104300,-3.07968
10105200,-2.799103
10106100,-2.804142
10107000,-2.803796
10107900,-2.813614
10108800,-2.534455
10109700,-2.539018
10110600,-2.538704
10111500,-2.547594
10112400,-2.343361
10113300,-2.347579
10114200,-2.34729
10115100,-2.355509
10116000,-2.453564
10116900,-2.457981
10117800,-2.457677
10118700,-2.466284
10119600,-2.453877
10120500,-2.458294
10121400,-2.45799
10122300,-2.466597
10123200,-2.46135
10124100,-2.465781
10125000,-2.465476
10125900,-2.47411
10126800,-4.753333
10127700,-4.761889
10128600,-4.761301
10129500,-4.777974
10130400,-18.993564
10131300,-19.027753
10132200,-19.025404
10133100,-19.092027
10134000,-40.044208
10134900,-40.120441
10135800,-40.115203
10136700,-40.263759
10137600,-44.393501
10138500,-42.01637
10139400,-42.010594
10140300,-42.174406
10141200,-40.880065
10142100,-38.342308
10143000,-38.336662
10143900,-38.496783
10144800,-24.642325
10145700,-24.699981
10146600,-24.696019
10147500,-24.808374
10148400,-16.627857
10149300,-16.671087
10150200,-16.668116
10151100,-16.752358
10152000,-14.636984
10152900,-14.671914
10153800,-17.130707
10154700,-19.506194
10155600,-20.116716
10156500,-20.152926
10157400,-20.150438
10158300,-20.221001
10159200,-19.364938
10160100,-19.399795
10161000,-19.3974
10161900,-19.465326
10162800,-23.256426
10163700,-23.298288
10164600,-23.295411
10165500,-23.376987
10166400,-32.364642
10167300,-32.422899
10168200,-32.418896
10169100,-32.532421
10170000,-41.435396
10170900,-41.50998
10171800,-41.504855
10172700,-41.650198
10173600,-45.002943
10174500,-45.083949
10175400,-45.078383
10176300,-45.236239
10177200,-40.20299
10178100,-40.275356
10179000,-40.270383
10179900,-40.411403
10180800,-24.694289
10181700,-24.738739
10182600,-24.735685
10183500,-24.822305
10184400,-14.788816
10185300,-14.815436
10186200,-14.813607
10187100,-14.865482
10188000,-4.730275
10188900,-4.738789
10189800,-4.738204
10190700,-4.754796
10191600,-2.470563
10192500,-2.47501
10193400,-2.474704
10194300,-2.48337
10195200,-2.37946
10196100,-2.383743
10197000,-2.383449
10197900,-2.391795
10198800,-2.200053
10199700,-2.204013
10200600,-2.203741
10201500,-2.211458
10202400,-2.303516
10203300,-2.307662
10204200,-2.307378
10205100,-2.315458
10206000,-2.303809
10206900,-2.307956
10207800,-2.307671
10208700,-2.315752
10209600,-2.310826
10210500,-2.314985
10211400,-2.3147
10212300,-2.322805
10213200,-4.462642
10214100,-4.470675
10215000,-4.470123
10215900,-4.485776
10216800,-17.832009
10217700,-17.864107
10218600,-17.861901
10219500,-17.92445
10220400,-39.761604
10221300,-39.833175
10222200,-39.828258
10223100,-39.967729
10224000,-43.844915
10224900,-43.923837
10225800,-43.918414
10226700,-44.072208
10227600,-42.857023
10228500,-42.934166
10229400,-42.928865
10230300,-43.079194
10231200,-30.072008
10232100,-30.126138
10233000,-30.122419
10233900,-30.227902
10234800,-22.547666
10235700,-22.588252
10236600,-22.585463
10237500,-22.664554
10238400,-18.218842
10239300,-18.251636
10240200,-18.249383
10241100,-18.313289
10242000,-18.886474
10242900,-18.92047
10243800,-18.918134
10244700,-18.984382
10245600,-18.180672
10246500,-18.213397
10247400,-18.211148
10248300,-18.27492
10249200,-21.834174
10250100,-21.873476
10251000,-21.870775
10251900,-21.947363
10252800,-30.385376
10253700,-30.44007
10254600,-30.436312
10255500,-30.542894
10256400,-38.901406
10257300,-38.971428
10258200,-38.966617
10259100,-39.103071
10260000,-42.250779
10260900,-42.326831
10261800,-42.321605
10262700,-42.469808
10263600,-37.744368
10264500,-37.812308
10265400,-37.807639
10266300,-37.940035
10267200,-23.184105
10268100,-23.225837
10269000,-23.222969
10269900,-23.304292
10270800,-13.884403
10271700,-13.909395
10272600,-13.907678
10273500,-13.95638
10274400,-4.440994
10275300,-4.448987
10276200,-4.448438
10277100,-4.464016
10278000,-2.319475
10278900,-2.32365
10279800,-2.323363
10280700,-2.331499
10281600,-3.195197
10282500,-3.200948
10283400,-3.200553
10284300,-3.211761
10285200,-2.954284
10286100,-2.959602
10287000,-2.959236
10287900,-2.969599
10288800,-3.093217
10289700,-3.098785
10290600,-3.098402
10291500,-3.109252
10292400,-3.093611
10293300,-3.099179
10294200,-3.098797
10295100,-3.109648
10296000,-3.103033
10296900,-3.108619
10297800,-3.108235
10298700,-3.119119
10299600,-5.992544
10300500,-6.00333
10301400,-6.002589
10302300,-6.023609
10303200,-23.945253
10304100,-23.988355
10305000,-21.677974
10305900,-21.761967
10306800,-51.085426
10307700,-51.181533
10308600,-51.174929
10309500,-48.901022
10310400,-54.107402
10311300,-54.213379
10312200,-54.206097
10313100,-54.412616
10314000,-52.780835
10314900,-52.884425
10315800,-52.877307
10316700,-53.079172
10317600,-35.612809
10318500,-35.685495
10319400,-35.680501
10320300,-35.822146
10321200,-25.50894
10322100,-25.56344
10323000,-25.559695
10323900,-25.665899
10324800,-22.157283
10325700,-22.20132
10326600,-22.198294
10327500,-22.284109
10328400,-25.361214
10329300,-25.406865
10330200,-25.403728
10331100,-25.492687
10332000,-24.413446
10332900,-24.45739
10333800,-24.454371
10334700,-24.540005
10335600,-29.319458
10336500,-29.372233
10337400,-29.368607
10338300,-29.47145
10339200,-40.802218
10340100,-40.875662
10341000,-40.870616
10341900,-41.013737
10342800,-52.237749
10343700,-52.331777
10344600,-52.325316
10345500,-52.50855
10346400,-56.735369
10347300,-56.837493
10348200,-56.830475
10349100,-57.029486
10350000,-50.68405
10350900,-50.775282
10351800,-50.769013
10352700,-50.946797
10353600,-31.132177
10354500,-31.188216
10355400,-31.184365
10356300,-31.293567
10357200,-18.644313
10358100,-18.677873
10359000,-18.675567
10359900,-18.740965
10360800,-5.963474
10361700,-5.974208
10362600,-5.973471
10363500,-5.994389
10364400,-3.114647
10365300,-3.120254
10366200,-3.119868
10367100,-3.130794
10368000,-3.205657
10368900,-3.211427
10369800,-3.211031
10370700,-3.222275
10371600,-2.963955
10372500,-2.969291
10373400,-2.968924
10374300,-2.979321
10375200,-3.103344
10376100,-3.10893
10377000,-3.108546
10377900,-3.119431
10378800,-3.103739
10379700,-3.109325
10380600,-3.108941
10381500,-3.119828
10382400,-3.113192
10383300,-3.118795
10384200,-3.11841
10385100,-3.129331
10386000,-6.012162
10386900,-6.022984
10387800,-6.02224
10388700,-6.043329
10389600,-24.023645
10390500,-24.066888
10391400,-24.063916
10392300,-24.148184
10393200,-53.567641
10394100,-53.664063
10395000,-53.657438
10395900,-53.845336
10396800,-59.068761
10397700,-59.175085
10398600,-59.167779
10399500,-59.374974
10400400,-57.737852
10401300,-57.84178
10402200,-57.834639
10403100,-58.037165
10404000,-40.51362
10404900,-40.586545
10405800,-40.581534
10406700,-40.723644
10407600,-30.376674
10408500,-30.431352
10409400,-30.427595
10410300,-30.534147
10411200,-24.544794
10412100,-24.588975
10413000,-24.585939
10413900,-24.672035
10414800,-25.444241
10415700,-25.490041
10416600,-25.486894
10417500,-25.576145
10418400,-24.49337
10419300,-24.537458
10420200,-24.534429
10421100,-24.620344
10422000,-29.415443
10422900,-29.468391
10423800,-29.464753
10424700,-29.567933
10425600,-40.935796
10426500,-41.00948
10427400,-41.004417
10428300,-41.148007
10429200,-52.408764
10430100,-52.5031
10431000,-52.496618
10431900,-52.680452
10432800,-56.921108
10433700,-57.023566
10434600,-57.016526
10435500,-57.216188
10436400,-50.849979
10437300,-50.941509
10438200,-50.93522
10439100,-51.113586
10440000,-31.234097
10440900,-31.290319
10441800,-31.286456
10442700,-31.396015
10443600,-18.70535
10444500,-18.73902
10445400,-18.736706
10446300,-18.802319
10447200,-5.982997
10448100,-5.993766
10449000,-5.993026
10449900,-6.014013
10450800,-3.124844
10451700,-3.130469
10452600,-3.130082
10453500,-3.141043
10454400,-3.125086
10455300,-3.130711
10456200,-3.130325
10457100,-3.141286
10458000,-2.889459
10458900,-2.89466
10459800,-2.894303
10460700,-2.904438
10461600,-3.025344
10462500,-3.03079
10463400,-3.030415
10464300,-3.041027
10465200,-3.025729
10466100,-3.031175
10467000,-3.030801
10467900,-3.041414
10468800,-3.034944
10469700,-3.040407
10470600,-3.040032
10471500,-3.050678
10472400,-5.861051
10473300,-5.871601
10474200,-5.870876
10475100,-5.891435
10476000,-23.419832
10476900,-23.461987
10477800,-23.459091
10478700,-23.54124
10479600,-52.221265
10480500,-52.315264
10481400,-52.308805
10482300,-52.491981
10483200,-57.584119
10484100,-57.687771
10485000,-57.680649
10485900,-57.882636
10486800,-56.286661
10487700,-56.387977
10488600,-56.381016
10489500,-56.578452
10490400,-39.495346
10491300,-39.566438
10492200,-39.561553
10493100,-39.70009
10494000,-29.613183
10494900,-29.666487
10495800,-29.662824
10496700,-29.766698
10497600,-21.620463
10498500,-19.202341
10499400,-16.579456
10500300,-13.879768
10501200,-11.680293
10502100,-11.724941
10503000,-8.595985
10503900,-5.37853
10504800,-0.834972
10505700,-0.877952000000001
10506600,-0.874998000000001
10507500,2.71774
10508400,-1.956839
10509300,-5.68495
10510200,-5.681403
10511100,-9.269988
10512000,-20.352129
10512900,-26.854313
10513800,-29.80165
10514700,-32.725251
10515600,-48.784096
10516500,-51.18348
10517400,-51.177161
10518300,-51.356374
10519200,-55.490445
10520100,-55.590329
10521000,-55.583465
10521900,-55.778109
10522800,-49.571909
10523700,-49.661139
10524600,-49.655007
10525500,-49.82889
10526400,-30.449056
10527300,-30.503864
10528200,-30.500098
10529100,-30.606904
10530000,-18.235208
10530900,-18.268031
10531800,-18.265776
10532700,-18.329739
10533600,-5.832619
10534500,-5.843118
10535400,-5.842397
10536300,-5.862856
10537200,-3.046304
10538100,-3.051787
10539000,-3.05141
10539900,-3.062096
10540800,-3.244895
10541700,-3.250736
10542600,-3.250335
10543500,-3.261717
10544400,-3.000235
10545300,-3.005636
10546200,-3.005265
10547100,-3.015788
10548000,-3.14133
10548900,-3.146984
10549800,-3.146595
10550700,-3.157614
10551600,-3.141729
10552500,-3.147384
10553400,-3.146996
10554300,-3.158016
10555200,-3.151298
10556100,-3.15697
10557000,-3.156581
10557900,-3.167634
10558800,-6.085752
10559700,-6.096707
10560600,-6.095954
10561500,-6.117301
10562400,-24.317701
10563300,-24.361473
10564200,-24.358465
10565100,-24.443764
10566000,-54.223325
10566900,-54.320927
10567800,-54.31422
10568700,-54.504419
10569600,-59.79178
10570500,-59.899405
10571400,-59.89201
10572300,-60.101741
10573200,-58.444579
10574100,-58.54978
10575000,-58.542551
10575900,-58.747557
10576800,-41.009519
10577700,-41.083336
10578600,-41.078264
10579500,-38.914694
10580400,-28.441074
10581300,-26.035229
10582200,-26.031426
10583100,-26.139282
10584000,-20.076618
10584900,-17.501414
10585800,-17.498341
10586700,-17.585491
10587600,-18.367149
10588500,-18.41351
10589400,-21.030249
10590300,-21.120592
10591200,-20.024564
10592100,-20.069192
10593000,-22.527318
10593900,-22.614285
10594800,-29.775497
10595700,-29.829093
10596600,-29.82541
10597500,-29.929853
10598400,-41.436862
10599300,-41.511448
10600200,-41.506323
10601100,-41.651671
10602000,-53.050262
10602900,-53.145753
10603800,-53.139192
10604700,-53.325275
10605600,-57.617839
10606500,-57.721551
10607400,-57.714425
10608300,-57.91653
10609200,-51.472397
10610100,-51.565048
10611000,-51.558682
10611900,-51.739231
10612800,-31.616412
10613700,-31.673321
10614600,-31.669411
10615500,-31.780311
10616400,-18.934309
10617300,-18.968391
10618200,-18.966049
10619100,-19.032465
10620000,-6.056231
10620900,-6.067132
10621800,-6.066383
10622700,-6.087626
10623600,-3.163093
10624500,-3.168786
10625400,-3.168395
10626300,-3.17949
10627200,-2.918308
10628100,-2.923561
10629000,-2.9232
10629900,-2.933437
10630800,-2.698272
10631700,-2.703129
10632600,-2.702795
10633500,-2.71226
10634400,-2.825166
10635300,-2.830251
10636200,-2.829902
10637100,-2.839811
10638000,-2.825525
10638900,-2.830611
10639800,-2.830262
10640700,-0.532754
10641600,1.934481
10642500,7.332925
10643400,10.285548
10644300,13.401495
10645200,17.569536
10646100,21.236178
10647000,25.106805
10647900,25.087607
10648800,12.787379
10649700,17.019756
10650600,17.022461
10651500,16.945747
10652400,-9.836605
10653300,-9.924384
10654200,-9.918352
10655100,-14.361152
10656000,-19.116358
10656900,-23.281518
10657800,-23.274867
10658700,-27.333439
10659600,-29.519559
10660500,-29.614172
10661400,-33.095668
10662300,-33.280041
10663200,-17.327274
10664100,-17.393662
10665000,-17.3891
10665900,-17.518471
10666800,-8.098985
10667700,-4.660764
10668600,-4.657343
10669500,-1.07785
10670400,4.374628
10671300,8.204358
10672200,12.275487
10673100,16.468853
10674000,20.245947
10674900,20.204253
10675800,24.900497
10676700,29.730883
10677600,35.851456
10678500,35.81132
10679400,41.177112
10680300,41.098898
10681200,42.329797
10682100,36.685421
10683000,36.688733
10683900,36.594801
10684800,20.882899
10685700,15.680963
10686600,6.080556
10687500,1.469756
10688400,-17.121717
10689300,-24.754041
10690200,-31.540601
10691100,-37.786117
10692000,-49.511387
10692900,-51.91208
10693800,-51.905671
10694700,-52.087435
10695600,-46.291881
10696500,-46.375207
10697400,-46.369482
10698300,-46.531859
10699200,-28.434331
10700100,-28.485513
10701000,-28.481996
10701900,-28.581735
10702800,-17.028637
10703700,-17.059289
10704600,-17.057183
10705500,-17.116914
10706400,-5.446692
10707300,-5.456496
10708200,-5.455823
10709100,-5.474928
10710000,-2.844739
10710900,-2.849859
10711800,-2.849507
10712700,-2.859486
10713600,-2.575776
10714500,-2.580412
10715400,-2.580094
10716300,-2.589129
10717200,-2.381566
10718100,-2.385853
10719000,-2.385559
10719900,-2.393912
10720800,-2.493566
10721700,-2.498055
10722600,-2.497746
10723500,-2.506493
10724400,-2.493883
10725300,-2.498372
10726200,-2.498064
10727100,-2.506812
10728000,-2.501479
10728900,-2.505982
10729800,-2.505672
10730700,-2.514447
10731600,-4.830829
10732500,-4.839525
10733400,-4.838927
10734300,-4.855872
10735200,-16.995808
10736100,-14.569361
10737000,-11.947048
10737900,-9.231138
10738800,-29.917678
10739700,-26.869266
10740600,-23.559479
10741500,-20.22246
10742400,-20.743037
10743300,-16.958519
10744200,-12.884283
10745100,-8.779022
10746000,-2.983498
10746900,-3.067005
10747800,1.632112
10748700,1.46938
10749600,20.461352
10750500,20.402756
10751400,20.406782
10752300,20.292596
10753200,33.74134
10754100,33.697406
10755000,33.700425
10755900,33.614809
10756800,38.427311
10757700,38.391811
10758600,38.39425
10759500,38.325072
10760400,37.704597
10761300,37.667796
10762200,37.670325
10763100,37.598611
10764000,38.468631
10764900,38.433205
10765800,33.300784
10766700,33.23175
10767600,29.378842
10768500,24.424661
10769400,19.734205
10770300,15.171218
10771200,6.037033
10772100,-2.362284
10773000,-9.904659
10773900,-16.812496
10774800,-31.938782
10775700,-42.186739
10776600,-42.181531
10777500,-42.329243
10778400,-45.73665
10779300,-45.818976
10780200,-45.81332
10781100,-45.97375
10782000,-40.85844
10782900,-40.931986
10783800,-40.926932
10784700,-41.070251
10785600,-25.096894
10786500,-25.142068
10787400,-25.138964
10788300,-25.226996
10789200,-15.029926
10790100,-15.05698
10791000,-15.055121
10791900,-15.107842
10792800,-4.807395
10793700,-4.816048
10794600,-4.815454
10795500,-4.832316
10796400,-2.510842
10797300,-2.515361
10798200,-2.515051
10799100,-2.523858
10800000,-2.418254
10800900,-2.422607
10801800,-2.422308
10802700,-2.43079
10803600,-2.235921
10804500,-2.239946
10805400,-2.239669
10806300,-2.247512
10807200,-2.341072
10808100,-2.345286
10809000,-2.344996
10809900,-2.353208
10810800,-2.341369
10811700,-2.345584
10812600,-2.345294
10813500,-2.353507
10814400,-2.348501
10815300,-2.352728
10816200,-2.352437
10817100,-2.360675
10818000,-4.535399
10818900,-4.543562
10819800,-4.543001
10820700,-4.55891
10821600,-18.122734
10822500,-18.155355
10823400,-18.153113
10824300,-18.216682
10825200,-40.409859
10826100,-40.482597
10827000,-40.477599
10827900,-40.619344
10828800,-44.559742
10829700,-44.63995
10830600,-44.634439
10831500,-44.790741
10832400,-43.555743
10833300,-43.634144
10834200,-43.628757
10835100,-43.781537
10836000,-30.562288
10836900,-30.6173
10837800,-30.61352
10838700,-30.720723
10839600,-22.915273
10840500,-22.95652
10841400,-22.953686
10842300,-23.034066
10843200,-18.515874
10844100,-18.549202
10845000,-18.546912
10845900,-18.61186
10846800,-19.19439
10847700,-16.921521
10848600,-14.457954
10849500,-14.525282
10850400,-11.088544
10851300,-11.121802
10852200,-11.119517
10853100,-8.400709
10854000,-12.017991
10854900,-12.057934
10855800,-14.838809
10856700,-14.916645
10857600,-23.492228
10858500,-28.628931
10859400,-30.932531
10860300,-31.040851
10861200,-39.535636
10862100,-39.6068
10863000,-39.60191
10863900,-39.740589
10864800,-42.939616
10865700,-43.016907
10866600,-43.011596
10867500,-43.162215
10868400,-38.359734
10869300,-38.428782
10870200,-38.424037
10871100,-38.558591
10872000,-23.562088
10872900,-23.6045
10873800,-23.601585
10874700,-23.684234
10875600,-14.110768
10876500,-14.136168
10877400,-14.134422
10878300,-14.183918
10879200,-4.513398
10880100,-4.521522
10881000,-4.520963
10881900,-4.536795
10882800,-2.357291
10883700,-2.361534
10884600,-2.361242
10885500,-2.369511
10886400,-3.196906
10887300,-3.202661
10888200,-3.202266
10889100,-3.213479
10890000,-2.955864
10890900,-2.961185
10891800,-2.960819
10892700,-2.971188
10893600,-3.094872
10894500,-3.100443
10895400,-3.10006
10896300,-3.110916
10897200,-3.095266
10898100,-3.100837
10899000,-3.100455
10899900,-3.111312
10900800,-3.104693
10901700,-3.110282
10902600,-3.109898
10903500,-3.120788
10904400,-5.99575
10905300,-6.006542
10906200,-6.005801
10907100,-6.026832
10908000,-23.958065
10908900,-24.00119
10909800,-23.998226
10910700,-24.082264
10911600,-53.421412
10912500,-53.517571
10913400,-53.510963
10914300,-53.698349
10915200,-58.907515
10916100,-59.013549
10917000,-59.006263
10917900,-59.212892
10918800,-57.580238
10919700,-57.683883
10920600,-57.676761
10921500,-57.878735
10922400,-40.403026
10923300,-40.475752
10924200,-40.470755
10925100,-40.612476
10926000,-30.293752
10926900,-30.348281
10927800,-30.344534
10928700,-30.450795
10929600,-24.477792
10930500,-24.521852
10931400,-24.518825
10932300,-24.604685
10933200,-25.374784
10934100,-25.420458
10935000,-25.41732
10935900,-25.506327
10936800,-24.426508
10937700,-24.470476
10938600,-24.467455
10939500,-24.553135
10940400,-29.335145
10941300,-29.387948
10942200,-29.38432
10943100,-29.487219
10944000,-40.824049
10944900,-40.897532
10945800,-40.892483
10946700,-41.035681
10947600,-52.265698
10948500,-52.359777
10949400,-52.353312
10950300,-52.536644
10951200,-56.765724
10952100,-56.867903
10953000,-56.860882
10953900,-57.059998
10954800,-50.711168
10955700,-50.802449
10956600,-50.796177
10957500,-50.974056
10958400,-31.148834
10959300,-31.204902
10960200,-31.20105
10961100,-31.31031
10962000,-18.654288
10962900,-18.687866
10963800,-18.685559
10964700,-18.750992
10965600,-5.966664
10966500,-5.977405
10967400,-5.976667
10968300,-5.997596
10969200,-3.116314
10970100,-3.121923
10971000,-3.121538
10971900,-3.132469
10972800,-3.207372
10973700,-3.213146
10974600,-3.212749
10975500,-3.223999
10976400,-2.965541
10977300,-2.970879
10978200,-2.970513
10979100,-2.980915
10980000,-3.105004
10980900,-3.110593
10981800,-3.110209
10982700,-3.1211
10983600,-3.105399
10984500,-3.110989
10985400,-3.110605
10986300,-3.121498
10987200,-3.114857
10988100,-3.120464
10989000,-3.120079
10989900,-3.131005
10990800,-6.015379
10991700,-3.718787
10992600,-1.25685
10993500,4.125595
10994400,-10.912068
10995300,-7.829446
10996200,-4.52201
10997100,-1.118325
10998000,-26.877029
10998900,-19.035187
10999800,-14.756814
11000700,-10.464732
11001600,-6.085935
11002500,4.305574
11003400,21.820667
11004300,34.517053
11005200,57.457552
11006100,72.91108
11007000,89.606714
11007900,107.263225
11008800,143.865631
11009700,153.79369
11010600,153.798704
11011500,163.975007
11012400,184.968428
11013300,174.272805
11014200,163.958076
11015100,153.850444
11016000,150.154485
11016900,131.650925
11017800,114.385106
11018700,90.54106
11019600,75.302218
11020500,61.841779
11021400,49.442238
11022300,37.922491
11023200,28.507955
11024100,18.858827
11025000,14.381777
11025900,5.955706
11026800,-2.711909
11027700,-9.929377
11028600,-13.2302
11029500,-19.411596
11030400,-33.569161
11031300,-38.724003
11032200,-41.026356
11033100,-41.170023
11034000,-52.436805
11034900,-52.531191
11035800,-52.524706
11036700,-52.708638
11037600,-56.951563
11038500,-57.054076
11039400,-57.047032
11040300,-57.2468
11041200,-50.877186
11042100,-48.661346
11043000,-46.19386
11043900,-40.968776
11044800,-18.126379
11045700,-18.18263
11046600,-15.052877
11047500,-15.162495
11048400,0.839423
11049300,0.805734999999999
11050200,0.808049999999998
11051100,0.742401999999998
11052000,13.568583
11052900,13.557808
11053800,13.558548
11054700,10.233087
11055600,13.123802
11056500,13.118175
11057400,13.118561
11058300,13.107594
11059200,19.916021
11060100,23.586887
11061000,23.587274
11061900,27.446256
11062800,31.766584
11063700,27.693014
11064600,23.823422
11065500,23.813281
11066400,20.015816
11067300,20.010368
11068200,20.010742
11069100,20.000125
11070000,20.015431
11070900,20.009982
11071800,23.686851
11072700,23.676232
11073600,27.552655
11074500,31.615555
11075400,31.615931
11076300,35.877023
11077200,37.545227
11078100,33.05459
11079000,33.055315
11079900,33.034746
11080800,11.225227
11081700,11.183049
11082600,7.117581
11083500,7.035387
11084400,-21.659983
11085300,-29.300475
11086200,-32.782011
11087100,-36.269748
11088000,-47.442772
11088900,-50.330099
11089800,-55.404091
11090700,-57.913605
11091600,-56.316776
11092500,-56.418147
11093400,-56.411182
11094300,-56.608723
11095200,-39.516477
11096100,-39.587607
11097000,-39.58272
11097900,-39.721331
11098800,-29.629027
11099700,-27.374941
11100600,-22.290158
11101500,-13.532306
11102400,-0.897905999999999
11103300,6.605445
11104200,14.948516
11105100,24.037999
11106000,28.196436
11106900,33.286619
11107800,33.289689
11108700,38.565669
11109600,39.621794
11110500,39.578791
11111400,39.581746
11112300,45.09412
11113200,40.41704
11114100,29.406187
11115000,24.274879
11115900,14.569223
11116800,-0.998928999999997
11117700,-13.28086
11118600,-20.440413
11119500,-27.01082
11120400,-46.350239
11121300,-48.903447
11122200,-51.204543
11123100,-51.383852
11124000,-55.520135
11124900,-55.620072
11125800,-55.613205
11126700,-55.807952
11127600,-49.598432
11128500,-49.687709
11129400,-49.681575
11130300,-49.855551
11131200,-28.157928
11132100,-30.520185
11133000,-30.516417
11133900,-30.62328
11134800,-18.244964
11135700,-18.277805
11136600,-18.275549
11137500,-18.339546
11138400,-5.83574
11139300,-5.846245
11140200,-5.845523
11141100,-5.865993
11142000,-3.047933
11142900,-3.05342
11143800,-3.053043
11144700,-3.063734
11145600,-3.246632
11146500,-3.252476
11147400,-3.252074
11148300,-3.263462
11149200,-0.694421
11150100,-3.007244
11151000,-3.006872
11151900,-3.017402
11152800,-3.14301
11153700,-3.148668
11154600,-3.148279
11155500,-3.159304
11156400,-3.14341
11157300,-3.149068
11158200,-3.14868
11159100,-3.159706
11160000,-3.152984
11160900,-3.15866
11161800,-3.15827
11162700,-3.169329
11163600,-6.089009
11164500,-6.099969
11165400,-6.099216
11166300,-6.120574
11167200,-22.023293
11168100,-22.067089
11169000,-19.602886
11169900,-17.068306
11170800,-44.080179
11171700,-41.225561
11172600,-41.21885
11173500,-38.283263
11174400,-43.573452
11175300,-40.376673
11176200,-40.369273
11177100,-40.579116
11178000,-38.921069
11178900,-35.538327
11179800,-35.531095
11180700,-35.73621
11181600,-17.988681
11182500,-18.062538
11183400,-18.057463
11184300,-18.201389
11185200,-7.722166
11186100,-7.777543
11187000,-11.261736
11187900,-11.36965
11188800,-5.303742
11189700,-8.65295
11190600,-11.775764
11191500,-11.86296
11192400,-15.597309
11193300,-18.427315
11194200,-21.044052
11195100,-21.134444
11196000,-22.499022
11196900,-24.851093
11197800,-24.848025
11198700,-24.935038
11199600,-29.791428
11200500,-29.845052
11201400,-29.841368
11202300,-29.945867
11203200,-41.459032
11204100,-41.533658
11205000,-41.528531
11205900,-41.673956
11206800,-53.078646
11207700,-53.174188
11208600,-53.167623
11209500,-53.353807
11210400,-57.648666
11211300,-57.752434
11212200,-57.745304
11213100,-57.947518
11214000,-51.499937
11214900,-51.592637
11215800,-51.586267
11216700,-51.766913
11217600,-31.633328
11218500,-31.690268
11219400,-31.686355
11220300,-31.797315
11221200,-18.94444
11222100,-18.97854
11223000,-18.976197
11223900,-19.042648
11224800,-6.059471
11225700,-6.070378
11226600,-6.069628
11227500,-6.090883
11228400,-3.164785
11229300,-3.170482
11230200,-3.17009
11231100,-3.181191
11232000,-2.91987
11232900,-2.925125
11233800,-2.924764
11234700,-2.935006
11235600,-2.699716
11236500,-2.704575
11237400,-2.704241
11238300,-2.713711
11239200,-2.826677
11240100,-2.831765
11241000,-2.831416
11241900,-2.841331
11242800,-2.827037
11243700,-2.832126
11244600,-2.831776
11245500,-2.841692
11246400,-2.835647
11247300,-2.840752
11248200,-2.840401
11249100,-0.542928
11250000,-0.707559
11250900,-0.717416
11251800,1.903186
11252700,4.667597
11253600,-11.709754
11254500,-8.796869
11255400,-5.668275
11256300,-2.440567
11257200,-25.74925
11258100,-18.290632
11259000,-14.216231
11259900,-10.115635
11260800,-10.393304
11261700,-5.79677
11262600,-0.878479000000006
11263500,9.430688
11264400,16.518034
11265300,22.257645
11266200,28.341484
11267100,41.060705
11268000,63.858285
11268900,70.891041
11269800,70.895605
11270700,78.133207
11271600,95.197599
11272500,95.147795
11273400,95.151217
11274300,95.054164
11275200,100.50956
11276100,100.469318
11277000,92.832218
11277900,92.753798
11278800,92.050435
11279700,84.641676
11280600,84.644543
11281500,77.464069
11282400,78.450313
11283300,71.573877
11284200,71.576637
11285100,64.920044
11286000,54.227078
11286900,48.101516
11287800,42.270556
11288700,31.217365
11289600,15.728104
11290500,6.055972
11291400,-6.759607
11292300,-14.43684
11293200,-34.612037
11294100,-45.514974
11295000,-47.816489
11295900,-47.983934
11296800,-51.846531
11297700,-51.939855
11298600,-51.933442
11299500,-52.115304
11300400,-46.316649
11301300,-46.40002
11302200,-46.394291
11303100,-46.556755
11304000,-28.449544
11304900,-28.500754
11305800,-28.497235
11306700,-28.597027
11307600,-17.037748
11308500,-17.068416
11309400,-17.066309
11310300,-17.126072
11311200,-5.449606
11312100,-5.459416
11313000,-5.458742
11313900,-5.477857
11314800,-2.846261
11315700,-2.851384
11316600,-2.851032
11317500,-2.861016
11318400,-2.577154
11319300,-2.581793
11320200,-2.581474
11321100,-2.590514
11322000,-2.382841
11322900,-2.38713
11323800,-2.386835
11324700,-2.395193
11325600,-2.4949
11326500,-2.499391
11327400,-2.499083
11328300,-2.507834
11329200,-2.495218
11330100,-2.499709
11331000,-2.4994
11331900,-2.508153
11332800,-2.502817
11333700,-0.199904
11334600,4.881524
11335500,7.656365
11336400,11.416904
11337300,18.200665
11338200,25.747707
11339100,34.070863
11340000,28.789238
11340900,33.666111
11341800,38.803356
11342700,38.73561
11343600,20.447183
11344500,20.369665
11345400,20.374992
11346300,20.223933
11347200,10.661582
11348100,10.576104
11349000,5.447121
11349900,5.280549
11350800,1.68506
11351700,-3.091872
11352600,-3.086131
11353500,-7.729031
11354400,2.087093
11355300,2.028466
11356200,2.032495
11357100,-2.150118
11358000,6.168218
11358900,6.12426
11359800,6.12728
11360700,2.171669
11361600,6.986746
11362500,6.951227
11363400,6.953668
11364300,6.884452
11365200,6.263645
11366100,6.226825
11367000,6.229355
11367900,6.157603
11368800,7.028088
11369700,10.862594
11370600,10.865029
11371500,10.795959
11372400,6.940989
11373300,6.898422
11374200,6.901347
11375100,6.818397
11376000,-2.320676
11376900,-6.249864
11377800,-13.410285
11378700,-16.830186
11379600,-29.00904
11380500,-39.901892
11381400,-42.204099
11382300,-42.35189
11383200,-45.761121
11384100,-45.843491
11385000,-45.837831
11385900,-45.998347
11386800,-40.880301
11387700,-40.953886
11388600,-40.94883
11389500,-41.092225
11390400,-25.110321
11391300,-25.15552
11392200,-25.152414
11393100,-25.240494
11394000,-15.037968
11394900,-15.065036
11395800,-15.063176
11396700,-15.115925
11397600,-4.809967
11398500,-4.818625
11399400,-4.81803
11400300,-4.834902
11401200,-2.512185
11402100,-2.516707
11403000,-2.516396
11403900,-2.525208
11404800,-2.419548
11405700,-2.423903
11406600,-2.423604
11407500,-2.432091
11408400,-2.237117
11409300,-2.241144
11410200,-2.240868
11411100,-2.248715
11412000,-2.342324
11412900,-2.34654
11413800,-2.346251
11414700,-2.354467
11415600,-2.342622
11416500,-2.346839
11417400,-2.346549
11418300,-2.354766
11419200,-2.349757
11420100,-2.353987
11421000,-2.353696
11421900,2.406674
11422800,2.850712
11423700,5.626164
11424600,8.578998
11425500,11.688969
11426400,1.422351
11427300,4.87771
11428200,8.556447
11429100,16.43116
11430000,-1.502147
11430900,-1.574924
11431800,2.910158
11432700,7.461716
11433600,3.51921
11434500,8.350596
11435400,8.35610999999999
11436300,13.334581
11437200,14.570239
11438100,14.491796
11439000,19.86022
11439900,19.707358
11440800,32.93368
11441700,32.878638
11442600,32.88242
11443500,32.77516
11444400,40.584787
11445300,46.139692
11446200,46.142528
11447100,51.896379
11448000,56.416989
11448900,56.383642
11449800,62.463267
11450700,62.398285
11451600,61.815443
11452500,68.10623
11453400,68.108605
11454300,68.041241
11455200,68.858491
11456100,68.825215
11457000,62.502146
11457900,62.4373
11458800,58.818082
11459700,52.700784
11460600,46.869256
11461500,41.195204
11462400,27.251999
11463300,12.456512
11464200,3.708508
11465100,-4.338186
11466000,-23.306471
11466900,-32.239454
11467800,-39.623099
11468700,-39.761852
11469600,-42.96259
11470500,-43.039923
11471400,-43.034609
11472300,-43.185309
11473200,-38.380258
11474100,-38.449343
11475000,-38.444596
11475900,-38.579222
11476800,-23.574694
11477700,-23.617129
11478600,-23.614213
11479500,-23.696906
11480400,-14.118318
11481300,-14.143731
11482200,-14.141985
11483100,-14.191507
11484000,-4.515812
11484900,-4.523941
11485800,-4.523382
11486700,-4.539222
11487600,-2.358552
11488500,-2.362797
11489400,-2.362506
11490300,-2.370779
11491200,-3.281916
11492100,-3.287824
11493000,-3.287418
11493900,-3.29893
11494800,-3.034465
11495700,-3.039927
11496600,-3.039551
11497500,-3.050195
11498400,-3.177169
11499300,-3.182888
11500200,-3.182495
11501100,-3.193639
11502000,-3.177573
11502900,-3.183293
11503800,-3.1829
11504700,-3.194046
11505600,-3.187251
11506500,-3.192988
11507400,-3.192594
11508300,-3.203774
11509200,-1.386572
11510100,-1.397652
11511000,1.223034
11511900,1.201444
11512800,-14.422984
11513700,-11.514982
11514600,-8.386052
11515500,-5.167861
11516400,-31.799177
11517300,-28.221399
11518200,-24.344666
11519100,-24.537034
11520000,-25.816352
11520900,-21.653462
11521800,-17.165901
11522700,-12.684646
11523600,-6.096941
11524500,-6.203342
11525400,-1.06117500000001
11526300,-1.268519
11527200,22.034926
11528100,21.960266
11529000,27.561571
11529900,27.416081
11530800,43.843468
11531700,43.787489
11532600,43.791335
11533500,49.759582
11534400,55.891415
11535300,55.846183
11536200,55.849291
11537100,55.761148
11538000,54.970571
11538900,54.923682
11539800,54.926904
11540700,48.758196
11541600,49.866729
11542500,43.987318
11543400,43.990419
11544300,38.306285
11545200,33.397116
11546100,27.979875
11547000,22.848743
11547900,22.743109
11548800,6.19318
11549700,-3.055717
11550600,-11.390644
11551500,-19.084094
11552400,-37.405192
11553300,-46.363553
11554200,-53.745454
11555100,-53.933661
11556000,-58.275198
11556900,-58.380093
11557800,-58.372886
11558700,-58.577297
11559600,-52.059643
11560500,-52.153351
11561400,-52.146912
11562300,-52.329521
11563200,-31.977122
11564100,-32.034681
11565000,-32.030726
11565900,-32.142892
11566800,-19.15033
11567700,-19.1848
11568600,-19.182432
11569500,-19.249605
11570400,-6.125326
11571300,-6.136351
11572200,-6.135594
11573100,-6.15708
11574000,-3.19918
11574900,-3.204939
11575800,-3.204543
11576700,-3.215765
11577600,-3.292661
11578500,-3.298587
11579400,-3.29818
11580300,-3.30973
11581200,-3.044399
11582100,-3.049879
11583000,-3.049502
11583900,-3.060181
11584800,-3.18757
11585700,-3.193308
11586600,-3.192914
11587500,-3.204095
11588400,-3.187976
11589300,-3.193714
11590200,-3.19332
11591100,-3.204502
11592000,-3.197685
11592900,-3.203441
11593800,-3.203046
11594700,-3.214262
11595600,-6.175335
11596500,-6.186451
11597400,-6.185687
11598300,-6.207348
11599200,-24.67566
11600100,-22.412657
11601000,-17.328487
11601900,-11.679149
11602800,-35.466715
11603700,-28.401262
11604600,-24.524507
11605500,-20.649139
11606400,-17.262505
11607300,-17.371715
11608200,-12.670832
11609100,-12.88365
11610000,-6.290458
11610900,-6.39720800000001
11611800,-6.389873
11612700,-6.59789600000001
11613600,11.401248
11614500,11.326344
11615400,11.331491
11616300,11.185524
11617200,21.813316
11618100,16.845517
11619000,16.849376
11619900,16.739932
11620800,22.891839
11621700,22.84646
11622600,22.849578
11623500,22.761146
11624400,21.967981
11625300,21.920938
11626200,17.230792
11627100,17.139119
11628000,18.25128
11628900,18.205996
11629800,13.729026
11630700,13.640779
11631600,8.715539
11632500,4.38941
11633400,0.324781000000002
11634300,0.218800000000002
11635200,-15.327543
11636100,-22.567719
11637000,-28.99287
11637900,-34.87625
11638800,-51.523748
11639700,-53.928063
11640600,-53.921405
11641500,-54.110228
11642400,-58.465978
11643300,-58.571217
11644200,-58.563986
11645100,-58.769066
11646000,-52.230075
11646900,-52.32409
11647800,-52.31763
11648700,-52.500836
11649600,-32.081808
11650500,-32.139555
11651400,-32.135587
11652300,-32.24812
11653200,-19.213024
11654100,-19.247607
11655000,-19.245231
11655900,-19.312624
11656800,-6.145379
11657700,-6.15644
11658600,-6.15568
11659500,-6.177236
11660400,-3.209654
11661300,-3.215431
11662200,-3.215034
11663100,-3.226293
11664000,-3.209902
11664900,-3.21568
11665800,-3.215283
11666700,-3.226543
11667600,-2.967881
11668500,-2.973223
11669400,-2.972856
11670300,-2.983266
11671200,-3.107453
11672100,-3.113047
11673000,-3.112662
11673900,-3.123562
11674800,-3.107849
11675700,-3.113443
11676600,-3.113059
11677500,-3.12396
11678400,-3.117314
11679300,-3.122926
11680200,-3.12254
11681100,-3.133475
11682000,-6.020124
11682900,-6.03096
11683800,-6.030215
11684700,-6.051332
11685600,-24.055459
11686500,-24.098759
11687400,-24.095783
11688300,-24.180162
11689200,-51.33116
11690100,-48.966517
11691000,-46.339958
11691900,-43.744485
11692800,-46.022554
11693700,-46.129019
11694600,-46.121703
11695500,-46.329172
11696400,-44.689882
11697300,-44.793948
11698200,-44.786797
11699100,-44.989592
11700000,-27.442841
11700900,-27.515863
11701800,-27.510845
11702700,-27.653143
11703600,-17.292471
11704500,-20.299495
11705400,-20.295732
11706300,-20.402426
11707200,-14.405141
11708100,-14.449381
11709000,-17.229961
11709900,-17.31617
11710800,-18.089399
11711700,-20.755185
11712600,-20.752034
11713500,-20.841402
11714400,-19.757194
11715300,-19.80134
11716200,-19.798307
11717100,-19.884336
11718000,-24.685785
11718900,-27.199996
11719800,-27.196353
11720700,-27.29967
11721600,-40.990006
11722500,-41.063788
11723400,-41.058718
11724300,-41.202498
11725200,-52.478167
11726100,-52.572628
11727000,-52.566137
11727900,-52.750215
11728800,-56.996487
11729700,-57.099081
11730600,-57.092031
11731500,-57.291957
11732400,-50.917318
11733300,-51.008969
11734200,-51.002672
11735100,-51.181274
11736000,-31.27546
11736900,-31.331756
11737800,-31.327887
11738700,-31.437592
11739600,-18.730121
11740500,-18.763835
11741400,-18.761519
11742300,-18.827218
11743200,-5.99092
11744100,-6.001704
11745000,-6.000963
11745900,-6.021977
11746800,-3.128982
11747700,-3.134614
11748600,-3.134227
11749500,-3.145203
11750400,-3.332964
11751300,-3.338963
11752200,-3.338551
11753100,-3.350242
11754000,-3.081663
11754900,-3.08721
11755800,-3.086829
11756700,-3.097639
11757600,-3.226587
11758500,-3.232395
11759400,-3.231996
11760300,-3.243314
11761200,-3.226997
11762100,-3.232806
11763000,-3.232407
11763900,-3.243726
11764800,-3.236826
11765700,-3.242652
11766600,-3.242252
11767500,-3.253606
11768400,-6.250923
11769300,-6.262175
11770200,-6.261402
11771100,-6.283328
11772000,-24.977697
11772900,-25.022657
11773800,-25.019568
11774700,-25.107182
11775600,-55.694975
11776500,-55.795227
11777400,-55.788338
11778300,-55.983699
11779200,-61.414561
11780100,-61.525108
11781000,-61.517512
11781900,-61.732935
11782800,-60.030797
11783700,-60.138853
11784600,-60.131428
11785500,-60.341998
11786400,-42.12254
11787300,-42.198361
11788200,-42.193151
11789100,-42.340903
11790000,-31.583024
11790900,-31.639874
11791800,-31.635968
11792700,-31.746751
11793600,-25.519543
11794500,-25.565478
11795400,-25.562322
11796300,-25.651837
11797200,-26.45471
11798100,-26.502328
11799000,-26.499056
11799900,-26.591851
11800800,-25.466076
11801700,-25.511915
11802600,-25.508766
11803500,-25.598093
11804400,-30.58362
11805300,-30.638671
11806200,-30.634888
11807100,-30.742166
11808000,-42.561481
11808900,-42.638092
11809800,-42.632827
11810700,-42.78212
11811600,-54.490076
11812500,-54.588158
11813400,-54.581418
11814300,-54.772553
11815200,-59.181618
11816100,-59.288146
11817000,-59.280826
11817900,-59.488416
11818800,-52.869386
11819700,-52.964552
11820600,-52.958012
11821500,-53.143462
11822400,-32.474498
11823300,-32.532953
11824200,-32.528936
11825100,-32.642847
11826000,-19.448197
11826900,-19.483204
11827800,-19.480798
11828700,-19.549016
11829600,-6.2206
11830500,-6.231797
11831400,-6.231028
11832300,-6.252848
11833200,-3.248941
11834100,-3.254789
11835000,-3.254387
11835900,-3.265783
11836800,-2.997513
11837700,-3.002908
11838600,-3.002537
11839500,-3.013052
11840400,-2.771505
11841300,-2.776493
11842200,-2.776151
11843100,-2.785872
11844000,-2.901842
11844900,-2.907066
11845800,-2.906707
11846700,-2.916885
11847600,-2.902212
11848500,-2.907436
11849400,-2.907077
11850300,-2.917257
11851200,-2.911051
11852100,-2.916291
11853000,-2.915931
11853900,-2.926142
11854800,-5.62179
11855700,-5.631909
11856600,-5.631214
11857500,-5.650933
11858400,-22.46378
11859300,-22.504215
11860200,-22.501436
11861100,-22.580232
11862000,-50.089472
11862900,-50.179633
11863800,-50.173438
11864700,-50.349136
11865600,-55.233402
11866500,-55.332822
11867400,-55.32599
11868300,-55.519732
11869200,-53.988909
11870100,-54.086089
11871000,-54.079411
11871900,-54.268788
11872800,-37.883054
11873700,-37.951244
11874600,-37.946558
11875500,-38.07944
11876400,-28.404304
11877300,-28.455432
11878200,-28.451919
11879100,-28.551552
11880000,-22.951091
11880900,-22.992403
11881800,-22.989564
11882700,-23.070069
11883600,-23.792136
11884500,-23.834962
11885400,-23.832019
11886300,-23.915475
11887200,-22.903005
11888100,-22.944231
11889000,-22.941398
11889900,-23.021735
11890800,-27.505486
11891700,-27.554996
11892600,-27.551594
11893500,-27.648075
11894400,-38.277817
11895300,-38.346718
11896200,-38.341983
11897100,-38.47625
11898000,-49.005841
11898900,-49.094052
11899800,-49.087991
11900700,-49.259888
11901600,-53.225197
11902500,-53.321002
11903400,-53.314419
11904300,-53.501117
11905200,-47.548269
11906100,-47.633856
11907000,-47.627975
11907900,-47.794759
11908800,-29.206054
11909700,-29.258625
11910600,-29.255013
11911500,-29.357459
11912400,-17.490804
11913300,-17.522288
11914200,-17.520124
11915100,-17.581477
11916000,-5.594518
11916900,-5.604589
11917800,-5.603897
11918700,-5.62352
11919600,-2.921946
11920500,-2.927206
11921400,-2.926845
11922300,-2.937094
11923200,-2.645684
11924100,-2.650446
11925000,-2.650119
11925900,-2.659399
11926800,-2.446203
11927700,-2.450607
11928600,-2.450304
11929500,-2.458885
11930400,-2.561243
11931300,-2.565853
11932200,-2.565536
11933100,-2.57452
11934000,-2.561569
11934900,-2.56618
11935800,-2.565863
11936700,-2.574848
11937600,-2.569371
11938500,-2.573995
11939400,-2.573678
11940300,-2.58269
11941200,-4.96194
11942100,-4.970872
11943000,-4.970258
11943900,-4.987663
11944800,-19.827127
11945700,-19.862816
11946600,-19.860363
11947500,-19.929911
11948400,-44.210294
11949300,-44.289873
11950200,-44.284405
11951100,-44.439481
11952000,-48.750463
11952900,-48.838214
11953800,-48.832184
11954700,-49.003186
11955600,-47.652041
11956500,-47.737815
11957400,-47.731921
11958300,-47.899069
11959200,-33.436587
11960100,-33.496773
11961000,-33.492637
11961900,-33.609922
11962800,-25.070391
11963700,-25.115518
11964600,-25.112417
11965500,-25.200356
11966400,-20.25724
11967300,-20.293704
11968200,-20.291198
11969100,-20.362254
11970000,-20.999569
11970900,-21.037369
11971800,-21.034771
11972700,-21.108431
11973600,-20.214799
11974500,-20.251186
11975400,-20.248685
11976300,-20.319593
11977200,-24.277071
11978100,-24.320769
11979000,-24.317767
11979900,-24.402923
11980800,-33.785015
11981700,-33.845828
11982600,-33.84165
11983500,-33.960157
11984400,-43.253853
11985300,-43.33171
11986200,-43.32636
11987100,-43.478082
11988000,-46.977968
11988900,-47.062529
11989800,-47.056718
11990700,-47.221502
11991600,-41.967361
11992500,-42.042902
11993400,-42.037712
11994300,-42.18492
11995200,-25.778037
11996100,-25.824438
11997000,-25.821249
11997900,-25.911671
11998800,-15.437847
11999700,-15.465635
12000600,-15.463726
12001500,-15.517877
12002400,-4.93787
12003300,-4.946758
12004200,-4.946148
12005100,-4.963468
12006000,-2.578987
12006900,-2.583629
12007800,-2.58331
12008700,-2.592357
12009600,-2.483887
12010500,-2.488358
12011400,-2.48805
12012300,-2.496763
12013200,-2.296605
12014100,-2.300739
12015000,-2.300455
12015900,-2.308511
12016800,-2.40461
12017700,-2.408938
12018600,-2.40864
12019500,-2.417075
12020400,-2.404915
12021300,-2.409244
12022200,-2.408947
12023100,-2.417383
12024000,-2.41224
12024900,-2.416582
12025800,-2.416284
12026700,-2.424745
12027600,-4.658492
12028500,-4.666877
12029400,-4.666301
12030300,-2.375223
12031200,-13.845983
12032100,-11.259564
12033000,-8.473642
12033900,-5.586663
12034800,-28.382175
12035700,-25.330999
12036600,-25.325865
12037500,-25.471457
12038400,-29.5188
12039300,-29.601185
12040200,-26.291061
12041100,-26.451605
12042000,-25.183089
12042900,-25.263617
12043800,-25.258084
12044700,-25.415011
12045600,-11.836984
12046500,-11.89349
12047400,-8.401609
12048300,-8.511722
12049200,-0.494427000000002
12050100,3.1397
12051000,3.142611
12051900,6.93
12052800,15.639184
12053700,15.604951
12054600,19.879047
12055500,19.812337
12056400,23.694078
12057300,23.65859
12058200,28.354407
12059100,28.285252
12060000,34.035871
12060900,29.090073
12061800,29.09242
12062700,29.025849
12063600,20.617013
12064500,20.575986
12065400,20.578805
12066300,20.498857
12067200,7.210447
12068100,7.153353
12069000,7.157276
12069900,2.774272
12070800,-5.951066
12071700,-10.092527
12072600,-13.957455
12073500,-17.776391
12074400,-24.550239
12075300,-24.629629
12076200,-27.928637
12077100,-28.083343
12078000,-23.15052
12078900,-23.221442
12079800,-19.912106
12080700,-20.050312
12081600,-1.158797
12082500,2.474134
12083400,2.477128
12084300,6.262186
12085200,20.163847
12086100,20.137758
12087000,20.139551
12087900,20.088711
12088800,34.293439
12089700,30.013351
12090600,30.013924
12091500,29.997663
12092400,32.23632
12093300,32.231962
12094200,32.232261
12095100,32.223768
12096000,27.836739
12096900,27.831785
12097800,31.900491
12098700,31.890836
12099600,32.112638
12100500,32.108057
12101400,36.380116
12102300,36.371189
12103200,40.74478
12104100,40.739984
12105000,40.740313
12105900,40.730967
12106800,40.744441
12107700,40.739644
12108600,40.739974
12109500,40.730626
12110400,40.736324
12111300,40.731513
12112200,40.731843
12113100,45.415846
12114000,42.940551
12114900,47.842896
12115800,52.978391
12116700,52.960283
12117600,42.884821
12118500,42.847691
12119400,48.446417
12120300,48.374062
12121200,23.113539
12122100,28.865022
12123000,28.870711
12123900,34.786709
12124800,36.627058
12125700,36.535765
12126600,36.542038
12127500,42.94247
12128400,44.348158
12129300,44.258922
12130200,44.265053
12131100,44.091157
12132000,65.973733
12132900,59.074839
12133800,59.079142
12134700,52.378785
12135600,61.263037
12136500,61.216088
12137400,54.893959
12138300,54.80247
12139200,53.867793
12140100,53.829858
12141000,47.998191
12141900,47.924266
12142800,41.665049
12143700,41.625724
12144600,41.628426
12145500,36.188759
12146400,37.118465
12147300,31.945753
12148200,27.036718
12149100,26.962948
12150000,18.152338
12150900,13.626794
12151800,9.358174
12152700,5.201214
12153600,-12.106055
12154500,-15.657321
12155400,-18.957436
12156300,-25.158889
12157200,-37.611368
12158100,-40.312293
12159000,-45.07534
12159900,-45.233185
12160800,-48.874354
12161700,-48.962328
12162600,-48.956283
12163500,-49.127719
12164400,-43.661481
12165300,-43.740072
12166200,-43.734671
12167100,-43.887822
12168000,-26.818633
12168900,-26.866907
12169800,-26.86359
12170700,-26.957661
12171600,-16.061035
12172500,-16.089945
12173400,-16.087958
12174300,-16.144296
12175200,-5.1372
12176100,-5.146447
12177000,-5.145811
12177900,-5.163831
12178800,-2.683095
12179700,-2.687924
12180600,-2.687592
12181500,-2.697004
12182400,-2.761495
12183300,-2.766466
12184200,-2.766124
12185100,-2.77581
12186000,-2.553282
12186900,-2.557878
12187800,-2.557562
12188700,-2.566518
12189600,-2.673357
12190500,-2.678169
12191400,-2.677839
12192300,-2.687216
12193200,-2.673698
12194100,-2.67851
12195000,-2.67818
12195900,-2.687558
12196800,-2.681841
12197700,-2.686668
12198600,-2.686337
12199500,-2.695744
12200400,-5.179142
12201300,-5.188464
12202200,-5.187824
12203100,-5.205991
12204000,-20.695029
12204900,-20.73228
12205800,-20.729721
12206700,-20.802313
12207600,-46.145533
12208500,-46.228595
12209400,-46.222888
12210300,-46.384752
12211200,-50.884441
12212100,-50.976033
12213000,-50.969739
12213900,-51.148226
12214800,-49.737937
12215700,-49.827465
12216600,-47.513894
12217500,-47.68836
12218400,-32.592804
12219300,-32.655624
12220200,-32.651308
12221100,-30.312534
12222000,-21.399197
12222900,-21.4463
12223800,-21.443063
12224700,-21.534852
12225600,-16.375359
12226500,-16.413418
12227400,-16.410803
12228300,-16.484969
12229200,-17.150182
12230100,-17.189636
12231000,-19.648118
12231900,-19.725002
12232800,-18.792252
12233700,-21.137651
12234600,-21.135041
12235500,-21.209052
12236400,-25.339763
12237300,-25.385374
12238200,-25.38224
12239100,-25.471124
12240000,-35.263903
12240900,-35.327378
12241800,-35.323017
12242700,-35.446712
12243600,-45.147225
12244500,-45.22849
12245400,-45.222906
12246300,-45.381269
12247200,-49.034357
12248100,-49.12262
12249000,-49.116555
12249900,-49.288552
12250800,-43.804419
12251700,-43.883267
12252600,-43.877849
12253500,-44.031501
12254400,-26.906432
12255300,-26.954863
12256200,-26.951535
12257100,-27.045915
12258000,-16.113615
12258900,-16.14262
12259800,-16.140627
12260700,-16.197148
12261600,-5.154018
12262500,-5.163295
12263400,-5.162658
12264300,-5.180736
12265200,-2.691879
12266100,-2.696724
12267000,-2.696391
12267900,-2.705833
12268800,-2.692087
12269700,-2.696933
12270600,-2.6966
12271500,-2.706043
12272400,-2.489108
12273300,-2.493588
12274200,-2.49328
12275100,-2.502011
12276000,-2.606165
12276900,-2.610856
12277800,-2.610534
12278700,-2.619675
12279600,-2.606496
12280500,-2.611188
12281400,-2.610866
12282300,-2.620009
12283200,-2.614435
12284100,-2.619141
12285000,-2.618818
12285900,-2.627988
12286800,-5.048969
12287700,-5.058057
12288600,-5.057432
12289500,-5.075143
12290400,-20.174878
12291300,-20.211193
12292200,-20.208697
12293100,-20.279465
12294000,-44.985705
12294900,-45.06668
12295800,-45.061116
12296700,-45.218912
12297600,-49.605505
12298500,-49.694795
12299400,-49.688659
12300300,-49.86266
12301200,-48.487817
12302100,-48.575095
12303000,-48.569098
12303900,-48.739178
12304800,-34.023036
12305700,-34.084278
12306600,-34.08007
12307500,-34.199412
12308400,-25.510104
12309300,-25.556023
12310200,-25.552867
12311100,-25.642349
12312000,-20.612535
12312900,-20.649638
12313800,-20.647088
12314700,-20.719391
12315600,-21.367884
12316500,-21.406346
12317400,-21.403703
12318300,-21.478655
12319200,-20.569349
12320100,-20.606374
12321000,-20.60383
12321900,-20.675981
12322800,-24.70287
12323700,-24.747335
12324600,-24.74428
12325500,-24.83093
12326400,-34.377576
12327300,-34.439456
12328200,-34.435204
12329100,-34.55579
12330000,-44.012489
12330900,-44.091712
12331800,-44.086268
12332700,-44.24065
12333600,-47.801922
12334500,-47.887965
12335400,-47.882053
12336300,-48.049727
12337200,-42.703433
12338100,-42.780299
12339000,-42.775018
12339900,-42.924808
12340800,-26.230162
12341700,-26.277376
12342600,-26.274132
12343500,-26.366139
12344400,-15.708614
12345300,-15.736889
12346200,-15.734946
12347100,-15.790047
12348000,-5.024476
12348900,-5.03352
12349800,-5.032899
12350700,-5.050523
12351600,-2.624221
12352500,-2.628944
12353400,-2.62862
12354300,-2.637825
12355200,-2.795296
12356100,-2.800328
12357000,-2.799982
12357900,-2.809787
12358800,-2.584535
12359700,-2.589187
12360600,-2.588868
12361500,-2.597933
12362400,-2.70608
12363300,-2.710951
12364200,-2.710616
12365100,-2.720108
12366000,-2.706424
12366900,-2.711296
12367800,-2.710961
12368700,-2.720455
12369600,-2.714667
12370500,-2.719554
12371400,-2.719218
12372300,-2.72874
12373200,-5.242536
12374100,-5.251973
12375000,-5.251324
12375900,-5.269713
12376800,-20.948342
12377700,-20.98605
12378600,-20.983459
12379500,-21.056939
12380400,-46.710368
12381300,-46.794447
12382200,-46.788669
12383100,-46.952515
12384000,-51.507281
12384900,-51.599994
12385800,-51.593624
12386700,-51.774295
12387600,-50.346743
12388500,-50.437368
12389400,-50.431141
12390300,-50.607741
12391200,-35.327412
12392100,-35.391001
12393000,-35.386632
12393900,-35.510549
12394800,-26.488111
12395700,-26.53579
12396600,-26.532513
12397500,-26.625426
12398400,-21.402779
12399300,-21.441304
12400200,-21.438657
12401100,-21.513731
12402000,-22.187086
12402900,-22.227023
12403800,-22.224279
12404700,-22.302104
12405600,-21.357937
12406500,-21.396382
12407400,-21.39374
12408300,-21.468657
12409200,-25.649929
12410100,-25.696099
12411000,-25.692926
12411900,-25.782898
12412800,-35.695544
12413700,-35.759796
12414600,-35.755381
12415500,-35.88059
12416400,-45.69984
12417300,-45.7821
12418200,-45.776448
12419100,-45.936749
12420000,-49.634552
12420900,-49.723895
12421800,-49.717756
12422700,-49.891858
12423600,-44.340597
12424500,-44.420411
12425400,-44.414927
12426300,-44.57046
12427200,-27.235774
12428100,-27.284799
12429000,-27.28143
12429900,-27.376965
12430800,-16.310851
12431700,-16.34021
12432600,-16.338193
12433500,-16.395406
12434400,-5.217105
12435300,-5.226495
12436200,-5.22585
12437100,-5.24415
12438000,-2.724828
12438900,-2.729733
12439800,-2.729396
12440700,-2.738953
12441600,-2.51396
12442500,-2.518485
12443400,-2.518174
12444300,-2.526992
12445200,-2.324411
12446100,-2.328595
12447000,-2.328307
12447900,-2.336461
12448800,-2.433723
12449700,-2.438103
12450600,-2.437802
12451500,-2.446339
12452400,-2.434032
12453300,-2.438414
12454200,-2.438113
12455100,-2.44665
12456000,-2.441446
12456900,-2.44584
12457800,-2.445538
12458700,-2.454102
12459600,-4.714893
12460500,-4.72338
12461400,-4.722797
12462300,-4.739335
12463200,-18.839965
12464100,-18.873877
12465000,-18.871547
12465900,-18.937632
12466800,-42.009133
12467700,-42.08475
12468600,-42.079554
12469500,-42.226909
12470400,-46.323254
12471300,-46.406636
12472200,-46.400907
12473100,-46.563394
12474000,-45.279521
12474900,-45.361024
12475800,-45.355424
12476700,-45.51425
12477600,-29.464413
12478500,-27.060409
12479400,-27.05648
12480300,-24.548
12481200,-16.433639
12482100,-13.692899
12483000,-13.689952
12483900,-13.773513
12484800,-6.124234
12485700,-9.111155
12486600,-9.108774
12487500,-9.176293
12488400,-12.565497
12489300,-12.601414
12490200,-15.218871
12491100,-15.288864
12492000,-16.900917
12492900,-19.242911
12493800,-19.240535
12494700,-19.307912
12495600,-23.068353
12496500,-23.109877
12497400,-23.107023
12498300,-23.18794
12499200,-32.102913
12500100,-32.160698
12501000,-32.156727
12501900,-32.269334
12502800,-41.100312
12503700,-41.174293
12504600,-41.169209
12505500,-41.313376
12506400,-44.639009
12507300,-44.719359
12508200,-44.713838
12509100,-44.870418
12510000,-39.877872
12510900,-39.949653
12511800,-39.94472
12512700,-40.0846
12513600,-24.494589
12514500,-24.53868
12515400,-24.53565
12516300,-24.621569
12517200,-14.669221
12518100,-14.695625
12519000,-14.693811
12519900,-14.745266
12520800,-4.692021
12521700,-4.700467
12522600,-4.699887
12523500,-4.716345
12524400,-2.450584
12525300,-2.454995
12526200,-2.454692
12527100,-2.463287
12528000,-2.218887
12528900,-2.222881
12529800,-2.222607
12530700,-2.23039
12531600,-2.051586
12532500,-2.055279
12533400,-2.055026
12534300,-2.062222
12535200,-2.148068
12536100,-2.151935
12537000,-2.151669
12537900,-2.159204
12538800,-2.148341
12539700,-2.152208
12540600,-2.151943
12541500,-2.159478
12542400,-2.154885
12543300,-2.158763
12544200,-2.158497
12545100,-2.166056
12546000,-4.16149
12546900,-4.16898
12547800,-4.168466
12548700,-4.183063
12549600,-16.628652
12550500,-16.658584
12551400,-16.656527
12552300,-16.714855
12553200,-37.078374
12554100,-37.145115
12555000,-37.140529
12555900,-37.270588
12556800,-40.886131
12557700,-38.652307
12558600,-38.64725
12559500,-38.790666
12560400,-37.657485
12561300,-37.729422
12562200,-35.263286
12563100,-35.40347
12564000,-23.274048
12564900,-20.7046
12565800,-20.701132
12566700,-18.015877
12567600,-10.853926
12568500,-7.9395
12569400,-7.9369
12570300,-4.884765
12571200,-0.739063000000002
12572100,2.534819
12573000,2.53692
12573900,5.965325
12574800,5.43082
12575700,5.399119
12576600,5.401297
12577500,9.016014
12578400,9.765487
12579300,9.73497
12580200,9.737067
12581100,9.677598
12582000,6.358533
12582900,6.321884
12583800,2.647908
12584700,-0.911509000000002
12585600,-8.7801
12586500,-15.261454
12587400,-20.993842
12588300,-26.17435
12589200,-36.276224
12590100,-36.341521
12591000,-36.337034
12591900,-36.46428
12592800,-39.399571
12593700,-39.470491
12594600,-39.465618
12595500,-39.603819
12596400,-35.197266
12597300,-35.260621
12598200,-35.256268
12599100,-35.379729
12600000,-21.619573
12600900,-21.658488
12601800,-21.655814
12602700,-21.731649
12603600,-12.947443
12604500,-12.970748
12605400,-12.969147
12606300,-13.014562
12607200,-4.141302
12608100,-4.148757
12609000,-4.148244
12609900,-4.162771
12610800,-2.16295
12611700,-2.166843
12612600,-2.166576
12613500,-2.174163
12614400,-2.083191
12615300,-2.086941
12616200,-2.086683
12617100,-2.09399
12618000,-1.926121
12618900,-1.929588
12619800,-1.92935
12620700,-1.936106
12621600,-2.016702
12622500,-2.020333
12623400,-2.020083
12624300,-2.027157
12625200,-2.016959
12626100,-2.02059
12627000,-2.02034
12627900,-2.027415
12628800,-2.023102
12629700,-2.026744
12630600,-2.026494
12631500,-2.03359
12632400,-3.906993
12633300,-3.914025
12634200,-3.913542
12635100,-3.927247
12636000,-15.611724
12636900,-15.639825
12637800,-15.637894
12638700,-15.692655
12639600,-34.810838
12640500,-34.873498
12641400,-34.869192
12642300,-34.991298
12643200,-38.385731
12644100,-38.454826
12645000,-38.450078
12645900,-38.584723
12646800,-37.520842
12647700,-37.58838
12648600,-37.583739
12649500,-37.71535
12650400,-26.327705
12651300,-26.375095
12652200,-26.371839
12653100,-26.464189
12654000,-19.740229
12654900,-19.775761
12655800,-19.77332
12656700,-19.842562
12657600,-15.950392
12658500,-15.979103
12659400,-15.97713
12660300,-16.033079
12661200,-16.534896
12662100,-16.564659
12663000,-16.562614
12663900,-16.620613
12664800,-15.916974
12665700,-15.945624
12666600,-15.943656
12667500,-15.999487
12668400,-19.115574
12669300,-19.149982
12670200,-19.147618
12671100,-19.21467
12672000,-26.602055
12672900,-26.649939
12673800,-26.646649
12674700,-26.739961
12675600,-34.057744
12676500,-34.119048
12677400,-34.114835
12678300,-34.234299
12679200,-36.990082
12680100,-37.056665
12681000,-37.05209
12681900,-37.181839
12682800,-33.04477
12683700,-33.104251
12684600,-33.100164
12685500,-33.216074
12686400,-20.297424
12687300,-20.333959
12688200,-20.331449
12689100,-20.402646
12690000,-12.155639
12690900,-12.177519
12691800,-12.176016
12692700,-12.218654
12693600,-3.88804
12694500,-3.895039
12695400,-3.894558
12696300,-3.908196
12697200,-2.030674
12698100,-2.03433
12699000,-2.034078
12699900,-2.041201
12700800,-2.797359
12701700,-2.802394
12702600,-2.802048
12703500,-2.811861
12704400,-2.586442
12705300,-2.591098
12706200,-2.590778
12707100,-2.59985
12708000,-2.708077
12708900,-2.712951
12709800,-2.712617
12710700,-2.722116
12711600,-2.708421
12712500,-2.713297
12713400,-2.712962
12714300,-2.722462
12715200,-2.716671
12716100,-2.721561
12717000,-2.721225
12717900,-2.730754
12718800,-5.246405
12719700,-5.255848
12720600,-5.255199
12721500,-5.273602
12722400,-20.9638
12723300,-21.001535
12724200,-20.998942
12725100,-18.765058
12726000,-41.976224
12726900,-39.44044
12727800,-36.651038
12728700,-33.862732
12729600,-35.294971
12730500,-35.387753
12731400,-32.076914
12732300,-32.257719
12733200,-27.341116
12734100,-23.755313
12735000,-23.749081
12735900,-20.055862
12736800,-4.764257
12737700,-4.827894
12738600,-0.755155000000002
12739500,-0.879163999999996
12740400,8.149932
12741300,8.102218
12742200,8.105497
12743100,8.012516
12744000,13.239017
12744900,13.200463
12745800,13.203112
12746700,13.127983
12747600,8.385765
12748500,8.345798
12749400,8.348545
12750300,8.270662
12751200,9.215525
12752100,9.177053
12753000,5.309746
12753900,5.234774
12754800,-2.626077
12755700,-6.160279
12756600,-9.461567
12757500,-12.677494
12758400,-25.549727
12759300,-28.397646
12760200,-31.013153
12761100,-33.599647
12762000,-45.733563
12762900,-45.815883
12763800,-45.810227
12764700,-45.970646
12765600,-49.671178
12766500,-49.760586
12767400,-49.754443
12768300,-49.928674
12769200,-44.373317
12770100,-44.453189
12771000,-44.447701
12771900,-44.603349
12772800,-27.255872
12773700,-27.304932
12774600,-27.301561
12775500,-27.397166
12776400,-16.322886
12777300,-16.352268
12778200,-16.350249
12779100,-16.407505
12780000,-5.220954
12780900,-5.230352
12781800,-5.229706
12782700,-5.24802
12783600,-2.726839
12784500,-2.731747
12785400,-2.73141
12786300,-2.740975
12787200,-2.806517
12788100,-2.811569
12789000,-2.811222
12789900,-2.821066
12790800,-2.59491
12791700,-2.599581
12792600,-2.59926
12793500,-2.608362
12794400,-2.716943
12795300,-2.721833
12796200,-2.721497
12797100,-2.731027
12798000,-2.717288
12798900,-2.722179
12799800,-2.721843
12800700,-2.731375
12801600,-2.725564
12802500,-2.73047
12803400,-2.730133
12804300,-2.739694
12805200,-5.26358
12806100,-5.273055
12807000,-5.272404
12807900,-5.290867
12808800,-21.032431
12809700,-21.07029
12810600,-21.067688
12811500,-21.141464
12812400,-46.897868
12813300,-46.982285
12814200,-46.976484
12815100,-47.140987
12816000,-51.714037
12816900,-51.807122
12817800,-51.800726
12818700,-51.982123
12819600,-50.54884
12820500,-50.639829
12821400,-50.633577
12822300,-50.810886
12823200,-35.46922
12824100,-35.533064
12825000,-35.528677
12825900,-35.653092
12826800,-26.594437
12827700,-26.642307
12828600,-26.639018
12829500,-26.732303
12830400,-21.488692
12831300,-21.527372
12832200,-21.524714
12833100,-21.600089
12834000,-22.276147
12834900,-22.316245
12835800,-22.313489
12836700,-22.391627
12837600,-21.44367
12838500,-21.482269
12839400,-21.479617
12840300,-21.554835
12841200,-25.75289
12842100,-25.799245
12843000,-25.79606
12843900,-25.886393
12844800,-35.838829
12845700,-35.903339
12846600,-35.898907
12847500,-36.024618
12848400,-45.883284
12849300,-45.965874
12850200,-45.960199
12851100,-46.121144
12852000,-49.833791
12852900,-49.923492
12853800,-49.917328
12854700,-50.092129
12855600,-44.518585
12856500,-44.598719
12857400,-44.593213
12858300,-44.74937
12859200,-27.345101
12860100,-27.394323
12861000,-27.390941
12861900,-27.486859
12862800,-16.376324
12863700,-16.405801
12864600,-16.403776
12865500,-16.461219
12866400,-5.238047
12867300,-5.247475
12868200,-5.246827
12869100,-5.265201
12870000,-2.735766
12870900,-2.74069
12871800,-2.740352
12872700,-2.749948
12873600,-2.735978
12874500,-2.740902
12875400,-2.740564
12876300,-2.750161
12877200,-2.529689
12878100,-2.534242
12879000,-2.53393
12879900,-2.542803
12880800,-2.648655
12881700,-2.653422
12882600,-2.653095
12883500,-2.662385
12884400,-2.648992
12885300,-2.65376
12886200,-2.653432
12887100,-2.662724
12888000,-2.65706
12888900,-2.661842
12889800,-2.661514
12890700,-2.670834
12891600,-0.362673
12892500,-0.371909
12893400,-0.371274
12894300,-0.389273
12895200,-13.115262
12896100,-10.368549
12897000,-7.41374
12897900,-4.359773
12898800,-22.676352
12899700,-22.758647
12900600,-22.752992
12901500,-19.236867
12902400,-23.694976
12903300,-23.785722
12904200,-23.779487
12905100,-23.956324
12906000,-22.559066
12906900,-22.647768
12907800,-22.641673
12908700,-22.814526
12909600,-11.534953
12910500,-11.597193
12911400,-11.592916
12912300,-11.714204
12913200,-2.88323
12914100,-2.929897
12915000,-2.92669
12915900,-3.017631
12916800,2.094187
12917700,2.056479
12918600,2.05907
12919500,1.985589
12920400,1.326523
12921300,1.287434
12922200,-2.197878
12923100,-2.274052
12924000,-1.349921
12924900,-1.38755
12925800,-4.689427
12926700,-4.762755
12927600,-11.981184
12928500,-14.978647
12929400,-17.759162
12930300,-20.467149
12931200,-32.630633
12932100,-35.00094
12933000,-34.996619
12933900,-35.119171
12934800,-44.730048
12935700,-44.810562
12936600,-44.80503
12937500,-44.961929
12938400,-48.581262
12939300,-48.668708
12940200,-48.662699
12941100,-48.833107
12942000,-43.399649
12942900,-43.477769
12943800,-43.472401
12944700,-43.624634
12945600,-26.657806
12946500,-26.70579
12947400,-26.702493
12948300,-26.796
12949200,-15.964719
12950100,-15.993456
12951000,-15.991481
12951900,-16.047481
12952800,-5.106393
12953700,-5.115584
12954600,-5.114953
12955500,-5.132864
12956400,-2.667005
12957300,-2.671805
12958200,-2.671475
12959100,-2.68083
12960000,-2.84087
12960900,-2.845983
12961800,-2.845632
12962700,-2.855597
12963600,-2.626672
12964500,-2.6314
12965400,-2.631075
12966300,-2.640289
12967200,-2.750199
12968100,-2.755149
12969000,-2.754809
12969900,-2.764456
12970800,-2.750549
12971700,-2.7555
12972600,-2.755159
12973500,-2.764808
12974400,-2.758926
12975300,-2.763892
12976200,-2.763551
12977100,-2.773228
12978000,-5.328008
12978900,-5.337598
12979800,-5.336939
12980700,-5.355628
12981600,-21.289874
12982500,-21.328196
12983400,-21.325563
12984300,-21.400241
12985200,-47.471912
12986100,-47.557361
12987000,-47.55149
12987900,-47.718006
12988800,-52.347031
12989700,-52.441256
12990600,-52.434782
12991500,-52.618399
12992400,-51.167573
12993300,-51.259675
12994200,-51.253346
12995100,-51.432826
12996000,-35.903373
12996900,-35.967999
12997800,-35.963559
12998700,-36.089497
12999600,-26.919961
13000500,-26.968417
13001400,-26.965087
13002300,-27.059514
13003200,-21.75172
13004100,-21.790873
13005000,-21.788182
13005900,-21.864481
13006800,-22.548814
13007700,-22.589402
13008600,-22.586613
13009500,-22.665707
13010400,-21.706147
13011300,-21.745218
13012200,-21.742534
13013100,-21.818672
13014000,-26.068113
13014900,-26.115036
13015800,-26.111811
13016700,-26.20325
13017600,-36.277507
13018500,-36.342807
13019400,-36.33832
13020300,-36.46557
13021200,-46.444909
13022100,-46.52851
13023000,-46.522765
13023900,-46.68568
13024800,-50.44377
13025700,-50.53457
13026600,-50.52833
13027500,-50.705272
13028400,-45.063506
13029300,-45.14462
13030200,-45.139047
13031100,-45.297115
13032000,-27.679813
13032900,-27.729637
13033800,-27.726214
13034700,-27.823306
13035600,-16.576775
13036500,-16.606613
13037400,-16.604563
13038300,-16.662709
13039200,-5.302162
13040100,-5.311706
13041000,-5.31105
13041900,-5.329648
13042800,-2.769252
13043700,-2.774237
13044600,-2.773894
13045500,-2.783608
13046400,-2.554946
13047300,-2.559545
13048200,-2.559229
13049100,-2.568191
13050000,-2.362307
13050900,-2.366559
13051800,-2.366267
13052700,-2.374553
13053600,-2.473401
13054500,-2.477853
13055400,-2.477547
13056300,-2.486223
13057200,-2.473716
13058100,-2.478168
13059000,-2.477862
13059900,-2.486539
13060800,-2.48125
13061700,-2.485716
13062600,-2.485409
13063500,-2.494113
13064400,-4.791763
13065300,-4.800388
13066200,-4.799795
13067100,-4.816603
13068000,-19.147123
13068900,-19.181588
13069800,-19.17922
13070700,-19.246382
13071600,-42.694031
13072500,-42.77088
13073400,-42.765599
13074300,-42.915357
13075200,-47.078487
13076100,-47.163228
13077000,-47.157405
13077900,-47.322542
13078800,-46.017737
13079700,-46.100569
13080600,-46.094877
13081500,-46.256293
13082400,-32.289825
13083300,-32.347947
13084200,-32.343953
13085100,-32.457216
13086000,-24.210561
13086900,-24.25414
13087800,-24.251146
13088700,-24.336069
13089600,-19.562486
13090500,-19.597698
13091400,-19.595279
13092300,-19.663898
13093200,-20.279355
13094100,-20.315858
13095000,-20.31335
13095900,-20.384484
13096800,-19.5215
13097700,-19.556638
13098600,-19.554224
13099500,-19.622699
13100400,-23.444449
13101300,-23.486649
13102200,-23.483749
13103100,-23.565985
13104000,-32.626303
13104900,-32.685031
13105800,-32.680996
13106700,-32.795438
13107600,-41.770392
13108500,-41.845579
13109400,-41.840413
13110300,-41.98693
13111200,-45.366782
13112100,-45.448443
13113000,-45.442832
13113900,-45.601964
13114800,-40.528022
13115700,-40.600973
13116600,-40.59596
13117500,-40.73812
13118400,-24.893937
13119300,-24.938747
13120200,-24.935668
13121100,-25.022988
13122000,-14.908381
13122900,-14.935216
13123800,-14.933372
13124700,-14.985666
13125600,-4.768518
13126500,-4.777101
13127400,-4.776511
13128300,-4.793238
13129200,-2.490537
13130100,-2.49502
13131000,-2.494712
13131900,-2.503448
13132800,-2.255063
13133700,-2.259122
13134600,-2.258843
13135500,-2.266753
13136400,-2.085035
13137300,-2.088788
13138200,-2.08853
13139100,-2.095843
13140000,-2.183089
13140900,-2.187019
13141800,-2.186749
13142700,-2.194406
13143600,-2.183367
13144500,-2.187297
13145400,-2.187027
13146300,-2.194685
13147200,-2.190017
13148100,-2.193959
13149000,-2.193688
13149900,-2.20137
13150800,-4.229337
13151700,-4.236949
13152600,-4.236426
13153500,-4.251262
13154400,-16.899758
13155300,-16.930178
13156200,-16.928087
13157100,-16.987367
13158000,-37.682882
13158900,-37.750711
13159800,-37.746051
13160700,-37.87823
13161600,-41.552719
13162500,-39.320095
13163400,-39.314956
13164300,-36.999517
13165200,-35.847861
13166100,-33.301046
13167000,-30.512402
13167900,-30.654872
13168800,-15.375425
13169700,-15.426724
13170600,-12.297311
13171500,-12.39728
13172400,-1.814101
13173300,-1.852566
13174200,-1.849923
13175100,-1.924878
13176000,2.288413
13176900,2.257334
13177800,2.259469
13178700,2.198904
13179600,1.655685
13180500,1.623467
13181400,1.625681
13182300,1.562896
13183200,-0.979875
13184100,-1.010889
13185000,-1.008758
13185900,-4.195084
13186800,-7.568262
13187700,-10.557782
13188600,-15.958767
13189500,-18.492544
13190400,-28.796839
13191300,-28.848674
13192200,-28.845112
13193100,-28.946122
13194000,-36.867654
13194900,-36.934016
13195800,-36.929456
13196700,-37.058776
13197600,-40.041923
13198500,-40.113999
13199400,-40.109047
13200300,-40.249501
13201200,-35.771106
13202100,-35.835494
13203000,-35.83107
13203900,-35.956543
13204800,-21.972048
13205700,-22.011598
13206600,-22.008881
13207500,-22.085952
13208400,-13.158532
13209300,-13.182217
13210200,-13.18059
13211100,-13.226746
13212000,-4.20882
13212900,-4.216396
13213800,-4.215875
13214700,-4.230639
13215600,-2.198214
13216500,-2.20217
13217400,-2.201899
13218300,-2.209609
13219200,-2.117154
13220100,-2.120965
13221000,-2.120703
13221900,-2.128129
13222800,-1.957524
13223700,-1.961047
13224600,-1.960805
13225500,-1.967672
13226400,-2.049582
13227300,-2.053271
13228200,-2.053018
13229100,-2.060207
13230000,-2.049843
13230900,-2.053532
13231800,-2.053279
13232700,-2.060469
13233600,-2.056086
13234500,-2.059787
13235400,-2.059533
13236300,-2.066745
13237200,-3.970691
13238100,-3.977838
13239000,-3.977347
13239900,-3.991275
13240800,-15.86625
13241700,-15.894809
13242600,-15.892847
13243500,-15.948501
13244400,-35.378377
13245300,-35.442059
13246200,-35.437683
13247100,-35.561779
13248000,-39.011554
13248900,-39.081775
13249800,-39.07695
13250700,-34.445178
13251600,-27.960407
13252500,-21.950885
13253400,-15.153707
13254300,-7.741021
13255200,12.172393
13256100,16.604311
13257000,21.301
13257900,26.118782
13258800,38.087222
13259700,43.414144
13260600,43.416626
13261500,48.942429
13262400,52.898056
13263300,47.272702
13264200,36.776817
13265100,31.808318
13266000,22.12486
13266900,9.884552
13267800,2.722138
13268700,-6.71943
13269600,-13.869058
13270500,-16.205594
13271400,-16.203594
13272300,-16.260336
13273200,-19.427226
13274100,-19.462195
13275000,-19.459792
13275900,-19.527937
13276800,-27.035763
13277700,-27.084427
13278600,-27.081083
13279500,-27.175916
13280400,-34.613005
13281300,-34.675309
13282200,-34.671028
13283100,-34.792439
13284000,-37.593151
13284900,-37.660819
13285800,-37.656169
13286700,-37.788035
13287600,-33.583516
13288500,-33.643967
13289400,-33.639813
13290300,-33.757614
13291200,-20.628343
13292100,-20.665474
13293000,-20.662923
13293900,-20.735281
13294800,-12.353819
13295700,-12.376056
13296600,-12.374528
13297500,-12.417861
13298400,-3.951429
13299300,-3.958541
13300200,-3.958053
13301100,-3.971913
13302000,-2.063781
13302900,-2.067496
13303800,-2.067241
13304700,-2.07448
13305600,-2.798856
13306500,-2.803894
13307400,-2.803547
13308300,-2.813365
13309200,-2.587826
13310100,-2.592484
13311000,-2.592164
13311900,-2.601241
13312800,-2.709526
13313700,-2.714403
13314600,-2.714068
13315500,-2.723572
13316400,-2.709871
13317300,-2.714748
13318200,-2.714413
13319100,-2.723919
13320000,-2.718124
13320900,-2.723017
13321800,-2.722681
13322700,-2.732215
13323600,-5.249212
13324500,-5.25866
13325400,-5.258011
13326300,-5.276424
13327200,-20.975017
13328100,-18.705353
13329000,-16.241566
13329900,-10.911595
13330800,-33.645416
13331700,-30.603714
13332600,-27.293466
13333500,-23.969522
13334400,-24.853594
13335300,-21.076476
13336200,-17.001731
13337100,-17.182633
13338000,-11.481519
13338900,-7.092178
13339800,-2.392564
13340700,-2.569389
13341600,17.642034
13342500,22.71322
13343400,28.080629
13344300,27.956554
13345200,42.586656
13346100,42.538916
13347000,42.542197
13347900,48.28344
13348800,53.512737
13349700,53.474163
13350600,53.476813
13351500,47.56737
13352400,46.893157
13353300,46.853169
13354200,41.259742
13355100,35.818783
13356000,36.764153
13356900,26.679166
13357800,21.988432
13358700,13.161595
13359600,1.036683
13360500,-2.68604
13361400,-9.475324
13362300,-15.643572
13363200,-28.352459
13364100,-31.036718
13365000,-31.032298
13365900,-33.618859
13366800,-43.450613
13367700,-45.840396
13368600,-45.834737
13369500,-45.995242
13370400,-49.697754
13371300,-49.78721
13372200,-49.781063
13373100,-49.955388
13374000,-44.397058
13374900,-44.476973
13375800,-44.471482
13376700,-44.627213
13377600,-27.270455
13378500,-27.319542
13379400,-27.316169
13380300,-27.411825
13381200,-16.33162
13382100,-16.361017
13383000,-16.358997
13383900,-16.416283
13384800,-5.223748
13385700,-5.233151
13386600,-5.232504
13387500,-5.250828
13388400,-2.728298
13389300,-2.733209
13390200,-2.732871
13391100,-2.742441
13392000,-2.808019
13392900,-2.813073
13393800,-2.812726
13394700,-2.822575
13395600,-2.596298
13396500,-2.600971
13397400,-2.60065
13398300,-2.609757
13399200,-2.718396
13400100,-2.723289
13401000,-2.722953
13401900,-2.732488
13402800,-2.718742
13403700,-2.723636
13404600,-2.7233
13405500,-2.732836
13406400,-2.727023
13407300,-2.731931
13408200,-2.731594
13409100,-2.74116
13410000,-5.266396
13410900,-5.275876
13411800,-5.275225
13412700,-5.293697
13413600,-21.043684
13414500,-21.081563
13415400,-21.07896
13416300,-21.152775
13417200,-46.92296
13418100,-47.007422
13419000,-47.001618
13419900,-47.166209
13420800,-51.741706
13421700,-51.834841
13422600,-51.828441
13423500,-52.009935
13424400,-50.575886
13425300,-50.666923
13426200,-50.660667
13427100,-50.838072
13428000,-35.488197
13428900,-35.552076
13429800,-35.547687
13430700,-30.903556
13431600,-19.220129
13432500,-16.484405
13433400,-13.528841
13434300,-10.496288
13435200,-1.945408
13436100,-1.984109
13437000,-1.981449
13437900,-2.056865
13438800,0.754712999999999
13439700,-2.773404
13440600,-6.07511
13441500,-9.279178
13442400,-11.282987
13443300,-16.725151
13444200,-21.491109
13445100,-21.566367
13446000,-25.766669
13446900,-25.813049
13447800,-25.809862
13448700,-25.900244
13449600,-35.858004
13450500,-35.922549
13451400,-35.918114
13452300,-36.043893
13453200,-45.907833
13454100,-45.990468
13455000,-45.98479
13455900,-46.14582
13456800,-49.860453
13457700,-49.950203
13458600,-49.944036
13459500,-50.118931
13460400,-44.542404
13461300,-44.622581
13462200,-44.617072
13463100,-44.773313
13464000,-27.359732
13464900,-27.40898
13465800,-27.405596
13466700,-27.501565
13467600,-16.385086
13468500,-16.414579
13469400,-16.412553
13470300,-16.470026
13471200,-5.240849
13472100,2.138254
13473000,11.000684
13473900,21.451255
13474800,31.92036
13475700,31.915433
13476600,31.915771
13477500,31.90617
13478400,45.365352
13479300,45.360424
13480200,45.360763
13481100,45.351161
13482000,50.483388
13482900,55.613688
13483800,60.977035
13484700,66.564332
13485600,72.292697
13486500,72.287927
13487400,66.453981
13488300,66.444685
13489200,60.861911
13490100,55.494106
13491000,50.359578
13491900,40.745265
13492800,36.270852
13493700,36.266066
13494600,40.746476
13495500,40.737151
13496400,38.275384
13497300,42.959522
13498200,42.960157
13499100,47.853785
13500000,32.49966
13500900,32.462734
13501800,32.465271
13502700,27.481674
13503600,2.3592
13504500,-2.416517
13505400,-6.890941
13506300,-7.051395
13507200,-15.783634
13508100,-19.942794
13509000,-27.483
13509900,-31.14793
13510800,-33.054387
13511700,-36.269024
13512600,-41.998819
13513500,-44.791689
13514400,-32.288813
13515300,-34.658506
13516200,-34.654227
13517100,-34.775579
13518000,-25.93988
13518900,-25.986572
13519800,-25.983364
13520700,-26.074353
13521600,-20.959801
13522500,-20.997528
13523400,-20.994936
13524300,-21.068456
13525200,-21.727875
13526100,-21.766985
13527000,-21.764298
13527900,-21.840513
13528800,-20.915887
13529700,-20.953536
13530600,-20.950949
13531500,-21.024315
13532400,-25.119046
13533300,-25.164261
13534200,-25.161154
13535100,-25.249264
13536000,-34.956745
13536900,-35.019667
13537800,-35.015343
13538700,-35.137961
13539600,-44.75398
13540500,-44.834538
13541400,-44.829002
13542300,-44.985985
13543200,-48.607254
13544100,-48.694748
13545000,-48.688736
13545900,-48.859235
13546800,-43.42287
13547700,-43.501031
13548600,-43.495661
13549500,-43.647975
13550400,-26.672069
13551300,-26.720079
13552200,-26.71678
13553100,-26.810337
13554000,-15.973261
13554900,-16.002013
13555800,-16.000037
13556700,-16.056067
13557600,-5.109125
13558500,-5.118321
13559400,-5.11769
13560300,-5.135611
13561200,-2.668432
13562100,-2.673235
13563000,-2.672905
13563900,-2.682265
13564800,-2.842389
13565700,-2.847506
13566600,-2.847154
13567500,-2.857124
13568400,-2.628078
13569300,-2.632808
13570200,-2.632483
13571100,-2.641702
13572000,-2.75167
13572900,-2.756623
13573800,-2.756283
13574700,-2.765935
13575600,-2.75202
13576500,-0.449555
13577400,2.011978
13578300,4.62225
13579200,7.411755
13580100,13.484947
13581000,16.789751
13581900,20.268067
13582800,25.258364
13583700,33.588879
13584600,47.674635
13585500,58.153826
13586400,59.718838
13587300,66.00585
13588200,66.008485
13589100,72.512104
13590000,53.262762
13590900,53.177267
13591800,53.183141
13592700,53.016536
13593600,48.385034
13594500,55.389939
13595400,55.396417
13596300,55.212701
13597200,56.664304
13598100,63.939194
13599000,63.945526
13599900,71.405815
13600800,86.943577
13601700,94.796564
13602600,103.001399
13603500,102.875394
13604400,120.537932
13605300,129.27021
13606200,129.273542
13607100,138.25745
13608000,143.568084
13608900,152.90988
13609800,162.601088
13610700,162.524749
13611600,171.841073
13612500,171.800463
13613400,171.803253
13614300,171.724117
13615200,162.683167
13616100,162.644075
13617000,162.646761
13617900,162.570582
13618800,158.318868
13619700,139.202434
13620600,130.127274
13621500,121.255026
13622400,94.486891
13623300,78.864044
13624200,71.501491
13625100,57.438715
13626000,34.550344
13626900,28.389365
13627800,22.560838
13628700,22.397837
13629600,13.04156
13630500,18.546888
13631400,30.464738
13632300,36.613057
13633200,48.836179
13634100,70.057521
13635000,93.821002
13635900,110.931705
13636800,156.706305
13637700,176.975966
13638600,198.58861
13639500,221.430077
13640400,244.662852
13641300,244.632998
13642200,256.962506
13643100,256.904329
13644000,268.270954
13644900,255.933948
13645800,255.934604
13646700,243.935769
13647600,246.497535
13648500,246.492548
13649400,246.49289
13650300,246.483172
13651200,223.773345
13652100,223.768744
13653000,212.800757
13653900,212.79179
13654800,212.997784
13655700,212.99353
13656600,212.993822
13657500,212.985531
13658400,212.886631
13659300,212.882176
13660200,202.241566
13661100,202.232886
13662000,202.2454
13662900,212.881861
13663800,212.882167
13664700,212.873485
13665600,212.878778
13666500,223.842612
13667400,235.14357
13668300,235.134862
13669200,244.473943
13670100,268.772997
13671000,281.453236
13671900,307.872121
13672800,321.437918
13673700,321.403435
13674600,335.920804
13675500,335.853606
13676400,327.290364
13677300,327.213473
13678200,327.218756
13679100,327.068919
13680000,322.903562
13680900,322.818775
13681800,322.824601
13682700,307.762425
13683600,309.067928
13684500,308.985052
13685400,308.990746
13686300,294.314244
13687200,308.288185
13688100,308.230032
13689000,294.09602
13689900,293.982697
13690800,288.467786
13691700,275.025278
13692600,275.028274
13693500,261.906509
13694400,254.003001
13695300,241.640312
13696200,229.662506
13697100,217.95589
13698000,206.039453
13698900,195.034627
13699800,184.396221
13700700,174.006561
13701600,164.868984
13702500,155.14531
13703400,145.766756
13704300,127.839098
13705200,115.527207
13706100,107.284593
13707000,99.369846
13707900,84.280659
13708800,68.116313
13709700,54.642939
13710600,36.410014
13711500,25.336301
13712400,6.310052
13713300,-11.278745
13714200,-25.612481
13715100,-39.701976
13716000,-45.391055
13716900,-45.472759
13717800,-45.467145
13718700,-45.626363
13719600,-40.549706
13720500,-40.622696
13721400,-40.617681
13722300,-40.759916
13723200,-24.907257
13724100,-24.95209
13725000,-24.949009
13725900,-25.036376
13726800,-14.916357
13727700,-14.943207
13728600,-14.941362
13729500,-14.993684
13730400,-4.771069
13731300,-4.779657
13732200,-4.779067
13733100,-4.795802
13734000,-2.491869
13734900,-2.496355
13735800,-2.496046
13736700,-2.504787
13737600,-2.25627
13738500,-2.260331
13739400,-2.260052
13740300,-2.267966
13741200,-2.08615
13742100,-2.089905
13743000,-2.089647
13743900,-2.096965
13744800,-2.184257
13745700,-2.188189
13746600,-2.187919
13747500,-2.19558
13748400,-2.184535
13749300,-2.188467
13750200,-2.188197
13751100,-2.19586
13752000,-2.191189
13752900,-2.195133
13753800,-2.194862
13754700,-2.202548
13755600,-4.231599
13756500,-4.239216
13757400,-4.238693
13758300,-4.253536
13759200,-16.9088
13760100,-16.939236
13761000,-16.937145
13761900,-16.996455
13762800,-37.703044
13763700,-37.770909
13764600,-37.766246
13765500,-37.898497
13766400,-41.574951
13767300,-41.649787
13768200,-41.644644
13769100,-41.790476
13770000,-40.638204
13770900,-40.711353
13771800,-40.706327
13772700,-40.848873
13773600,-28.515103
13774500,-28.56643
13775400,-28.562903
13776300,-28.662926
13777200,-21.380316
13778100,-21.4188
13779000,-21.416156
13779900,-21.491151
13780800,-17.275606
13781700,-17.306702
13782600,-17.304565
13783500,-17.365163
13784400,-17.908673
13785300,-17.940908
13786200,-17.938693
13787100,-18.001511
13788000,-17.239411
13788900,-17.270442
13789800,-17.26831
13790700,-17.328781
13791600,-20.703763
13792500,-20.74103
13793400,-20.738469
13794300,-20.811091
13795200,-28.812247
13796100,-28.864109
13797000,-28.860545
13797900,-28.96161
13798800,-36.88738
13799700,-36.953777
13800600,-36.949215
13801500,-37.078604
13802400,-40.063347
13803300,-40.135462
13804200,-40.130506
13805100,-40.271036
13806000,-35.790245
13806900,-35.854667
13807800,-35.850241
13808700,-35.975782
13809600,-21.983804
13810500,-22.023375
13811400,-22.020656
13812300,-22.097769
13813200,-13.165572
13814100,-13.18927
13815000,-13.187642
13815900,-13.233823
13816800,-4.211072
13817700,-4.218652
13818600,-4.218131
13819500,-4.232902
13820400,-2.19939
13821300,-2.203349
13822200,-2.203077
13823100,-2.210791
13824000,-2.118287
13824900,-2.1221
13825800,-2.121838
13826700,-2.129268
13827600,-1.958571
13828500,-1.962097
13829400,-1.961854
13830300,-1.968724
13831200,-2.050678
13832100,-2.05437
13833000,-2.054116
13833900,-2.061309
13834800,-2.050939
13835700,-2.054631
13836600,-2.054377
13837500,-2.061571
13838400,-2.057186
13839300,-2.060889
13840200,-2.060634
13841100,-2.06785
13842000,-3.972815
13842900,-3.979966
13843800,-3.979475
13844700,-3.99341
13845600,-15.874739
13846500,-15.903313
13847400,-15.90135
13848300,-13.649615
13849200,-30.628694
13850100,-30.69241
13851000,-30.688031
13851900,-30.812194
13852800,-31.643889
13853700,-31.714148
13854600,-31.70932
13855500,-31.846234
13856400,-27.980809
13857300,-30.833105
13858200,-30.828386
13859100,-30.962215
13860000,-19.382719
13860900,-19.430907
13861800,-16.643976
13862700,-13.785608
13863600,-3.82248
13864500,-3.858611
13865400,-3.856128
13866300,-0.622075000000002
13867200,3.335668
13868100,0.00201099999999954
13869000,-3.121871
13869900,-6.131036
13870800,-9.424927
13871700,-9.455191
13872600,-6.669492
13873500,-6.728468
13874400,-6.012975
13875300,-8.825728
13876200,-13.904844
13877100,-16.269035
13878000,-19.43762
13878900,-19.472608
13879800,-19.470204
13880700,-19.538385
13881600,-27.050228
13882500,-27.098918
13883400,-27.095573
13884300,-27.190456
13885200,-34.631524
13886100,-34.693861
13887000,-34.689578
13887900,-34.811055
13888800,-37.613265
13889700,-37.680969
13890600,-37.676317
13891500,-37.808253
13892400,-33.601485
13893300,-33.661968
13894200,-33.657812
13895100,-33.775675
13896000,-20.63938
13896900,-20.676531
13897800,-20.673978
13898700,-20.746375
13899600,-12.360429
13900500,-12.382678
13901400,-12.381149
13902300,-12.424505
13903200,-3.953543
13904100,-3.960659
13905000,-3.96017
13905900,-3.974038
13906800,-2.064886
13907700,-2.068602
13908600,-2.068347
13909500,-2.07559
13910400,-2.873281
13911300,-2.878453
13912200,-2.878097
13913100,-2.888176
13914000,-2.65664
13914900,-2.661422
13915800,-2.661093
13916700,-2.670412
13917600,-2.781576
13918500,-2.786582
13919400,-2.786238
13920300,-2.795995
13921200,-2.78193
13922100,-2.786937
13923000,-2.786593
13923900,-2.796351
13924800,-2.790403
13925700,-2.795425
13926600,-2.79508
13927500,-2.804868
13928400,-5.388795
13929300,-5.398495
13930200,-5.397828
13931100,-5.41673
13932000,-21.532769
13932900,-21.571529
13933800,-21.568865
13934700,-21.644396
13935600,-48.013516
13936500,-48.099941
13937400,-48.094002
13938300,-48.262419
13939200,-52.944256
13940100,-53.039556
13941000,-53.033008
13941900,-53.21872
13942800,-51.751341
13943700,-51.844494
13944600,-51.838093
13945500,-52.019621
13946400,-36.312993
13947300,-36.378357
13948200,-36.373865
13949100,-36.50124
13950000,-27.227089
13950900,-27.276098
13951800,-27.27273
13952700,-27.368235
13953600,-21.999884
13954500,-22.039484
13955400,-22.036763
13956300,-22.113932
13957200,-22.806072
13958100,-22.847123
13959000,-22.844303
13959900,-22.924299
13960800,-21.953791
13961700,-21.993308
13962600,-21.990593
13963500,-22.0676
13964400,-26.365523
13965300,-26.412981
13966200,-26.40972
13967100,-26.502202
13968000,-36.691395
13968900,-36.75744
13969800,-36.752902
13970700,-36.881604
13971600,-46.974796
13972500,-47.059351
13973400,-47.053541
13974300,-47.218314
13975200,-51.019281
13976100,-51.111116
13977000,-51.104806
13977900,-51.283766
13978800,-45.577633
13979700,-45.659673
13980600,-45.654036
13981500,-45.813908
13982400,-27.995611
13983300,-28.046003
13984200,-28.042541
13985100,-28.14074
13986000,-16.765899
13986900,-16.796077
13987800,-16.794004
13988700,-16.852813
13989600,-5.362654
13990500,-5.372307
13991400,-5.371643
13992300,-5.390454
13993200,-2.800846
13994100,-2.805888
13995000,-2.805542
13995900,-2.815366
13996800,-2.882687
13997700,-2.887876
13998600,-2.88752
13999500,-2.897631
14000400,-2.665337
14001300,-2.670135
14002200,-2.669805
14003100,-2.679154
14004000,-2.790682
14004900,-2.795705
14005800,-2.79536
14006700,-2.805149
14007600,-2.791037
14008500,-2.796061
14009400,-2.795716
14010300,-2.805506
14011200,-2.799538
14012100,-2.804577
14013000,-2.804231
14013900,-2.814051
14014800,-5.406437
14015700,-5.416168
14016600,-5.4155
14017500,-5.434464
14018400,-21.603263
14019300,-21.642149
14020200,-19.332058
14021100,-14.326718
14022000,-37.998545
14022900,-35.13298
14023800,-32.001134
14024700,-28.865638
14025600,-30.074805
14026500,-26.493923
14027400,-26.487353
14028300,-22.803723
14029200,-17.263175
14030100,-17.356632
14031000,-17.350211
14031900,-17.532333
14032800,2.497459
14033700,2.431882
14034600,2.436388
14035500,2.308596
14036400,11.613108
14037300,11.563939
14038200,11.567318
14039100,11.471501
14040000,16.857426
14040900,16.817697
14041800,16.820427
14042700,12.471261
14043600,11.776855
14044500,11.735669
14045400,11.738499
14046300,7.589875
14047200,8.56356
14048100,8.523913
14049000,8.526638
14049900,8.449378
14050800,4.137385
14051700,4.089772
14052600,0.223094
14053500,0.130309
14054400,-10.092242
14055300,-13.834997
14056200,-20.622905
14057100,-23.877916
14058000,-36.956425
14058900,-44.905994
14059800,-47.207584
14060700,-47.372897
14061600,-51.186307
14062500,-51.278443
14063400,-51.272112
14064300,-51.451657
14065200,-45.726844
14066100,-45.809153
14067000,-45.803497
14067900,-45.963893
14068800,-28.087262
14069700,-28.13782
14070600,-28.134346
14071500,-28.232867
14072400,-16.820786
14073300,-16.851064
14074200,-16.848983
14075100,-16.907986
14076000,-5.38021
14076900,-5.389894
14077800,-5.389229
14078700,-5.408101
14079600,-2.810016
14080500,-2.815074
14081400,-2.814726
14082300,-2.824583
14083200,-2.810234
14084100,-2.815292
14085000,-2.814944
14085900,-2.824802
14086800,-2.598346
14087700,-2.603023
14088600,-2.602702
14089500,-2.611816
14090400,-2.720541
14091300,-2.725438
14092200,-2.725101
14093100,-2.734644
14094000,-2.720887
14094900,-2.725784
14095800,-2.725448
14096700,-0.427573
14097600,4.659363
14098500,4.654451
14099400,4.654788
14100300,7.428835
14101200,4.901606
14102100,10.97028
14103000,17.763393
14103900,21.4214
14104800,13.597305
14105700,17.831141
14106600,22.313826
14107500,26.933332
14108400,6.054457
14109300,11.104784
14110200,11.110593
14111100,16.308906
14112000,17.325975
14112900,17.232766
14113800,23.073445
14114700,28.969142
14115600,30.404322
14116500,36.638569
14117400,36.644829
14118300,43.045622
14119200,58.407605
14120100,65.179953
14121000,65.184346
14121900,65.059766
14122800,74.130418
14123700,74.082484
14124600,74.085778
14125500,73.992369
14126400,79.242924
14127300,79.204193
14128200,72.370577
14129100,72.295101
14130000,71.618148
14130900,64.999661
14131800,65.00242
14132700,58.598823
14133600,59.548036
14134500,53.432052
14135400,53.434707
14136300,47.525116
14137200,43.321501
14138100,32.315875
14139000,22.272572
14139900,13.008659
14140800,-5.297066
14141700,-19.700567
14142600,-31.177834
14143500,-36.072324
14144400,-45.944046
14145300,-46.026745
14146200,-46.021063
14147100,-46.18222
14148000,-49.899784
14148900,-49.989604
14149800,-49.983432
14150700,-50.158465
14151600,-44.57754
14152500,-44.65778
14153400,-44.652266
14154300,-44.80863
14155200,-27.381314
14156100,-27.4306
14157000,-27.427213
14157900,-27.523259
14158800,-16.398011
14159700,-16.427527
14160600,-16.425499
14161500,-16.483018
14162400,-5.244983
14163300,-5.254424
14164200,-5.253775
14165100,-5.272173
14166000,-2.739389
14166900,-2.744319
14167800,-2.743981
14168700,-2.75359
14169600,-2.917972
14170500,-2.923225
14171400,-2.922864
14172300,-2.933099
14173200,-2.697961
14174100,-2.702818
14175000,-2.702484
14175900,-2.711948
14176800,-2.824841
14177700,-2.829925
14178600,-2.829576
14179500,-2.839485
14180400,-2.8252
14181300,-2.830285
14182200,-2.829936
14183100,-2.839846
14184000,-2.833805
14184900,-2.838906
14185800,-2.838555
14186700,-2.848495
14187600,-5.472613
14188500,-5.482464
14189400,-5.481787
14190300,-5.500983
14191200,-21.867693
14192100,-21.907055
14193000,-21.90435
14193900,-21.981055
14194800,-48.760325
14195700,-48.848094
14196600,-48.842063
14197500,-46.70568
14198400,-46.379221
14199300,-40.740111
14200200,-30.815111
14201100,-23.457268
14202000,-13.626956
14202900,-9.241476
14203800,-4.541597
14204700,0.185688999999996
14205600,21.271476
14206500,26.568129
14207400,26.572691
14208300,32.03951
14209200,47.292186
14210100,41.408141
14211000,41.411561
14211900,35.718396
14212800,41.170247
14213700,30.632141
14214600,21.029888
14215500,16.471438
14216400,7.428422
14217300,-0.159711999999999
14218200,-6.949308
14219100,-13.10871
14220000,-14.906727
14220900,-20.027976
14221800,-22.332638
14222700,-22.410843
14223600,-26.775616
14224500,-26.823812
14225400,-26.8205
14226300,-26.914421
14227200,-37.262098
14228100,-37.32917
14229000,-37.324562
14229900,-37.455265
14230800,-47.705449
14231700,-47.791319
14232600,-47.785419
14233500,-47.952755
14234400,-51.812842
14235300,-51.906105
14236200,-51.899697
14237100,-52.08144
14238000,-46.286554
14238900,-46.36987
14239800,-46.364145
14240700,-46.526504
14241600,-28.431059
14242500,-28.482235
14243400,-28.478718
14244300,-28.578445
14245200,-17.026678
14246100,-17.057326
14247000,-17.05522
14247900,-17.114944
14248800,-5.446065
14249700,-5.455868
14250600,-5.455195
14251500,-5.474298
14252400,-2.844411
14253300,-2.849531
14254200,-2.849179
14255100,-2.859157
14256000,-2.624289
14256900,-2.629012
14257800,-2.628688
14258700,-2.637893
14259600,-2.426421
14260500,-2.430789
14261400,-2.430489
14262300,-2.439
14263200,-2.54053
14264100,-2.545103
14265000,-2.544789
14265900,-2.5537
14266800,-2.540854
14267700,-2.545427
14268600,-2.545113
14269500,-2.554025
14270400,-2.548592
14271300,-2.55318
14272200,-2.552865
14273100,-2.561804
14274000,-2.614395
14274900,2.457864
14275800,8.194366
14276700,14.607453
14277600,7.052486
14278500,14.955402
14279400,23.709659
14280300,28.334053
14281200,14.296516
14282100,14.217581
14283000,19.586039
14283900,25.028392
14284800,20.752272
14285700,20.665231
14286600,20.671212
14287500,20.501593
14288400,21.841812
14289300,21.756732
14290200,16.166403
14291100,16.000606
14292000,30.346132
14292900,24.923398
14293800,19.792644
14294700,19.676308
14295600,23.235144
14296500,18.497003
14297400,18.500079
14298300,13.93277
14299200,14.564167
14300100,10.459633
14301000,10.462118
14301900,6.521686
14302800,2.213031
14303700,2.175537
14304600,-1.309884
14305500,-4.687412
14306400,-3.801006
14307300,-6.962986
14308200,-9.912779
14309100,-9.983113
14310000,-16.692207
14310900,-19.355478
14311800,-19.352499
14312700,-21.89816
14313600,-33.511799
14314500,-33.572121
14315400,-33.567976
14316300,-33.685525
14317200,-42.904063
14318100,-42.981291
14319000,-42.975984
14319900,-43.126478
14320800,-46.598062
14321700,-46.681938
14322600,-46.676175
14323500,-46.839627
14324400,-41.627975
14325300,-41.702906
14326200,-41.697757
14327100,-41.843775
14328000,-25.569572
14328900,-25.615598
14329800,-25.612435
14330700,-25.702125
14331600,-15.313002
14332500,-15.340566
14333400,-15.338672
14334300,-15.392385
14335200,-4.897938
14336100,-4.906754
14337000,-4.906149
14337900,-4.923329
14338800,-2.558131
14339700,-2.562736
14340600,-2.56242
14341500,-2.571393
14342400,-2.316267
14343300,-2.320436
14344200,-2.320149
14345100,-2.328274
14346000,-2.141624
14346900,-2.145479
14347800,-2.145214
14348700,-2.152726
14349600,-2.242339
14350500,-2.246376
14351400,-2.246098
14352300,-2.253964
14353200,-2.242625
14354100,-2.246661
14355000,-2.246384
14355900,-2.25425
14356800,-2.249455
14357700,-2.253504
14358600,-2.253226
14359500,-2.261116
14360400,-4.344123
14361300,-4.351943
14362200,-4.351405
14363100,-4.366643
14364000,-17.358427
14364900,-17.389672
14365800,-17.387525
14366700,-17.448413
14367600,-38.705616
14368500,-36.467867
14369400,-34.001887
14370300,-31.517729
14371200,-32.508326
14372100,-32.585151
14373000,-32.579872
14373900,-32.729582
14374800,-28.594396
14375700,-31.621763
14376600,-31.616603
14377500,-31.76294
14378400,-19.101199
14379300,-21.937511
14380200,-21.933891
14381100,-22.036573
14382000,-17.180234
14382900,-17.219742
14383800,-17.217027
14384700,-19.75521
14385600,-15.427567
14386500,-17.76691
14387400,-17.764716
14388300,-17.826925
14389200,-18.384887
14390100,-18.41798
14391000,-18.415706
14391900,-18.480195
14392800,-17.697829
14393700,-17.729686
14394600,-17.727497
14395500,-17.789575
14396400,-21.254303
14397300,-21.29256
14398200,-21.289932
14399100,-21.364485
14400000,-29.578401
14400900,-29.631643
14401800,-29.627984
14402700,-29.731736
14403600,-37.868262
14404500,-37.936426
14405400,-37.931742
14406300,-38.064572
14407200,-41.128683
14408100,-41.202715
14409000,-41.197628
14409900,-41.341895
14410800,-36.741953
14411700,-36.808089
14412600,-36.803544
14413500,-36.932424
14414400,-22.568382
14415300,-22.609005
14416200,-22.606214
14417100,-22.685377
14418000,-13.515661
14418900,-13.53999
14419800,-13.538318
14420700,-13.585727
14421600,-4.32305
14422500,-4.330831
14423400,-4.330297
14424300,-4.345461
14425200,-2.257874
14426100,-2.261939
14427000,-2.261659
14427900,-2.269579
14428800,-2.174615
14429700,-2.178529
14430600,-2.17826
14431500,-2.185888
14432400,-2.010652
14433300,-2.014271
14434200,-2.014023
14435100,-2.021075
14436000,-2.105209
14436900,-2.108998
14437800,-2.108738
14438700,-2.116122
14439600,-2.105476
14440500,-2.109266
14441400,-2.109006
14442300,-2.116391
14443200,-2.111889
14444100,-2.115691
14445000,-2.115429
14445900,-2.122837
14446800,-4.078457
14447700,-4.085799
14448600,-4.085294
14449500,-4.0996
14450400,-16.296869
14451300,-16.326203
14452200,-16.324187
14453100,-16.381352
14454000,-36.338566
14454900,-36.403976
14455800,-36.399481
14456700,-36.526946
14457600,-40.070349
14458500,-40.142476
14459400,-40.13752
14460300,-40.278074
14461200,-39.167503
14462100,-39.238004
14463000,-39.23316
14463900,-39.370547
14464800,-27.483138
14465700,-27.532608
14466600,-27.529209
14467500,-27.625611
14468400,-20.606559
14469300,-20.643651
14470200,-20.641103
14471100,-20.713384
14472000,-16.6504
14472900,-16.68037
14473800,-16.678311
14474700,-16.736715
14475600,-17.260556
14476500,-17.291625
14477400,-17.28949
14478300,-17.350034
14479200,-16.615515
14480100,-16.645423
14481000,-16.643368
14481900,-16.70165
14482800,-19.954491
14483700,-19.990409
14484600,-19.987941
14485500,-20.057936
14486400,-27.769528
14487300,-27.819513
14488200,-27.816079
14489100,-27.913486
14490000,-35.552421
14490900,-35.616416
14491800,-35.612018
14492700,-35.736725
14493600,-38.61345
14494500,-38.682954
14495400,-38.678179
14496300,-38.813623
14497200,-34.494991
14498100,-34.557082
14499000,-34.552816
14499900,-34.673814
14500800,-21.188208
14501700,-21.226347
14502600,-21.223726
14503500,-21.298048
14504400,-12.689108
14505300,-12.711949
14506200,-12.710379
14507100,-12.754889
14508000,-4.058673
14508900,-4.065978
14509800,-4.065476
14510700,-4.079713
14511600,-2.119794
14512500,-2.123609
14513400,-2.123347
14514300,-2.130783
14515200,-2.42592
14516100,-2.430287
14517000,-2.429987
14517900,-2.438496
14518800,-2.243009
14519700,-2.247047
14520600,-2.246769
14521500,-2.254637
14522400,-2.348493
14523300,-2.35272
14524200,-2.35243
14525100,-2.360668
14526000,-2.348792
14526900,-2.35302
14527800,-2.352729
14528700,-2.360968
14529600,-2.355946
14530500,-2.360186
14531400,-2.359895
14532300,-2.368159
14533200,-4.549776
14534100,-4.557966
14535000,-4.557403
14535900,-4.573363
14536800,-18.180185
14537700,-18.212909
14538600,-18.210661
14539500,-18.274431
14540400,-40.537963
14541300,-40.610932
14542200,-40.605918
14543100,-40.748112
14544000,-44.701002
14544900,-44.781464
14545800,-44.775935
14546700,-44.932733
14547600,-43.69382
14548500,-43.77247
14549400,-43.767065
14550300,-43.92033
14551200,-30.659174
14552100,-30.714361
14553000,-30.710569
14553900,-30.818112
14554800,-22.987917
14555700,-23.029295
14556600,-23.026452
14557500,-23.107087
14558400,-18.574571
14559300,-18.608006
14560200,-18.605708
14561100,-18.670862
14562000,-19.255239
14562900,-19.289898
14563800,-19.287517
14564700,-19.355058
14565600,-18.535655
14566500,-18.56902
14567400,-18.566727
14568300,-18.631744
14569200,-22.260494
14570100,-22.300563
14571000,-22.29781
14571900,-22.375893
14572800,-30.97866
14573700,-31.034422
14574600,-31.030591
14575500,-31.139254
14576400,-39.660969
14577300,-39.732359
14578200,-39.727453
14579100,-39.866572
14580000,-43.07574
14580900,-43.153276
14581800,-43.147948
14582700,-43.299045
14583600,-38.481339
14584500,-38.550606
14585400,-38.545846
14586300,-38.680827
14587200,-23.636782
14588100,-23.679329
14589000,-23.676405
14589900,-23.759316
14590800,-14.155501
14591700,-14.180981
14592600,-14.17923
14593500,-14.228883
14594400,-4.527706
14595300,-4.535855
14596200,-4.535295
14597100,-4.551177
14598000,-2.364764
14598900,-2.36902
14599800,-2.368728
14600700,-2.377022
14601600,-2.433862
14602500,-2.438243
14603400,-2.437942
14604300,-2.446479
14605200,-2.250352
14606100,-2.254403
14607000,-2.254125
14607900,-2.262018
14608800,-2.356181
14609700,-2.360423
14610600,-2.360131
14611500,-2.368396
14612400,-2.356481
14613300,-2.360723
14614200,-2.360432
14615100,-2.368697
14616000,-2.363658
14616900,-2.367913
14617800,-2.367621
14618700,-0.0684930000000001
14619600,2.823866
14620500,5.599269
14621400,5.599834
14622300,5.583822
14623200,-5.115273
14624100,-2.022217
14625000,1.284502
14625900,4.708521
14626800,-13.951402
14627700,-10.15466
14628600,-6.081264
14629500,2.527901
14630400,3.25545
14631300,3.174724
14632200,8.091908
14633100,7.934597
14634000,9.177566
14634900,4.187022
14635800,-4.981016
14636700,-9.406526
14637600,-4.040273
14638500,-11.260132
14639400,-17.686679
14640300,-23.530467
14641200,-23.063174
14642100,-23.104688
14643000,-23.101836
14643900,-23.182734
14644800,-18.63538
14645700,-18.668924
14646600,-18.666619
14647500,-18.731986
14648400,-14.549664
14649300,-11.964512
14650200,-9.178503
14651100,-6.293992
14652000,-2.346019
14652900,-2.379492
14653800,-2.377192
14654700,-2.442423
14655600,-9.20894
14656500,-12.201413
14657400,-17.602196
14658300,-22.449146
14659200,-31.080078
14660100,-31.136022
14661000,-31.132178
14661900,-31.241197
14662800,-39.79081
14663700,-39.862434
14664600,-39.857512
14665500,-39.997086
14666400,-43.21676
14667300,-43.294551
14668200,-43.289205
14669100,-43.440796
14670000,-38.607319
14670900,-38.676812
14671800,-38.672037
14672700,-38.807459
14673600,-23.714164
14674500,-23.75685
14675400,-23.753917
14676300,-23.837099
14677200,-14.201843
14678100,-14.227406
14679000,-14.22565
14679900,-14.275465
14680800,-4.542528
14681700,-4.550705
14682600,-4.550143
14683500,-4.566077
14684400,-2.372505
14685300,-2.376776
14686200,-2.376482
14687100,-2.384804
14688000,-2.372689
14688900,-2.37696
14689800,-2.376666
14690700,-2.384989
14691600,-2.193792
14692500,-2.197741
14693400,-2.197469
14694300,-2.205164
14695200,-2.296961
14696100,-2.301095
14697000,-2.300811
14697900,-2.308868
14698800,-2.297253
14699700,-2.301388
14700600,-2.301104
14701500,-2.309162
14702400,-2.30425
14703300,-2.308398
14704200,-2.308113
14705100,-2.316195
14706000,-4.449942
14706900,-4.457952
14707800,-4.457402
14708700,-4.473011
14709600,-17.781264
14710500,-17.81327
14711400,-17.811071
14712300,-17.873442
14713200,-34.879841
14714100,-32.331284
14715000,-29.54276
14715900,-26.729561
14716800,-27.469827
14717700,-24.24406
14718600,-24.238653
14719500,-20.904011
14720400,-16.01579
14721300,-16.092713
14722200,-16.087428
14723100,-16.237329
14724000,-3.267158
14724900,-3.321134
14725800,-3.317425
14726700,-3.422608
14727600,4.235771
14728500,0.518806999999999
14729400,0.521587999999998
14730300,-3.045275
14731200,1.387785
14732100,1.355084
14733000,1.357331
14733900,1.293607
14734800,0.722052999999999
14735700,0.688153999999997
14736600,-2.61398
14737500,-2.680039
14738400,-1.878616
14739300,-1.911248
14740200,-1.909006
14741100,-5.098485
14742000,-8.64761
14742900,-8.6868
14743800,-11.63638
14744700,-11.71275
14745600,-20.12675
14746500,-22.964908
14747400,-25.581086
14748300,-28.148558
14749200,-36.483284
14750100,-38.860526
14751000,-38.855728
14751900,-38.991794
14752800,-42.130545
14753700,-42.20638
14754600,-42.201169
14755500,-42.34895
14756400,-37.636957
14757300,-37.704704
14758200,-37.700049
14759100,-37.832068
14760000,-23.118129
14760900,-23.159742
14761800,-23.156883
14762700,-23.237974
14763600,-13.844892
14764500,-13.869813
14765400,-13.868101
14766300,-13.916664
14767200,-4.428356
14768100,-4.436327
14769000,-4.435779
14769900,-4.451312
14770800,-2.312874
14771700,-2.317038
14772600,-2.316751
14773500,-2.324864
14774400,-2.463653
14775300,-2.468088
14776200,-2.467783
14777100,-2.476425
14778000,-2.277897
14778900,-2.281998
14779800,-2.281716
14780700,-2.289706
14781600,-2.385022
14782500,-2.389315
14783400,-2.38902
14784300,-2.397386
14785200,-2.385325
14786100,-2.389619
14787000,-2.389324
14787900,-2.397691
14788800,-2.39259
14789700,-2.396897
14790600,-2.396601
14791500,-2.404994
14792400,-4.620544
14793300,-4.628861
14794200,-4.62829
14795100,-4.644497
14796000,-18.462962
14796900,-18.496196
14797800,-18.493912
14798700,-18.558674
14799600,-41.168496
14800500,-41.2426
14801400,-41.237508
14802300,-41.381914
14803200,-45.396288
14804100,-45.478001
14805000,-45.472387
14805900,-45.631623
14806800,-44.37344
14807700,-44.453313
14808600,-44.447824
14809500,-44.603473
14810400,-31.136051
14811300,-31.192096
14812200,-31.188245
14813100,-31.297461
14814000,-23.345474
14814900,-23.387496
14815800,-23.384609
14816700,-23.466498
14817600,-18.863483
14818500,-18.897437
14819400,-18.895104
14820300,-18.961271
14821200,-19.554737
14822100,-19.589936
14823000,-19.587517
14823900,-19.656109
14824800,-18.823961
14825700,-18.857845
14826600,-18.855516
14827500,-18.921545
14828400,-22.606737
14829300,-22.647429
14830200,-22.644633
14831100,-22.72393
14832000,-31.460507
14832900,-31.517136
14833800,-31.513245
14834700,-31.623599
14835600,-40.277861
14836500,-40.350361
14837400,-40.34538
14838300,-40.486662
14839200,-43.745746
14840100,-43.824488
14841000,-43.819078
14841900,-43.972524
14842800,-39.079883
14843700,-39.150227
14844600,-39.145394
14845500,-39.282474
14846400,-24.004432
14847300,-24.04764
14848200,-24.044671
14849100,-24.128872
14850000,-14.375678
14850900,-14.401554
14851800,-14.399776
14852700,-14.450201
14853600,-4.59813
14854500,-4.606407
14855400,-4.605838
14856300,-4.621967
14857200,-2.401545
14858100,-2.405868
14859000,-2.405571
14859900,-2.413995
14860800,-2.215695
14861700,-2.219683
14862600,-2.219409
14863500,-2.227181
14864400,-2.048635
14865300,-2.052323
14866200,-2.052069
14867100,-2.059255
14868000,-2.144978
14868900,-2.148839
14869800,-2.148573
14870700,-2.156097
14871600,-2.145251
14872500,-2.149112
14873400,-2.148847
14874300,-2.156372
14875200,0.155634
14876100,0.151761
14877000,-2.155392
14877900,-2.162939
14878800,-4.155503
14879700,-4.162983
14880600,-4.162469
14881500,-4.177045
14882400,-16.60473
14883300,-14.3272
14884200,-14.325146
14885100,-11.922197
14886000,-32.25642
14886900,-32.323065
14887800,-32.318486
14888700,-32.448358
14889600,-36.058699
14890500,-36.132188
14891400,-38.588332
14892300,-38.731541
14893200,-37.59999
14894100,-39.979243
14895000,-39.974307
14895900,-40.11429
14896800,-28.002317
14897700,-28.052722
14898600,-28.049258
14899500,-28.147482
14900400,-20.995834
14901300,-21.033627
14902200,-21.03103
14903100,-21.104677
14904000,-16.96494
14904900,-16.995477
14905800,-16.993378
14906700,-17.052886
14907600,-17.586622
14908500,-17.618278
14909400,-17.616103
14910300,-17.677791
14911200,-16.929396
14912100,-16.959869
14913000,-16.957775
14913900,-17.017158
14914800,-20.331448
14915700,-20.368045
14916600,-20.36553
14917500,-20.436847
14918400,-28.294118
14919300,-28.345047
14920200,-28.341548
14921100,-28.440795
14922000,-36.224036
14922900,-36.289239
14923800,-36.284759
14924700,-36.411822
14925600,-39.34289
14926500,-39.413708
14927400,-39.408842
14928300,-39.546844
14929200,-35.14663
14930100,-35.209895
14931000,-35.205547
14931900,-35.328831
14932800,-21.588471
14933700,-21.62733
14934600,-21.62466
14935500,-21.700385
14936400,-12.928816
14937300,-12.952088
14938200,-12.950489
14939100,-12.995839
14940000,-4.135345
14940900,-4.142788
14941800,-4.142277
14942700,-4.156782
14943600,-2.159838
14944500,-2.163726
14945400,-2.163459
14946300,-2.171035
14947200,-1.955631
14948100,-1.959151
14949000,-1.958909
14949900,-1.965769
14950800,-1.80818
14951700,-1.811434
14952600,-1.811211
14953500,-1.817553
14954400,-1.893214
14955300,-1.896622
14956200,-1.896388
14957100,-1.903029
14958000,-1.893455
14958900,-1.896863
14959800,-1.896629
14960700,-1.903271
14961600,-1.899222
14962500,-1.902641
14963400,-1.902406
14964300,-1.909068
14965200,-3.667757
14966100,-3.674359
14967000,-3.673905
14967900,-3.686771
14968800,-9.887162
14969700,-7.293618
14970600,-4.508185
14971500,-1.60732
14972400,-16.428956
14973300,-16.487778
14974200,-13.179274
14975100,-9.805904
14976000,-12.992487
14976900,-9.380857
14977800,-9.3764
14978700,-9.5028
14979600,-4.634113
14980500,-4.697516
14981400,-0.624792999999997
14982300,-0.748345999999998
14983200,9.942002
14984100,14.169258
14985000,14.172315
14985900,14.08562
14986800,24.877934
14987700,24.844578
14988600,24.84687
14989500,24.781867
14990400,28.435709
14991300,28.408756
14992200,28.410608
14993100,28.358085
14994000,27.886996
14994900,23.378974
14995800,23.380894
14996700,23.326446
14997600,19.715256
14998500,19.68836
14999400,15.621842
15000300,11.699479
15001200,8.774198
15002100,5.065403
15003000,1.579625
15003900,-1.787784
15004800,-11.848707
15005700,-17.629552
15006600,-20.246388
15007500,-25.102598
15008400,-31.972293
15009300,-32.029844
15010200,-32.025889
15011100,-32.138038
15012000,-34.725077
15012900,-34.787582
15013800,-34.783287
15014700,-34.905092
15015600,-31.021347
15016500,-31.077185
15017400,-31.073348
15018300,-31.182162
15019200,-19.054556
15020100,-19.088854
15021000,-19.086497
15021900,-19.153335
15022800,-11.411316
15023700,-11.431856
15024600,-11.430445
15025500,-11.470472
15026400,-3.649965
15027300,-3.656535
15028200,-3.656083
15029100,-3.668886
15030000,-1.90633
15030900,-1.909762
15031800,-1.909526
15032700,-1.916213
15033600,-1.836034
15034500,-1.839339
15035400,-1.839112
15036300,-1.845552
15037200,-1.6976
15038100,-1.700656
15039000,-1.700446
15039900,-1.7064
15040800,-1.777434
15041700,-1.780634
15042600,-1.780414
15043500,-1.786649
15044400,-1.77766
15045300,-1.78086
15046200,-1.78064
15047100,-1.786876
15048000,-1.783075
15048900,-1.786284
15049800,0.521355
15050700,0.515101
15051600,-1.136035
15052500,1.318959
15053400,3.93931
15054300,9.663125
15055200,2.490821
15056100,2.466053
15057000,5.772218
15057900,9.211952
15058800,-7.637987
15059700,-7.693212
15060600,-7.689418
15061500,-7.797036
15062400,-7.112249
15063300,-10.84964
15064200,-10.845455
15065100,-14.452124
15066000,-13.514465
15066900,-16.878453
15067800,-20.000251
15068700,-23.06852
15069600,-13.031943
15070500,-15.85733
15071400,-20.935578
15072300,-23.32439
15073200,-17.398183
15074100,-17.4295
15075000,-17.427348
15075900,-17.488375
15076800,-14.057985
15077700,-14.083289
15078600,-14.081551
15079500,-14.130862
15080400,-14.573141
15081300,-14.599373
15082200,-14.597571
15083100,-14.648689
15084000,-14.028532
15084900,-14.053783
15085800,-14.052048
15086700,-14.101256
15087600,-16.84764
15088500,-16.877966
15089400,-16.875882
15090300,-16.934978
15091200,-23.4459
15092100,-23.488103
15093000,-23.485203
15093900,-23.567444
15094800,-30.017021
15095700,-30.071052
15096600,-30.067339
15097500,-30.17263
15098400,-32.601457
15099300,-32.66014
15100200,-32.656108
15101100,-32.770464
15102000,-29.12423
15102900,-29.176654
15103800,-29.173051
15104700,-29.27521
15105600,-17.88927
15106500,-17.921471
15107400,-17.919259
15108300,-17.982009
15109200,-10.713454
15110100,-10.732738
15111000,-10.731413
15111900,-10.768993
15112800,-3.42675
15113700,-3.432918
15114600,-3.432495
15115500,-3.444515
15116400,-1.789748
15117300,-1.79297
15118200,-1.792749
15119100,-1.799026
15120000,-2.465471
15120900,-2.469909
15121800,-2.469604
15122700,-2.478252
15123600,-2.279578
15124500,-2.283682
15125400,-2.2834
15126300,-2.291396
15127200,-2.386782
15128100,-2.391078
15129000,-2.390783
15129900,-2.399155
15130800,-2.387085
15131700,-2.391382
15132600,-2.391087
15133500,-2.39946
15134400,-0.0869370000000003
15135300,-0.0912470000000001
15136200,-0.090951
15137100,-0.0993490000000001
15138000,-2.316535
15138900,-2.324858
15139800,-2.324286
15140700,-2.340506
15141600,-16.169167
15142500,-16.202425
15143400,-13.738947
15144300,-13.803757
15145200,-33.810338
15146100,-31.100876
15147000,-31.09578
15147900,-28.28802
15148800,-29.179468
15149700,-25.956779
15150600,-22.463162
15151500,-18.946022
15152400,-17.686911
15153300,-13.896892
15154200,-9.823034
15155100,-9.978797
15156000,7.770306
15156900,7.71422
15157800,7.718073
15158700,12.088858
15159600,20.046713
15160500,20.00466
15161400,20.007549
15162300,19.9256
15163200,24.532012
15164100,20.017951
15165000,20.020286
15165900,19.95407
15166800,15.088422
15167700,15.053197
15168600,10.987252
15169500,10.918609
15170400,7.881421
15171300,4.171019
15172200,0.685350999999997
15173100,-2.685189
15174000,-12.451261
15174900,-17.895529
15175800,-22.661343
15176700,-22.740699
15177600,-31.483722
15178500,-31.540393
15179400,-31.536499
15180300,-31.646934
15181200,-40.307582
15182100,-40.380136
15183000,-40.375151
15183900,-40.516537
15184800,-43.778026
15185700,-43.856827
15186600,-43.851412
15187500,-44.004972
15188400,-39.108721
15189300,-39.179117
15190200,-39.174279
15191100,-39.311461
15192000,-24.022145
15192900,-24.065385
15193800,-24.062414
15194700,-24.146676
15195600,-14.386286
15196500,-14.412181
15197400,-14.410402
15198300,-14.460864
15199200,-4.601523
15200100,-4.609806
15201000,-4.609237
15201900,-4.625377
15202800,-2.403317
15203700,-2.407643
15204600,-2.407346
15205500,-2.415776
15206400,-2.473543
15207300,-2.477995
15208200,-2.477689
15209100,-2.486365
15210000,-2.287041
15210900,-2.291158
15211800,-2.290875
15212700,-2.298897
15213600,-2.394596
15214500,-2.398906
15215400,-2.39861
15216300,-2.407009
15217200,-2.3949
15218100,-2.399211
15219000,-2.398915
15219900,-2.407315
15220800,-2.402194
15221700,-2.406518
15222600,-2.406221
15223500,-2.414647
15224400,-4.639092
15225300,-4.647442
15226200,-4.646868
15227100,-4.663141
15228000,-18.537074
15228900,-18.570441
15229800,-18.568149
15230700,-18.633171
15231600,-41.333751
15232500,-41.408152
15233400,-41.40304
15234300,-41.548026
15235200,-45.578513
15236100,-45.660555
15237000,-45.654918
15237900,-45.814793
15238800,-44.55156
15239700,-44.631753
15240600,-44.626243
15241500,-44.782516
15242400,-31.261035
15243300,-31.317305
15244200,-31.313438
15245100,-31.423092
15246000,-23.439186
15246900,-23.481376
15247800,-23.478477
15248700,-23.560695
15249600,-18.939203
15250500,-18.973293
15251400,-18.970951
15252300,-19.037384
15253200,-19.633232
15254100,-19.668572
15255000,-19.666144
15255900,-19.735011
15256800,-18.899523
15257700,-18.933542
15258600,-18.931204
15259500,-18.997498
15260400,-22.697483
15261300,-22.738338
15262200,-22.735531
15263100,-22.815147
15264000,-31.586793
15264900,-31.643649
15265800,-31.639742
15266700,-31.750539
15267600,-40.43954
15268500,-40.512332
15269400,-40.50733
15270300,-40.64918
15271200,-43.921346
15272100,-44.000404
15273000,-43.994972
15273900,-44.149035
15274800,-39.236754
15275700,-39.30738
15276600,-34.533915
15277500,-29.268001
15278400,-7.850471
15279300,-7.893852
15280200,-4.586408
15281100,-4.670946
15282000,8.609396
15282900,8.583416
15283800,5.097203
15284700,5.046575
15285600,14.938193
15286500,14.929884
15287400,14.930455
15288300,14.914261
15289200,13.839133
15290100,13.834792
15291000,13.835091
15291900,13.826633
15292800,10.713058
15293700,7.756444
15294600,4.973123
15295500,4.964664
15296400,2.539054
15297300,2.53504
15298200,2.535316
15299100,0.066303
15300000,-0.0269900000000001
15300900,-0.0311920000000003
15301800,-0.030904
15302700,-0.0390920000000001
15303600,2.433905
15304500,5.049628
15305400,7.833537
15306300,10.77762
15307200,13.908501
15308100,17.208748
15309000,20.697036
15309900,24.365316
15310800,26.066731
15311700,26.05859
15312600,30.127516
15313500,30.111652
15314400,16.586428
15315300,16.5539
15316200,16.556135
15317100,16.492747
15318000,-5.637274
15318900,-5.709805
15319800,-9.773187
15320700,-9.914529
15321600,-13.843714
15322500,-17.793644
15323400,-17.788148
15324300,-17.944005
15325200,-20.389016
15326100,-20.467194
15327000,-23.94982
15327900,-24.102165
15328800,-14.224998
15329700,-14.279854
15330600,-17.401972
15331500,-17.50887
15332400,-12.677905
15333300,-12.719035
15334200,-12.716209
15335100,-12.79636
15336000,-8.291025
15336900,-8.324259
15337800,-8.321976
15338700,-8.386739
15339600,-8.967611
15340500,-6.04979
15341400,-6.047422
15342300,-6.114559
15343200,-2.174182
15344100,-2.207346
15345000,-2.205067
15345900,-2.269695
15346800,-5.876683
15347700,-5.916512
15348600,-5.913775
15349500,-5.99139
15350400,-14.542568
15351300,-17.723884
15352200,-20.672348
15353100,-20.78036
15354000,-32.034591
15354900,-37.186671
15355800,-39.489214
15356700,-39.627498
15357600,-42.817421
15358500,-42.894493
15359400,-42.889197
15360300,-43.039387
15361200,-38.250572
15362100,-38.319424
15363000,-38.314693
15363900,-38.448864
15364800,-23.495036
15365700,-23.537328
15366600,-23.534422
15367500,-23.616835
15368400,-14.070613
15369300,-14.09594
15370200,-14.094199
15371100,-14.143555
15372000,-4.500554
15372900,-4.508655
15373800,-4.508098
15374700,-4.523885
15375600,-2.350582
15376500,-2.354813
15377400,-2.354523
15378300,-2.362768
15379200,-2.503819
15380100,-2.508326
15381000,-2.508017
15381900,-2.516799
15382800,-2.315035
15383700,-2.319202
15384600,-2.318916
15385500,-2.327036
15386400,-2.423906
15387300,-2.428269
15388200,-2.427969
15389100,-2.436472
15390000,-2.424215
15390900,-2.428578
15391800,-2.428278
15392700,-2.436782
15393600,-2.431598
15394500,-2.435975
15395400,-2.435674
15396300,-2.444203
15397200,-4.695876
15398100,-4.704328
15399000,-4.703747
15399900,-4.720219
15400800,-18.763974
15401700,-18.797749
15402600,-18.795428
15403500,-18.861246
15404400,-41.839688
15405300,-41.915
15406200,-41.909825
15407100,-42.056585
15408000,-46.136407
15408900,-46.219453
15409800,-46.213747
15410700,-46.375579
15411600,-45.096884
15412500,-45.178058
15413400,-45.172481
15414300,-45.330667
15415200,-31.643679
15416100,-31.700638
15417000,-31.696724
15417900,-31.80772
15418800,-23.726088
15419700,-23.768795
15420600,-23.765861
15421500,-23.849084
15422400,-19.171024
15423300,-19.205532
15424200,-19.203161
15425100,-19.270407
15426000,-19.873549
15426900,-19.909321
15427800,-19.906863
15428700,-19.976573
15429600,-19.130858
15430500,-19.165294
15431400,-19.162928
15432300,-19.230033
15433200,-22.975306
15434100,-23.016662
15435000,-23.01382
15435900,-23.094411
15436800,-31.973424
15437700,-32.030977
15438600,-32.027022
15439500,-32.139175
15440400,-40.934532
15441300,-41.008215
15442200,-41.003152
15443100,-41.146737
15444000,-44.458956
15444900,-44.538982
15445800,-44.533483
15446700,-44.689431
15447600,-39.717023
15448500,-39.788514
15449400,-39.783602
15450300,-39.922917
15451200,-24.395789
15452100,-24.439702
15453000,-24.436684
15453900,-24.522257
15454800,-14.610052
15455700,-14.63635
15456600,-14.634543
15457500,-14.685791
15458400,-4.673096
15459300,-4.681507
15460200,-4.680929
15461100,-4.697321
15462000,-2.440699
15462900,-2.445092
15463800,-2.44479
15464700,-2.453352
15465600,-2.251819
15466500,-2.255872
15467400,-2.255594
15468300,-2.263492
15469200,-2.082035
15470100,-2.085783
15471000,-2.085525
15471900,-2.092828
15472800,-2.179948
15473700,-2.183872
15474600,-2.183603
15475500,-2.191249
15476400,-2.180226
15477300,-2.18415
15478200,-2.183881
15479100,-2.191528
15480000,-2.186866
15480900,-2.190803
15481800,-2.190532
15482700,-2.198203
15483600,-4.223252
15484500,-4.230854
15485400,-4.230332
15486300,-4.245146
15487200,-16.875446
15488100,-16.905822
15489000,-16.903734
15489900,-16.962928
15490800,-37.62867
15491700,-37.696402
15492600,-37.691748
15493500,-37.823738
15494400,-41.49294
15495300,-41.567628
15496200,-41.562496
15497100,-41.70804
15498000,-40.558041
15498900,-40.631046
15499800,-40.626029
15500700,-40.768294
15501600,-28.458854
15502500,-28.51008
15503400,-28.50656
15504300,-28.606385
15505200,-21.338141
15506100,-21.376549
15507000,-21.37391
15507900,-21.448758
15508800,-17.241528
15509700,-17.272563
15510600,-17.27043
15511500,-17.330908
15512400,-17.873346
15513300,-17.905518
15514200,-17.903307
15515100,-17.966001
15516000,-17.205405
15516900,-17.236375
15517800,-17.234247
15518700,-17.294598
15519600,-20.662922
15520500,-20.700116
15521400,-20.69756
15522300,-20.770039
15523200,-28.755411
15524100,-28.807171
15525000,-28.803615
15525900,-28.90448
15526800,-36.814615
15527700,-36.880882
15528600,-36.876329
15529500,-37.005463
15530400,-39.984318
15531300,-40.05629
15532200,-40.051345
15533100,-40.191597
15534000,-35.719644
15534900,-35.78394
15535800,-35.779522
15536700,-35.904815
15537600,-21.940439
15538500,-21.979932
15539400,-21.977218
15540300,-22.054178
15541200,-13.139602
15542100,-13.163253
15543000,-13.161628
15543900,-13.207717
15544800,-4.202765
15545700,-4.21033
15546600,-4.20981
15547500,-4.224552
15548400,-2.195051
15549300,-2.199002
15550200,-2.198731
15551100,-2.20643
15552000,-1.987515
15552900,-1.991092
15553800,-1.990847
15554700,-1.997818
15555600,-1.837659
15556500,-1.840967
15557400,-1.84074
15558300,-1.847186
15559200,-1.92408
15560100,-1.927544
15561000,-1.927306
15561900,-1.934055
15562800,-1.924325
15563700,-1.927789
15564600,-1.927551
15565500,-1.934301
15566400,-1.930186
15567300,-1.93366
15568200,-1.933422
15569100,-1.940192
15570000,-3.727554
15570900,-3.734264
15571800,-3.733803
15572700,-3.746878
15573600,-14.894715
15574500,-14.921526
15575400,-14.919684
15576300,-14.97193
15577200,-33.212061
15578100,-33.271843
15579000,-33.267735
15579900,-33.384233
15580800,-36.622768
15581700,-36.688689
15582600,-34.37674
15583500,-32.044009
15584400,-31.028989
15585300,-28.4735
15586200,-28.469072
15587100,-28.594639
15588000,-14.946381
15588900,-12.039322
15589800,-8.910327
15590700,-5.693972
15591600,4.209171
15592500,11.721714
15593400,24.544235
15594300,34.083188
15595200,53.890666
15596100,59.697548
15597000,65.776764
15597900,72.048739
15598800,78.148307
15599700,59.138885
15600600,42.347353
15601500,32.245524
15602400,19.471643
15603300,4.3415
15604200,-7.822865
15605100,-15.26467
15606000,-18.237643
15606900,-18.27047
15607800,-18.268215
15608700,-18.332187
15609600,-25.380288
15610500,-25.425972
15611400,-25.422833
15612300,-25.511859
15613200,-32.493554
15614100,-32.552043
15615000,-32.548024
15615900,-32.662001
15616800,-35.291218
15617700,-35.354742
15618600,-35.350377
15619500,-35.474168
15620400,-31.527104
15621300,-31.583853
15622200,-31.579954
15623100,-31.690541
15624000,-19.365212
15624900,-19.40007
15625800,-19.397675
15626700,-19.465602
15627600,-11.59736
15628500,-11.618236
15629400,-11.616801
15630300,-11.657481
15631200,-3.709472
15632100,-3.716149
15633000,-3.71569
15633900,-3.728702
15634800,-1.93741
15635700,-1.940898
15636600,-1.940658
15637500,-1.947454
15638400,-1.865968
15639300,-1.869327
15640200,-1.869096
15641100,-1.875641
15642000,-1.725277
15642900,-1.728382
15643800,-1.728169
15644700,-1.734221
15645600,-1.806413
15646500,-1.809664
15647400,-1.809441
15648300,-1.815777
15649200,-1.806643
15650100,-1.809895
15651000,-1.809671
15651900,-1.816008
15652800,-1.812145
15653700,-1.815407
15654600,-1.815183
15655500,-1.821539
15656400,-3.499595
15657300,-3.505894
15658200,-3.505461
15659100,-3.517737
15660000,-13.983826
15660900,-14.008997
15661800,-11.699848
15662700,-9.287706
15663600,-23.792433
15664500,-26.468484
15665400,-28.925821
15666300,-29.035194
15667200,-34.383095
15668100,-34.444985
15669000,-34.440732
15669900,-34.561337
15670800,-33.608391
15671700,-33.668887
15672600,-33.66473
15673500,-33.782618
15674400,-21.27499
15675300,-18.856245
15676200,-18.853328
15677100,-16.316123
15678000,-7.509678
15678900,-4.589232
15679800,-1.461157
15680700,-1.52318
15681600,5.267601
15682500,8.729882
15683400,12.408143
15684300,12.358028
15685200,15.778488
15686100,15.751829
15687000,15.75366
15687900,15.701709
15688800,20.400343
15689700,20.37468
15690600,20.376443
15691500,20.326433
15692400,17.535273
15693300,13.436087
15694200,13.438205
15695100,9.508195
15696000,2.891122
15696900,-0.828263
15697800,-4.313313
15698700,-7.701358
15699600,-17.381974
15700500,-25.792704
15701400,-30.557543
15702300,-30.66455
15703200,-33.132976
15704100,-33.192616
15705000,-33.188518
15705900,-33.304738
15706800,-29.599057
15707700,-29.652336
15708600,-29.648675
15709500,-29.752499
15710400,-18.180929
15711300,-18.213654
15712200,-18.211406
15713100,-18.275179
15714000,-10.888121
15714900,-10.90772
15715800,-10.906373
15716700,-10.944565
15717600,-3.482618
15718500,-3.488887
15719400,-3.488456
15720300,-3.500672
15721200,-1.818928
15722100,-1.822202
15723000,-1.821977
15723900,-1.828357
15724800,-2.46679
15725700,-2.47123
15726600,-2.470925
15727500,-2.479578
15728400,-2.280798
15729300,-2.284903
15730200,-2.284621
15731100,-2.292622
15732000,-2.388059
15732900,-2.392357
15733800,-2.392062
15734700,-2.400439
15735600,-2.388363
15736500,-2.392662
15737400,-2.392366
15738300,-2.400744
15739200,-2.395637
15740100,-2.399949
15741000,-2.399653
15741900,-2.408056
15742800,-4.626428
15743700,-4.634755
15744600,-4.634183
15745500,-4.650411
15746400,-18.486472
15747300,-18.519748
15748200,-18.517461
15749100,-18.582306
15750000,-41.220918
15750900,-41.295116
15751800,-41.290017
15752700,-41.434608
15753600,-45.454093
15754500,-45.535911
15755400,-45.530289
15756300,-45.689727
15757200,-44.429943
15758100,-44.509917
15759000,-44.504422
15759900,-44.660268
15760800,-31.175698
15761700,-31.231815
15762600,-31.227959
15763500,-31.337313
15764400,-23.375201
15765300,-23.417277
15766200,-23.414386
15767100,-23.496378
15768000,-18.887502
15768900,-18.9215
15769800,-18.919164
15770700,-18.985415
15771600,-19.579637
15772500,-19.614881
15773400,-19.612459
15774300,-19.681138
15775200,-18.847931
15776100,-18.881857
15777000,-18.879526
15777900,-18.945639
15778800,-22.635523
15779700,-22.676267
15780600,-22.673467
15781500,-22.752866
15782400,-31.500567
15783300,-31.557268
15784200,-31.553372
15785100,-31.663866
15786000,-40.329148
15786900,-40.401741
15787800,-40.396753
15788700,-40.538215
15789600,-43.801449
15790500,-43.880292
15791400,-43.874874
15792300,-44.028516
15793200,-39.129645
15794100,-39.200079
15795000,-39.195239
15795900,-39.332494
15796800,-24.034998
15797700,-24.078261
15798600,-24.075289
15799500,-24.159596
15800400,-14.393983
15801300,-14.419892
15802200,-14.418112
15803100,-14.468601
15804000,-4.603985
15804900,-4.612272
15805800,-4.611703
15806700,-4.627852
15807600,-2.404603
15808500,-2.408932
15809400,-2.408634
15810300,-2.417069
15811200,-2.474866
15812100,-2.479321
15813000,-2.479015
15813900,-2.487696
15814800,-2.288265
15815700,-2.292384
15816600,-2.292101
15817500,-2.300127
15818400,-2.395877
15819300,-2.400189
15820200,-2.399893
15821100,-2.408297
15822000,-2.396182
15822900,-2.400495
15823800,-2.400198
15824700,-2.408603
15825600,-2.40348
15826500,-2.407806
15827400,-2.407509
15828300,-2.415939
15829200,-4.641574
15830100,-4.649929
15831000,-4.649355
15831900,-4.665636
15832800,-18.546992
15833700,-18.580377
15834600,-18.578083
15835500,-18.64314
15836400,-41.355866
15837300,-41.430307
15838200,-41.425192
15839100,-39.262836
15840000,-43.295481
15840900,-43.377566
15841800,-43.371926
15842700,-43.531887
15843600,-42.267978
15844500,-42.348214
15845400,-42.3427
15846300,-42.499057
15847200,-28.970342
15848100,-26.565449
15849000,-26.56158
15849900,-26.671293
15850800,-18.683114
15851700,-18.725328
15852600,-18.722427
15853500,-16.184763
15854400,-11.560799
15855300,-11.594908
15856200,-11.592564
15857100,-8.875413
15858000,-9.47158
15858900,-9.506938
15859800,-6.552236
15860700,-6.62114
15861600,-5.785205
15862500,-2.693354
15863400,-2.691015
15864300,-2.757345
15865200,-6.459309
15866100,-6.500186
15867000,-3.192914
15867900,-3.272573
15868800,-12.048912
15869700,-12.105799
15870600,-12.10189
15871500,-12.212746
15872400,-20.906396
15873300,-20.979227
15874200,-24.278685
15875100,-27.546498
15876000,-33.772688
15876900,-33.851789
15877800,-36.629974
15878700,-36.784119
15879600,-34.489135
15880500,-31.939874
15881400,-29.151399
15882300,-26.33683
15883200,-7.863365
15884100,-7.90677
15885000,-11.029676
15885900,-11.114259
15886800,-4.268948
15887700,-4.294943
15888600,-7.076776
15889500,-7.127431
15890400,0.149554
15891300,0.14124
15892200,0.141811
15893100,-2.335584
15894000,-0.105057
15894900,-0.109399
15895800,-0.109101
15896700,-0.117563
15897600,-2.412662
15898500,-2.417005
15899400,-2.416707
15900300,-2.42517
15901200,-2.230751
15902100,-2.234767
15903000,-2.234491
15903900,-2.242315
15904800,-2.335658
15905700,-2.339863
15906600,-2.339574
15907500,-2.347767
15908400,-2.335956
15909300,-2.34016
15910200,-2.339871
15911100,-2.348065
15912000,-2.34307
15912900,-2.347288
15913800,-2.346998
15914700,-2.355217
15915600,-4.524912
15916500,-4.533057
15917400,-4.532497
15918300,-4.548369
15919200,-18.08083
15920100,-18.113376
15921000,-18.111139
15921900,-18.174561
15922800,-40.316422
15923700,-40.388992
15924600,-40.384006
15925500,-40.525423
15926400,-44.45671
15927300,-44.536733
15928200,-44.531234
15929100,-44.687175
15930000,-43.455033
15930900,-43.533252
15931800,-43.527878
15932700,-43.680304
15933600,-30.491621
15934500,-30.546507
15935400,-30.542735
15936300,-30.64969
15937200,-22.862288
15938100,-22.90344
15939000,-22.900612
15939900,-22.980806
15940800,-18.473061
15941700,-18.506313
15942600,-18.504028
15943500,-18.568826
15944400,-19.150008
15945300,-19.184479
15946200,-19.18211
15947100,-19.249282
15948000,-18.434358
15948900,-18.46754
15949800,-18.465259
15950700,-18.529922
15951600,-22.13884
15952500,-22.17869
15953400,-22.175952
15954300,-22.253608
15955200,-30.809362
15956100,-30.864819
15957000,-30.861008
15957900,-30.969078
15958800,-39.444221
15959700,-39.515221
15960600,-39.510342
15961500,-39.6487
15962400,-42.84033
15963300,-42.917443
15964200,-42.912144
15965100,-43.062415
15966000,-38.271038
15966900,-38.339926
15967800,-38.335192
15968700,-38.469435
15969600,-23.507607
15970500,-23.549921
15971400,-23.547013
15972300,-23.629471
15973200,-14.078141
15974100,-14.103482
15975000,-14.10174
15975900,-14.151122
15976800,-4.502962
15977700,-4.511067
15978600,-4.51051
15979500,-4.526305
15980400,-2.35184
15981300,-2.356073
15982200,-2.355782
15983100,-2.364032
15984000,-2.505159
15984900,-2.509668
15985800,-2.509359
15986700,-2.518146
15987600,-2.316274
15988500,-2.320443
15989400,-2.320157
15990300,-2.328281
15991200,-2.425203
15992100,-2.429568
15993000,-2.429268
15993900,-2.437775
15994800,-2.425512
15995700,-2.429877
15996600,-2.429577
15997500,-2.438085
15998400,-2.432899
15999300,-2.437278
16000200,-2.436977
16001100,-2.445511
16002000,-4.698388
16002900,-4.706845
16003800,-4.706264
16004700,-4.722744
16005600,-18.774013
16006500,-18.807806
16007400,-18.805484
16008300,-18.871338
16009200,-41.862074
16010100,-41.937426
16011000,-41.932248
16011900,-42.079087
16012800,-46.161092
16013700,-46.244182
16014600,-46.238473
16015500,-46.400392
16016400,-45.121012
16017300,-45.20223
16018200,-45.19665
16019100,-45.35492
16020000,-31.660609
16020900,-31.717599
16021800,-31.713683
16022700,-31.824738
16023600,-23.738782
16024500,-23.781512
16025400,-23.778576
16026300,-23.861844
16027200,-19.181281
16028100,-19.215808
16029000,-19.213435
16029900,-19.280717
16030800,-19.884182
16031700,-19.919973
16032600,-19.917514
16033500,-19.987261
16034400,-16.833675
16035300,-16.868129
16036200,-16.865762
16037100,-16.932903
16038000,-20.68018
16038900,-23.028977
16039800,-23.026134
16040700,-23.106767
16041600,-31.990531
16042500,-32.048114
16043400,-32.044158
16044300,-32.15637
16045200,-40.956434
16046100,-41.030155
16047000,-41.02509
16047900,-41.168752
16048800,-44.482743
16049700,-44.562812
16050600,-44.55731
16051500,-44.713342
16052400,-39.738273
16053300,-39.809802
16054200,-39.804887
16055100,-39.944277
16056000,-24.408842
16056900,-24.452778
16057800,-24.449759
16058700,-24.535378
16059600,-14.617869
16060500,-14.644181
16061400,-14.642373
16062300,-14.693648
16063200,-4.675596
16064100,-4.684012
16065000,-4.683434
16065900,-4.699835
16066800,-2.442005
16067700,-2.446401
16068600,-2.446098
16069500,-2.454664
16070400,-2.253024
16071300,-2.257079
16072200,-2.2568
16073100,-2.264703
16074000,-2.083149
16074900,-2.086899
16075800,-2.086641
16076700,-2.093948
16077600,-2.181115
16078500,-2.185041
16079400,-2.184771
16080300,-2.192422
16081200,-2.181392
16082100,-2.185319
16083000,-2.185049
16083900,-2.192701
16084800,-2.188036
16085700,-2.191975
16086600,-2.191704
16087500,-2.199379
16088400,-4.225512
16089300,-4.233118
16090200,-4.232595
16091100,-4.247417
16092000,-16.884475
16092900,-16.914867
16093800,-16.912778
16094700,-16.972004
16095600,-37.648803
16096500,-37.716571
16097400,-37.711915
16098300,-37.843975
16099200,-39.207722
16100100,-36.821256
16101000,-31.412576
16101900,-28.605926
16102800,-24.329423
16103700,-21.098004
16104600,-17.604987
16105500,-14.070834
16106400,2.115143
16107300,6.132255
16108200,6.135777
16109100,10.307643
16110000,22.059857
16110900,22.021427
16111800,26.717447
16112700,26.642559
16113600,35.763677
16114500,35.732626
16115400,35.734759
16116300,35.674249
16117200,35.131521
16118100,35.099332
16119000,35.101544
16119900,35.038816
16120800,35.79982
16121700,35.768833
16122600,35.770962
16123500,35.710579
16124400,32.340452
16125300,27.391602
16126200,27.394159
16127100,27.321641
16128000,19.331996
16128900,14.58683
16129800,10.110307
16130700,5.737644
16131600,-2.176724
16132500,-10.181342
16133400,-17.341278
16134300,-23.900832
16135200,-32.617174
16136100,-37.770303
16137000,-40.072774
16137900,-40.213101
16138800,-35.738756
16139700,-35.803086
16140600,-35.798665
16141500,-35.924026
16142400,-21.952178
16143300,-21.991692
16144200,-21.988977
16145100,-22.065978
16146000,-13.146632
16146900,-13.170296
16147800,-13.16867
16148700,-13.214784
16149600,-4.205014
16150500,-4.212583
16151400,-4.212063
16152300,-4.226813
16153200,-2.196226
16154100,-2.200179
16155000,-2.199907
16155900,-2.207611
16156800,-1.988578
16157700,-1.992158
16158600,-1.991912
16159500,-1.998887
16160400,-1.838642
16161300,-1.841952
16162200,-1.841725
16163100,-1.848174
16164000,-1.92511
16164900,-1.928575
16165800,-1.928337
16166700,-1.93509
16167600,-1.925355
16168500,-1.92882
16169400,-1.928582
16170300,-1.935336
16171200,-1.931219
16172100,-1.934695
16173000,-1.934456
16173900,-1.94123
16174800,-3.729549
16175700,-3.736262
16176600,-3.7358
16177500,-3.748883
16178400,-14.902684
16179300,-14.929509
16180200,-14.927666
16181100,-14.97994
16182000,-33.229831
16182900,-33.289645
16183800,-33.285535
16184700,-33.402095
16185600,-36.642362
16186500,-36.708319
16187400,-36.703787
16188300,-36.832317
16189200,-35.816754
16190100,-35.881224
16191000,-35.876795
16191900,-33.69501
16192800,-20.363365
16193700,-17.788678
16194600,-17.78557
16195500,-15.090105
16196400,-5.719255
16197300,-5.753173
16198200,-2.624955
16199100,-2.691053
16200000,4.32881
16200900,4.301403
16201800,4.303286
16202700,7.737876
16203600,7.25885
16204500,7.230439
16205400,7.232391
16206300,7.177026
16207200,7.848708
16208100,7.821359
16209000,7.823238
16209900,4.281944
16210800,1.307381
16211700,1.274535
16212600,-2.027671
16213500,-2.091677
16214400,-12.269437
16215300,-12.315146
16216200,-15.264278
16217100,-18.136972
16218000,-27.742328
16218900,-32.56946
16219800,-32.565439
16220700,-32.679477
16221600,-35.3101
16222500,-35.373659
16223400,-35.369291
16224300,-35.493148
16225200,-31.543972
16226100,-31.600752
16227000,-31.59685
16227900,-31.707497
16228800,-19.375573
16229700,-19.41045
16230600,-19.408053
16231500,-19.476017
16232400,-11.603565
16233300,-11.624452
16234200,-11.623017
16235100,-11.663718
16236000,-3.711457
16236900,-3.718137
16237800,-3.717678
16238700,-3.730697
16239600,-1.938447
16240500,-1.941936
16241400,-1.941696
16242300,-1.948496
16243200,-1.866966
16244100,-1.870327
16245000,-1.870096
16245900,-1.876645
16246800,-1.7262
16247700,-1.729307
16248600,-1.729094
16249500,-1.735149
16250400,-1.807379
16251300,-1.810633
16252200,-1.810409
16253100,-1.816749
16254000,-1.807609
16254900,-1.810863
16255800,-1.810639
16256700,-1.81698
16257600,-1.813115
16258500,-1.816378
16259400,-1.816154
16260300,-1.822514
16261200,-3.501467
16262100,-3.50777
16263000,-3.507337
16263900,-3.519619
16264800,-13.991308
16265700,-14.016492
16266600,-14.014762
16267500,-14.063839
16268400,-31.197653
16269300,-31.253809
16270200,-31.249951
16271100,-31.359382
16272000,-34.401491
16272900,-34.463414
16273800,-34.459159
16274700,-34.579829
16275600,-33.626373
16276500,-33.686901
16277400,-33.682742
16278300,-33.800693
16279200,-21.287607
16280100,-18.868885
16281000,-18.865967
16281900,-16.328806
16282800,-7.519138
16283700,-4.59871
16284600,-1.470634
16285500,-1.532689
16286400,5.259957
16287300,8.722224
16288200,8.723992
16289100,12.350345
16290000,11.900614
16290900,15.74389
16291800,15.745723
16292700,19.76211
16293600,20.392715
16294500,20.367038
16295400,20.368802
16296300,20.318765
16297200,17.526112
16298100,13.426909
16299000,9.559078
16299900,5.822492
16300800,-0.798121000000002
16301700,-4.329033
16302600,-7.630547
16303500,-7.714173
16304400,-17.398296
16305300,-20.405511
16306200,-25.80528
16307100,-28.373538
16308000,-33.150704
16308900,-33.210375
16309800,-33.206275
16310700,-33.322557
16311600,-29.614894
16312500,-29.668201
16313400,-29.664538
16314300,-29.768418
16315200,-18.190656
16316100,-18.223399
16317000,-18.22115
16317900,-18.284957
16318800,-10.893947
16319700,-10.913556
16320600,-10.912209
16321500,-10.950421
16322400,-3.484482
16323300,-3.490754
16324200,-3.490323
16325100,-3.502545
16326000,-1.819901
16326900,-1.823177
16327800,-1.822952
16328700,-1.829335
16329600,-2.532385
16330500,-2.536944
16331400,-2.53663
16332300,-2.545513
16333200,-2.341447
16334100,-2.345662
16335000,-2.345372
16335900,-2.353585
16336800,-2.45156
16337700,-2.455973
16338600,-2.45567
16339500,-2.464269
16340400,-2.451872
16341300,-2.456286
16342200,-2.455982
16343100,-2.464583
16344000,-2.45934
16344900,-2.463767
16345800,-2.463463
16346700,-2.472089
16347600,-4.749451
16348500,-4.758
16349400,-4.757412
16350300,-2.466653
16351200,-14.209439
16352100,-11.623674
16353000,-11.621327
16353900,-11.687896
16354800,-32.144878
16355700,-32.221049
16356600,-29.263542
16357500,-29.411977
16358400,-30.412458
16359300,-30.496451
16360200,-30.490679
16361100,-27.349895
16362000,-26.056611
16362900,-26.138712
16363800,-26.13307
16364700,-29.597524
16365600,-15.754382
16366500,-18.937879
16367400,-18.93392
16368300,-21.998456
16369200,-13.824621
16370100,-16.651435
16371000,-16.648467
16371900,-19.352565
16372800,-14.621133
16373700,-14.656035
16374600,-14.653637
16375500,-14.72165
16376400,-15.331673
16377300,-15.367854
16378200,-15.365367
16379100,-12.815948
16380000,-11.960584
16380900,-11.995413
16381800,-11.99302
16382700,-9.277271
16383600,-13.065273
16384500,-13.107101
16385400,-10.151954
16386300,-10.233464
16387200,-19.213777
16388100,-19.271986
16389000,-19.267987
16389900,-22.333692
16390800,-31.229395
16391700,-39.168656
16392600,-41.470955
16393500,-41.616178
16394400,-44.966186
16395300,-45.047125
16396200,-45.041564
16397100,-45.199291
16398000,-40.170153
16398900,-40.242459
16399800,-40.237491
16400700,-40.378395
16401600,-24.67412
16402500,-24.718533
16403400,-24.715481
16404300,-24.802031
16405200,-14.776737
16406100,-14.803335
16407000,-14.801508
16407900,-14.85334
16408800,-4.726411
16409700,-4.734919
16410600,-4.734334
16411500,-4.750913
16412400,-2.468545
16413300,-2.472988
16414200,-2.472683
16415100,-2.481342
16416000,-2.540676
16416900,-2.545249
16417800,-2.544935
16418700,-2.553847
16419600,-2.349113
16420500,-2.353341
16421400,-2.353051
16422300,-2.36129
16423200,-2.459586
16424100,-2.464013
16425000,-2.463709
16425900,-2.472337
16426800,-2.459899
16427700,-2.464327
16428600,-2.464023
16429500,-2.472651
16430400,-2.467391
16431300,-2.471833
16432200,-2.471527
16433100,-2.480182
16434000,-4.764999
16434900,-4.773576
16435800,-4.772987
16436700,-4.789701
16437600,-19.040181
16438500,-19.074453
16439400,-19.072098
16440300,-19.138885
16441200,-42.455572
16442100,-42.531992
16443000,-42.526741
16443900,-42.675662
16444800,-46.815539
16445700,-46.899807
16446600,-46.894017
16447500,-47.058231
16448400,-45.760714
16449300,-45.843083
16450200,-45.837423
16451100,-45.997938
16452000,-32.109476
16452900,-32.167274
16453800,-32.163302
16454700,-32.275932
16455600,-24.075338
16456500,-24.118674
16457400,-24.115696
16458300,-24.200145
16459200,-19.453223
16460100,-19.488239
16461000,-19.485833
16461900,-19.554069
16462800,-20.166089
16463700,-20.202388
16464600,-20.199894
16465500,-20.27063
16466400,-19.412466
16467300,-19.447409
16468200,-19.445008
16469100,-19.513101
16470000,-23.313505
16470900,-23.355469
16471800,-23.352586
16472700,-23.434362
16473600,-32.444076
16474500,-32.502475
16475400,-32.498462
16476300,-32.612266
16477200,-41.537092
16478100,-41.611859
16479000,-41.606721
16479900,-41.752421
16480800,-45.113395
16481700,-45.1946
16482600,-45.18902
16483500,-45.347264
16484400,-40.301661
16485300,-40.374204
16486200,-40.36922
16487100,-40.510585
16488000,-24.754897
16488900,-24.799456
16489800,-24.796394
16490700,-24.883227
16491600,-14.825113
16492500,-14.851798
16493400,-14.849965
16494300,-14.901967
16495200,-4.741884
16496100,-4.75042
16497000,-4.749833
16497900,-4.766466
16498800,-2.476626
16499700,-2.481084
16500600,-2.480778
16501500,-2.489465
16502400,-2.476818
16503300,-2.481276
16504200,-2.48097
16505100,-2.489658
16506000,-2.29007
16506900,-2.294192
16507800,-2.293909
16508700,-2.301942
16509600,-2.397767
16510500,-2.402083
16511400,-2.401786
16512300,-2.410197
16513200,-2.398072
16514100,-2.402388
16515000,-2.402092
16515900,-2.410503
16516800,-2.405376
16517700,-2.409705
16518600,-2.409408
16519500,-2.417845
16520400,-4.645235
16521300,-4.653597
16522200,-4.653022
16523100,-4.669316
16524000,-18.561622
16524900,-18.595034
16525800,-18.592738
16526700,-18.657846
16527600,-41.388488
16528500,-41.462987
16529400,-41.457868
16530300,-41.603046
16531200,-45.638871
16532100,-45.721022
16533000,-45.715377
16533900,-45.875464
16534800,-44.610558
16535700,-44.690857
16536600,-44.68534
16537500,-44.84182
16538400,-31.302433
16539300,-31.358777
16540200,-31.354906
16541100,-31.464705
16542000,-23.470225
16542900,-23.512472
16543800,-23.509569
16544700,-23.591895
16545600,-18.964283
16546500,-18.998419
16547400,-18.996074
16548300,-19.062594
16549200,-19.659232
16550100,-19.694618
16551000,-19.692187
16551900,-19.761145
16552800,-16.617132
16553700,-16.651196
16554600,-16.648855
16555500,-16.715237
16556400,-20.420121
16557300,-22.76845
16558200,-22.765639
16559100,-22.84536
16560000,-31.628622
16560900,-31.685554
16561800,-31.681642
16562700,-31.792585
16563600,-40.493093
16564500,-40.565981
16565400,-40.560973
16566300,-40.70301
16567200,-43.979509
16568100,-44.058673
16569000,-44.053233
16569900,-44.2075
16570800,-39.288714
16571700,-39.359434
16572600,-39.354574
16573500,-39.492387
16574400,-24.132704
16575300,-24.176144
16576200,-24.173159
16577100,-24.257809
16578000,-14.452497
16578900,-14.478511
16579800,-14.476724
16580700,-14.527419
16581600,-4.622701
16582500,-4.631022
16583400,-4.63045
16584300,-4.646665
16585200,-2.414378
16586100,-2.418724
16587000,-2.418426
16587900,-2.426895
16588800,-2.571774
16589700,-2.576404
16590600,-2.576086
16591500,-2.585107
16592400,-2.377866
16593300,-2.382147
16594200,-2.381853
16595100,-2.390193
16596000,-2.489692
16596900,-2.494174
16597800,-2.493866
16598700,-2.502599
16599600,-2.490009
16600500,-2.494491
16601400,-2.494183
16602300,-2.502917
16603200,-2.497593
16604100,-2.502089
16605000,-2.50178
16605900,-2.51054
16606800,-4.823324
16607700,-4.832006
16608600,-4.83141
16609500,-4.848328
16610400,-19.273238
16611300,-19.30793
16612200,-19.305546
16613100,-19.373151
16614000,-42.97524
16614900,-43.052596
16615800,-43.04728
16616700,-43.198024
16617600,-47.388575
16618500,-47.473875
16619400,-47.468013
16620300,-47.634238
16621200,-46.320838
16622100,-44.096797
16623000,-39.00995
16623900,-33.436536
16624800,-12.947725
16625700,-9.518231
16626600,-5.837717
16627500,-2.081776
16628400,14.559306
16629300,14.51544
16630200,18.998535
16631100,23.606432
16632000,33.323094
16632900,33.287649
16633800,38.424941
16634700,38.35587
16635600,43.099392
16636500,43.062649
16637400,48.661349
16638300,48.589747
16639200,49.458415
16640100,49.423044
16641000,55.259749
16641900,55.190822
16642800,51.3439
16643700,45.467148
16644600,45.470067
16645500,45.387289
16646400,30.67112
16647300,25.248971
16648200,20.118177
16649100,15.091343
16650000,-3.116185
16650900,-11.531977
16651800,-22.561219
16652700,-29.139052
16653600,-40.896984
16654500,-45.747794
16655400,-45.742146
16656300,-45.902327
16657200,-40.794965
16658100,-40.868396
16659000,-40.86335
16659900,-41.006447
16660800,-25.057904
16661700,-25.103009
16662600,-25.099909
16663500,-25.187805
16664400,-15.006577
16665300,-15.033589
16666200,-15.031733
16667100,-15.084371
16668000,-4.799926
16668900,-4.808566
16669800,-4.807972
16670700,-4.824809
16671600,-2.506941
16672500,-2.511453
16673400,-2.511143
16674300,-2.519937
16675200,-2.312934
16676100,-2.317098
16677000,-2.316812
16677900,-2.324925
16678800,-2.138543
16679700,-2.142392
16680600,-2.142127
16681500,-2.149629
16682400,-2.239113
16683300,-2.243144
16684200,-2.242867
16685100,-2.250721
16686000,-2.239398
16686900,-2.243429
16687800,-2.243152
16688700,-2.251007
16689600,-2.246219
16690500,-2.250262
16691400,-2.249984
16692300,-2.257863
16693200,-4.337874
16694100,-4.345682
16695000,-4.345145
16695900,-4.360361
16696800,-17.333454
16697700,-17.364655
16698600,-17.362511
16699500,-17.423311
16700400,-38.649933
16701300,-38.719503
16702200,-38.714723
16703100,-38.850295
16704000,-42.619081
16704900,-42.695796
16705800,-42.690525
16706700,-42.840019
16707600,-41.658808
16708500,-39.426376
16709400,-36.96003
16710300,-34.486231
16711200,-21.842706
16712100,-19.111702
16713000,-16.155814
16713900,-16.258348
16714800,-5.666951
16715700,-5.706403
16716600,-5.703692
16717500,-2.476108
16718400,1.845309
16719300,1.813431
16720200,1.815622
16721100,1.753502
16722000,1.196343
16722900,1.163298
16723800,1.165568
16724700,1.101172
16725600,1.882412
16726500,1.850602
16727400,1.852788
16728300,1.790798
16729200,-1.668945
16730100,-1.707147
16731000,-5.008985
16731900,-5.083432
16732800,-13.285531
16733700,-13.338696
16734600,-13.335043
16735500,-16.564533
16736400,-24.689354
16737300,-30.493312
16738200,-33.10856
16739100,-35.702392
16740000,-41.069514
16740900,-41.14344
16741800,-41.13836
16742700,-41.282419
16743600,-36.689095
16744500,-36.755136
16745400,-36.750598
16746300,-36.879292
16747200,-22.535914
16748100,-22.576479
16749000,-22.573692
16749900,-22.652741
16750800,-13.496218
16751700,-13.520511
16752600,-13.518842
16753500,-13.566182
16754400,-4.316831
16755300,-4.324601
16756200,-4.324067
16757100,-4.339209
16758000,-2.254626
16758900,-2.258684
16759800,-2.258406
16760700,-2.266314
16761600,-2.041457
16762500,-2.045132
16763400,-2.044879
16764300,-2.05204
16765200,-1.887534
16766100,-1.890932
16767000,-1.890698
16767900,-1.897319
16768800,-1.976301
16769700,-1.979858
16770600,-1.979614
16771500,-1.986546
16772400,-1.976552
16773300,-1.98011
16774200,-1.979866
16775100,-1.986799
16776000,-1.982572
16776900,0.321278
16777800,2.782716
16778700,8.179307
16779600,9.295708
16780500,9.288816
16781400,9.28929
16782300,9.27586
16783200,-2.174536
16784100,-2.202074
16785000,-2.200182
16785900,-2.253846
16786800,-20.989025
16787700,-21.050429
16788600,-21.04621
16789500,-21.165869
16790400,-24.4923
16791300,-21.434122
16792200,-21.42947
16793100,-21.561417
16794000,-20.51885
16794900,-20.585034
16795800,-17.276024
16796700,-17.404998
16797600,-6.245488
16798500,-6.291929
16799400,-6.288738
16800300,-2.891239
16801200,3.698017
16802100,3.663196
16803000,3.665589
16803900,3.597733
16804800,11.088424
16805700,11.060288
16806600,11.062221
16807500,11.007393
16808400,14.385579
16809300,14.356413
16810200,14.358417
16811100,14.301579
16812000,14.991122
16812900,14.963046
16813800,14.964975
16814700,14.910261
16815600,11.856601
16816500,11.822882
16817400,11.825199
16818300,11.759491
16819200,4.5201
16820100,4.473176
16821000,0.606450000000002
16821900,0.515008000000002
16822800,-10.332668
16823700,-13.880742
16824600,-17.181077
16825500,-20.424036
16826400,-26.076884
16827300,-31.545678
16828200,-36.309806
16829100,-36.436957
16830000,-32.382767
16830900,-32.441056
16831800,-32.437051
16832700,-32.55064
16833600,-19.890795
16834500,-19.926598
16835400,-19.924138
16836300,-19.993909
16837200,-11.912119
16838100,-11.933561
16839000,-11.932088
16839900,-11.973872
16840800,-3.810149
16841700,-3.817007
16842600,-3.816536
16843500,-3.829901
16844400,-1.989993
16845300,-1.993575
16846200,-1.993329
16847100,-2.000309
16848000,-1.916611
16848900,-1.920061
16849800,-1.919824
16850700,-1.926547
16851600,-1.772102
16852500,-1.775292
16853400,-1.775072
16854300,-1.781288
16855200,-1.85544
16856100,-1.85878
16857000,-1.85855
16857900,-1.865058
16858800,-1.855676
16859700,-1.859016
16860600,-1.858787
16861500,-1.865296
16862400,-1.861328
16863300,-1.864678
16864200,-1.864448
16865100,-1.870977
16866000,-3.594576
16866900,-3.601046
16867800,-3.600601
16868700,-3.61321
16869600,-14.363354
16870500,-12.08179
16871400,-12.080013
16872300,-12.130395
16873200,-29.71982
16874100,-29.777469
16875000,-29.773508
16875900,-29.88585
16876800,-33.008852
16877700,-30.611228
16878600,-30.60686
16879500,-30.730739
16880400,-29.751929
16881300,-29.814067
16882200,-29.809797
16883100,-29.930884
16884000,-19.453836
16884900,-19.497437
16885800,-19.494441
16886700,-19.579406
16887600,-13.393117
16888500,-13.425809
16889400,-13.423562
16890300,-13.487268
16891200,-9.906329
16892100,-9.932744
16893000,-9.930929
16893900,-9.982405
16894800,-10.444094
16895700,-10.471477
16896600,-10.469596
16897500,-10.522957
16898400,-9.875584
16899300,-9.901943
16900200,-9.900132
16901100,-9.951499
16902000,-12.818413
16902900,-12.85007
16903800,-12.847894
16904700,-12.909584
16905600,-19.706248
16906500,-22.211496
16907400,-22.208469
16908300,-24.601738
16909200,-31.334365
16910100,-31.390767
16911000,-31.386891
16911900,-31.496803
16912800,-34.032223
16913700,-34.093482
16914600,-34.089272
16915500,-34.208647
16916400,-30.402392
16917300,-30.457117
16918200,-30.453356
16919100,-30.559998
16920000,-18.674369
16920900,-18.707983
16921800,-18.705673
16922700,-18.771177
16923600,-11.183631
16924500,-11.203761
16925400,-11.202378
16926300,-11.241607
16927200,-3.577139
16928100,-3.583577
16929000,-3.583135
16929900,-3.595682
16930800,-1.868294
16931700,-1.871657
16932600,-1.871426
16933500,-1.87798
16934400,-2.434096
16935300,-2.438477
16936200,-2.438176
16937100,-2.446714
16938000,-2.250568
16938900,-2.254619
16939800,-2.254341
16940700,-2.262235
16941600,-2.356408
16942500,-2.360649
16943400,-2.360358
16944300,-2.368623
16945200,-2.356707
16946100,-2.360949
16947000,-2.360658
16947900,-2.368925
16948800,-2.363885
16949700,-2.36814
16950600,-2.367848
16951500,-2.37614
16952400,-4.565109
16953300,-4.573327
16954200,-4.572762
16955100,-4.588775
16956000,-18.241453
16956900,-18.274288
16957800,-18.272032
16958700,-18.336017
16959600,-40.674578
16960500,-40.747793
16961400,-40.742762
16962300,-40.885436
16963200,-44.851647
16964100,-44.93238
16965000,-44.926833
16965900,-45.084158
16966800,-43.841071
16967700,-43.919985
16968600,-43.914563
16969500,-44.068343
16970400,-30.762497
16971300,-30.81787
16972200,-30.814065
16973100,-30.921971
16974000,-23.065388
16974900,-23.106905
16975800,-23.104053
16976700,-23.184959
16977600,-18.637169
16978500,-18.670716
16979400,-18.66841
16980300,-18.733784
16981200,-19.32013
16982100,-19.354906
16983000,-19.352517
16983900,-19.420286
16984800,-18.598121
16985700,-18.631598
16986600,-18.629298
16987500,-18.694534
16988400,-22.335513
16989300,-22.375717
16990200,-22.372954
16991100,-22.4513
16992000,-31.08306
16992900,-31.13901
16993800,-31.135165
16994700,-31.244195
16995600,-39.794628
16996500,-39.866259
16997400,-39.861337
16998300,-40.000924
16999200,-43.220907
17000100,-43.298705
17001000,-43.293359
17001900,-43.444965
17002800,-38.611023
17003700,-38.680523
17004600,-38.675748
17005500,-38.811183
17006400,-23.71644
17007300,-23.759129
17008200,-23.756196
17009100,-23.839386
17010000,-14.203206
17010900,-14.228772
17011800,-14.227015
17012700,-14.276835
17013600,-4.542964
17014500,-4.551142
17015400,-4.55058
17016300,-4.566515
17017200,-2.372733
17018100,-2.377004
17019000,-2.37671
17019900,-2.385033
17020800,-2.442064
17021700,-2.44646
17022600,-2.446158
17023500,-2.454724
17024400,-2.257936
17025300,-2.262001
17026200,-2.261721
17027100,-2.269641
17028000,-2.364122
17028900,-2.368377
17029800,-2.368085
17030700,-2.376378
17031600,-2.364423
17032500,-2.368679
17033400,-2.368386
17034300,-2.37668
17035200,-2.371624
17036100,-2.375893
17037000,-2.3756
17037900,-2.383919
17038800,-4.580055
17039700,-4.588299
17040600,-4.587732
17041500,-4.603798
17042400,-18.301172
17043300,-18.334114
17044200,-18.33185
17045100,-18.396045
17046000,-40.807738
17046900,-40.881192
17047800,-40.876145
17048700,-41.019286
17049600,-44.998481
17050500,-45.079479
17051400,-45.073913
17052300,-45.231754
17053200,-43.984597
17054100,-44.063769
17055000,-44.058329
17055900,-44.212614
17056800,-30.863207
17057700,-30.918761
17058600,-30.914944
17059500,-31.023202
17060400,-23.140899
17061300,-23.182552
17062200,-23.17969
17063100,-23.260861
17064000,-18.698183
17064900,-18.731839
17065800,-18.729527
17066700,-18.795114
17067600,-19.38338
17068500,-19.41827
17069400,-19.415872
17070300,-19.483863
17071200,-18.659008
17072100,-18.692594
17073000,-18.690286
17073900,-18.755736
17074800,-22.408634
17075700,-22.44897
17076600,-22.446199
17077500,-22.524801
17078400,-31.184819
17079300,-31.240952
17080200,-31.237095
17081100,-31.346482
17082000,-39.924907
17082900,-39.996772
17083800,-39.991834
17084700,-40.131878
17085600,-43.362403
17086500,-43.440456
17087400,-43.435092
17088300,-43.587194
17089200,-38.737427
17090100,-38.807155
17091000,-38.802364
17091900,-38.938242
17092800,-23.794082
17093700,-23.836912
17094600,-23.833969
17095500,-23.917431
17096400,-14.249704
17097300,-14.275353
17098200,-14.273591
17099100,-14.323575
17100000,-4.557837
17100900,-4.566041
17101800,-4.565477
17102700,-4.581465
17103600,-2.380501
17104500,-2.384786
17105400,-2.384491
17106300,-2.392841
17107200,-2.380685
17108100,-2.38497
17109000,-2.384676
17109900,-2.393027
17110800,-2.201185
17111700,-2.205147
17112600,-2.204875
17113500,-2.212596
17114400,-2.304702
17115300,-2.30885
17116200,-2.308565
17117100,-2.316649
17118000,-2.304995
17118900,-2.309144
17119800,-2.308859
17120700,-2.316944
17121600,-2.312015
17122500,-2.316177
17123400,-2.315891
17124300,-2.324001
17125200,-4.464939
17126100,-4.472976
17127000,-4.472424
17127900,-4.488085
17128800,-17.841188
17129700,-17.873302
17130600,-17.871095
17131500,-17.933677
17132400,-39.782071
17133300,-39.853679
17134200,-39.848758
17135100,-39.988302
17136000,-43.867484
17136900,-43.946446
17137800,-43.94102
17138700,-39.326281
17139600,-35.490545
17140500,-32.784108
17141400,-26.700644
17142300,-23.546587
17143200,-7.044708
17144100,-3.422372
17145000,0.451298999999999
17145900,4.414128
17146800,16.370061
17147700,16.329454
17148600,20.812325
17149500,25.426573
17150400,34.78621
17151300,39.888255
17152200,39.89051
17153100,45.189605
17154000,50.2123
17154900,50.178286
17155800,44.584449
17156700,44.518167
17157600,45.32229
17158500,45.289548
17159400,39.928764
17160300,34.730103
17161200,26.25738
17162100,21.524679
17163000,17.0473
17163900,12.698929
17164800,0.188207000000002
17165700,-7.412959
17166600,-10.897197
17167500,-17.434185
17168400,-31.532892
17169300,-38.991488
17170200,-38.986674
17171100,-39.123198
17172000,-42.272527
17172900,-42.348618
17173800,-42.343389
17174700,-42.491668
17175600,-37.763796
17176500,-37.831771
17177400,-37.8271
17178300,-37.959564
17179200,-23.196039
17180100,-23.237792
17181000,-23.234923
17181900,-23.316287
17182800,-13.89155
17183700,-13.916555
17184600,-13.914837
17185500,-13.963564
17186400,-4.44328
17187300,-4.451278
17188200,-4.450728
17189100,-4.466314
17190000,-2.320669
17190900,-2.324846
17191800,-2.324559
17192700,-2.332699
17193600,-2.471956
17194500,-2.476405
17195400,-2.4761
17196300,-2.48477
17197200,-2.285574
17198100,-2.289688
17199000,-2.289405
17199900,-2.297422
17200800,-2.393059
17201700,-2.397367
17202600,-2.397071
17203500,-2.405465
17204400,-2.393364
17205300,-2.397672
17206200,-2.397376
17207100,-2.405771
17208000,-2.400653
17208900,-2.404975
17209800,-2.404678
17210700,-2.413099
17211600,-4.636116
17212500,-4.644461
17213400,-4.643887
17214300,-4.660149
17215200,-18.525183
17216100,-18.558529
17217000,-18.556237
17217900,-18.621218
17218800,-41.307236
17219700,-41.381589
17220600,-41.37648
17221500,-39.213954
17222400,-40.780664
17223300,-38.242728
17224200,-35.453474
17225100,-29.535086
17226000,-24.9682
17226900,-21.560344
17227800,-21.554837
17228700,-18.034516
17229600,-0.651758999999998
17230500,-0.707992999999998
17231400,-0.704128000000001
17232300,3.254654
17233200,11.233439
17234100,11.191276
17235000,7.125807
17235900,7.043642
17236800,11.662169
17237700,11.6281
17238600,7.760491
17239500,7.694101
17240400,3.422141
17241300,3.386824
17242200,-0.098747000000003
17243100,-0.167570000000001
17244000,-2.637081
17244900,-5.796967
17245800,-5.794631
17246700,-8.813155
17247600,-15.294386
17248500,-17.95514
17249400,-20.413528
17250300,-22.800511
17251200,-31.56653
17252100,-31.62335
17253000,-31.619446
17253900,-31.730172
17254800,-40.413599
17255700,-40.486344
17256600,-40.481346
17257500,-40.623104
17258400,-43.893171
17259300,-43.972179
17260200,-43.96675
17261100,-44.120714
17262000,-39.211584
17262900,-39.282166
17263800,-39.277316
17264700,-39.414858
17265600,-24.085328
17266500,-24.128682
17267400,-24.125703
17268300,-24.210187
17269200,-14.424124
17270100,-14.450088
17271000,-14.448304
17271900,-14.498899
17272800,-4.613626
17273700,-4.621931
17274600,-4.62136
17275500,-4.637543
17276400,-2.409639
17277300,-2.413976
17278200,-2.413678
17279100,-2.42213
17280000,-2.223162
17280900,-2.227164
17281800,-2.226889
17282700,-2.234687
17283600,-2.055539
17284500,-2.059239
17285400,-2.058985
17286300,-2.066195
17287200,-2.152206
17288100,-2.15608
17289000,-2.155814
17289900,-2.163364
17290800,-2.15248
17291700,-2.156355
17292600,-2.156089
17293500,-2.163639
17294400,-2.159036
17295300,-2.162922
17296200,0.144764
17297100,0.13719
17298000,0.599105
17298900,3.211525
17299800,3.212041
17300700,5.981035
17301600,-6.488532
17302500,2.864103
17303400,10.030656
17304300,22.182275
17305200,10.952985
17306100,15.797752
17307000,15.802347
17307900,20.806893
17308800,17.184385
17309700,17.110648
17310600,22.478748
17311500,22.335056
17312400,29.066595
17313300,28.99452
17314200,28.999472
17315100,28.859018
17316000,46.846082
17316900,46.795508
17317800,52.876317
17318700,52.777763
17319600,59.953511
17320500,66.240946
17321400,72.821889
17322300,79.584272
17323200,90.837141
17324100,90.806501
17325000,98.175648
17325900,105.755805
17326800,105.22027
17327700,105.188508
17328600,113.108338
17329500,113.046442
17330400,113.797359
17331300,113.766783
17332200,105.851236
17333100,105.791653
17334000,94.826329
17334900,87.422567
17335800,73.489632
17336700,60.514383
17337600,46.553299
17338500,29.708715
17339400,14.972354
17340300,2.052581
17341200,-16.791332
17342100,-26.239379
17343000,-31.638429
17343900,-36.534531
17344800,-39.475478
17345700,-39.546534
17346600,-39.541651
17347500,-39.680119
17348400,-35.265076
17349300,-35.328554
17350200,-35.324192
17351100,-35.447891
17352000,-21.661225
17352900,-21.700215
17353800,-21.697536
17354700,-21.773517
17355600,-12.972387
17356500,-12.995737
17357400,-12.994133
17358300,-13.039636
17359200,-4.149281
17360100,-4.15675
17361000,-4.156236
17361900,-4.170791
17362800,-2.167117
17363700,-2.171018
17364600,-2.17075
17365500,-2.178351
17366400,-1.962222
17367300,-1.965754
17368200,-1.965511
17369100,-1.972394
17370000,-1.814273
17370900,-1.817539
17371800,-1.817314
17372700,-1.823678
17373600,-1.899594
17374500,-1.903014
17375400,-1.902779
17376300,-1.909442
17377200,-1.899836
17378100,-1.903256
17379000,-1.903021
17379900,-1.909685
17380800,-1.905622
17381700,-1.909053
17382600,-1.908817
17383500,-1.915501
17384400,-3.680117
17385300,-3.686742
17386200,-3.686286
17387100,-3.699195
17388000,-14.705165
17388900,-14.731635
17389800,-14.729816
17390700,-12.473978
17391600,-25.400867
17392500,-22.676269
17393400,-16.594052
17394300,-13.404604
17395200,-13.113928
17396100,-9.502516
17397000,-5.628094
17397900,-1.686554
17398800,-0.684452
17399700,3.523676
17400600,3.528047
17401500,3.404079
17402400,14.130453
17403300,14.085815
17404200,14.088882
17405100,9.730152
17406000,16.063657
17406900,16.030188
17407800,16.032488
17408700,11.8989
17409600,15.565056
17410500,15.538012
17411400,11.669921
17412300,11.61722
17413200,11.144544
17414100,7.440015
17415000,3.953943
17415900,3.899312
17416800,1.257628
17417700,-1.895247
17418600,-1.893392
17419500,-4.898255
17420400,-10.617013
17421300,-13.269349
17422200,-13.267122
17423100,-15.791472
17424000,-25.057298
17424900,-25.102402
17425800,-25.099302
17426700,-25.187196
17427600,-32.080042
17428500,-32.137786
17429400,-32.133818
17430300,-32.246345
17431200,-34.842102
17432100,-34.904818
17433000,-34.900509
17433900,-35.022724
17434800,-31.12589
17435700,-31.181917
17436600,-31.178067
17437500,-31.287247
17438400,-19.118771
17439300,-19.153185
17440200,-19.15082
17441100,-19.217883
17442000,-11.449772
17442900,-11.470382
17443800,-11.468966
17444700,-11.509128
17445600,-3.662265
17446500,-3.668857
17447400,-3.668404
17448300,-3.68125
17449200,-1.912755
17450100,-1.916198
17451000,-1.915961
17451900,-1.922671
17452800,-1.842222
17453700,-1.845538
17454600,-1.84531
17455500,-1.851772
17456400,-1.703321
17457300,-1.706387
17458200,-1.706176
17459100,-1.712151
17460000,-1.783424
17460900,-1.786634
17461800,-1.786414
17462700,-1.79267
17463600,-1.783651
17464500,-1.786862
17465400,-1.786641
17466300,-1.792898
17467200,-1.789084
17468100,-1.792304
17469000,-1.792083
17469900,-1.798358
17470800,-3.455059
17471700,-3.461278
17472600,-3.460851
17473500,-3.47297
17474400,-13.805868
17475300,-13.830718
17476200,-13.829011
17477100,-13.877437
17478000,-30.784162
17478900,-30.839573
17479800,-30.835766
17480700,-30.943747
17481600,-33.945536
17482500,-34.006638
17483400,-34.002439
17484300,-34.12151
17485200,-33.180691
17486100,-33.240416
17487000,-33.236313
17487900,-33.3527
17488800,-23.282299
17489700,-23.324207
17490600,-23.321328
17491500,-23.402995
17492400,-17.456816
17493300,-17.488238
17494200,-17.486079
17495100,-17.547312
17496000,-14.105361
17496900,-14.130751
17497800,-14.129006
17498700,-14.178483
17499600,-14.622254
17500500,-14.648574
17501400,-14.646765
17502300,-14.698056
17503200,-14.075809
17504100,-14.101145
17505000,-14.099404
17505900,-14.148778
17506800,-16.904417
17507700,-16.934845
17508600,-16.932754
17509500,-16.99205
17510400,-23.524914
17511300,-23.567259
17512200,-23.564349
17513100,-23.646867
17514000,-30.11818
17514900,-30.172393
17515800,-30.168668
17516700,-30.274313
17517600,-32.711326
17518500,-32.770207
17519400,-32.766161
17520300,-32.880902
17521200,-29.22238
17522100,-29.27498
17523000,-29.271366
17523900,-29.373869
17524800,-17.949558
17525700,-17.981868
17526600,-17.979648
17527500,-18.042609
17528400,-10.749559
17529300,-10.768908
17530200,-10.767579
17531100,-10.805285
17532000,-3.438299
17532900,-3.444488
17533800,-3.444062
17534700,-3.456123
17535600,-1.79578
17536500,-1.799012
17537400,-1.79879
17538300,-1.805089
17539200,-2.47378
17540100,-2.478233
17541000,-2.477927
17541900,-2.486604
17542800,-2.287261
17543700,-2.291378
17544600,-2.291095
17545500,-2.299118
17546400,-2.394825
17547300,-2.399136
17548200,-2.39884
17549100,-2.40724
17550000,-2.39513
17550900,-2.399441
17551800,-2.399145
17552700,-2.407546
17553600,-2.402425
17554500,-2.406749
17555400,-2.406452
17556300,-2.414879
17557200,-4.639537
17558100,-4.647888
17559000,-4.647314
17559900,-4.663588
17560800,-18.538853
17561700,-18.572223
17562600,-18.56993
17563500,-18.634959
17564400,-41.337717
17565300,-41.412125
17566200,-41.407013
17567100,-41.552012
17568000,-45.582887
17568900,-45.664936
17569800,-45.659299
17570700,-45.819189
17571600,-44.555835
17572500,-44.636036
17573400,-44.630525
17574300,-44.786813
17575200,-31.264035
17576100,-31.32031
17577000,-31.316443
17577900,-31.426108
17578800,-23.441435
17579700,-23.48363
17580600,-23.48073
17581500,-23.562955
17582400,-18.94102
17583300,-18.975114
17584200,-18.972771
17585100,-19.039211
17586000,-19.635116
17586900,-19.670459
17587800,-19.668031
17588700,-19.736905
17589600,-18.901336
17590500,-18.935359
17591400,-18.933021
17592300,-18.999321
17593200,-22.699661
17594100,-22.74052
17595000,-22.737713
17595900,-22.817336
17596800,-31.589824
17597700,-31.646686
17598600,-31.642778
17599500,-31.753586
17600400,-40.443421
17601300,-40.516219
17602200,-40.511217
17603100,-40.65308
17604000,-43.92556
17604900,-44.004627
17605800,-43.999194
17606700,-44.153271
17607600,-39.240519
17608500,-39.311152
17609400,-39.306299
17610300,-39.443942
17611200,-24.103101
17612100,-24.146487
17613000,-24.143506
17613900,-24.228052
17614800,-14.434768
17615700,-14.460751
17616600,-14.458965
17617500,-14.509598
17618400,-4.617031
17619300,-4.625341
17620200,-4.62477
17621100,-4.640965
17622000,-2.411417
17622900,-2.415757
17623800,-2.415459
17624700,-2.423918
17625600,-2.481879
17626500,-2.486346
17627400,-2.486039
17628300,-2.494745
17629200,-2.294749
17630100,-2.298879
17631000,-2.298595
17631900,-2.306645
17632800,-2.402665
17633700,-2.40699
17634600,-2.406693
17635500,-2.415121
17636400,-2.402971
17637300,-2.407297
17638200,-2.406999
17639100,-2.415428
17640000,-2.41029
17640900,-2.414629
17641800,-2.41433
17642700,-2.422785
17643600,-4.654726
17644500,-4.663104
17645400,-4.662528
17646300,-4.678856
17647200,-18.599545
17648100,-18.633025
17649000,-18.630724
17649900,-18.695966
17650800,-41.473048
17651700,-41.5477
17652600,-41.54257
17653500,-41.688045
17654400,-45.732115
17655300,-45.814433
17656200,-45.808777
17657100,-45.969191
17658000,-44.701701
17658900,-44.782164
17659800,-44.776635
17660700,-44.933435
17661600,-31.366386
17662500,-31.422846
17663400,-31.418966
17664300,-31.52899
17665200,-23.518177
17666100,-23.56051
17667000,-23.557601
17667900,-23.640095
17668800,-19.003029
17669700,-19.037234
17670600,-19.034884
17671500,-19.101541
17672400,-19.699397
17673300,-19.734856
17674200,-19.73242
17675100,-19.801519
17676000,-18.963215
17676900,-18.997349
17677800,-18.995004
17678700,-19.061521
17679600,-22.773974
17680500,-22.814968
17681400,-22.812151
17682300,-22.892035
17683200,-31.693242
17684100,-31.75029
17685000,-31.74637
17685900,-31.85754
17686800,-40.575824
17687700,-40.648861
17688600,-40.643842
17689500,-40.786169
17690400,-44.069363
17691300,-44.148688
17692200,-44.143238
17693100,-44.297819
17694000,-39.368984
17694900,-39.439848
17695800,-39.434979
17696700,-39.573073
17697600,-24.18201
17698500,-24.225537
17699400,-24.222546
17700300,-24.307369
17701200,-14.482024
17702100,-14.508092
17703000,-14.506301
17703900,-14.557099
17704800,-4.632146
17705700,-4.640484
17706600,-4.639911
17707500,-4.656159
17708400,-2.419311
17709300,-2.423666
17710200,-2.423367
17711100,-2.431853
17712000,-2.419499
17712900,-2.423854
17713800,-2.423555
17714700,-2.432041
17715600,-2.237072
17716500,-2.241099
17717400,-2.240822
17718300,-2.248669
17719200,-2.342277
17720100,-2.346493
17721000,-2.346203
17721900,-2.354419
17722800,-2.342575
17723700,-2.346791
17724600,-2.346502
17725500,-2.354719
17726400,-2.349709
17727300,-2.353939
17728200,-2.353648
17729100,-2.36189
17730000,-4.537733
17730900,-4.545901
17731800,-4.54534
17732700,-4.561257
17733600,-18.132062
17734500,-18.1647
17735400,-18.162457
17736300,-18.226059
17737200,-40.430659
17738100,-40.503434
17739000,-40.498434
17739900,-40.640252
17740800,-44.582679
17741700,-44.662928
17742600,-44.657413
17743500,-44.813796
17744400,-43.578163
17745300,-43.656604
17746200,-43.651214
17747100,-43.804072
17748000,-30.578019
17748900,-30.63306
17749800,-30.629278
17750700,-30.736536
17751600,-22.927068
17752500,-22.968337
17753400,-22.965501
17754300,-23.045922
17755200,-18.525404
17756100,-18.55875
17757000,-18.556459
17757900,-18.62144
17758800,-19.20427
17759700,-19.238838
17760600,-19.236463
17761500,-19.303825
17762400,-18.486591
17763300,-18.519867
17764200,-18.517581
17765100,-18.582426
17766000,-19.894151
17766900,-19.934114
17767800,-19.931368
17768700,-20.009245
17769600,-28.589241
17770500,-30.952274
17771400,-30.948453
17772300,-31.056829
17773200,-39.555986
17774100,-39.627187
17775000,-39.622295
17775900,-39.761045
17776800,-42.961718
17777700,-43.039049
17778600,-43.033736
17779500,-43.184432
17780400,-38.379479
17781300,-38.448562
17782200,-38.443815
17783100,-38.578439
17784000,-23.574216
17784900,-23.61665
17785800,-23.613734
17786700,-23.696425
17787600,-14.118031
17788500,-14.143444
17789400,-14.141698
17790300,-14.191219
17791200,-4.515721
17792100,-4.523849
17793000,-4.523291
17793900,-4.53913
17794800,-2.358504
17795700,-2.362749
17796600,-2.362458
17797500,-2.37073
17798400,-2.512257
17799300,-2.51678
17800200,-2.516469
17801100,-2.525281
17802000,-2.322837
17802900,-2.327018
17803800,-2.326731
17804700,-2.334879
17805600,-2.432075
17806500,-2.436453
17807400,-2.436152
17808300,-2.444683
17809200,-2.432384
17810100,-2.436763
17811000,-2.436462
17811900,-2.444994
17812800,-2.439793
17813700,-2.444184
17814600,-2.443882
17815500,-2.452441
17816400,-4.711701
17817300,-4.720182
17818200,-4.719599
17819100,-4.736126
17820000,-18.827209
17820900,-18.861098
17821800,-18.85877
17822700,-18.92481
17823600,-41.98069
17824500,-42.056255
17825400,-42.051063
17826300,-42.198318
17827200,-46.29189
17828100,-46.375215
17829000,-46.36949
17829900,-46.531867
17830800,-45.248863
17831700,-45.330311
17832600,-45.324714
17833500,-45.483433
17834400,-31.75032
17835300,-31.807471
17836200,-31.803544
17837100,-31.914914
17838000,-23.806046
17838900,-23.848897
17839800,-23.845953
17840700,-21.622038
17841600,-11.847094
17842500,-9.098099
17843400,-6.143447
17844300,0.219431999999998
17845200,3.102256
17846100,6.742856
17847000,10.615273
17847900,14.613694
17848800,19.734003
17849700,19.699451
17850600,19.701825
17851500,24.114575
17852400,20.35668
17853300,11.56336
17854200,7.497845
17855100,-0.129460999999999
17856000,-15.830858
17856900,-24.750386
17857800,-29.827536
17858700,-32.247486
17859600,-41.072484
17860500,-41.146414
17861400,-41.141334
17862300,-41.285404
17863200,-44.608785
17864100,-44.689081
17865000,-44.683563
17865900,-44.840037
17866800,-39.850872
17867700,-39.922603
17868600,-39.917675
17869500,-40.057459
17870400,-24.478004
17871300,-24.522065
17872200,-24.519037
17873100,-24.604899
17874000,-14.659289
17874900,-12.378256
17875800,-9.91525
17876700,-9.96667
17877600,2.699693
17878500,0.0713280000000003
17879400,-2.389285
17880300,-4.713151
17881200,-2.448924
17882100,-2.453332
17883000,-2.45303
17883900,-2.46162
17884800,-2.259408
17885700,-2.263474
17886600,-2.263195
17887500,-2.27112
17888400,-2.089052
17889300,-2.092812
17890200,-2.092553
17891100,-2.099881
17892000,-2.187295
17892900,-2.191232
17893800,-2.190962
17894700,-2.198634
17895600,-2.187573
17896500,-2.191511
17897400,-2.19124
17898300,-2.198914
17899200,-2.194236
17900100,-2.198186
17901000,-2.197914
17901900,-2.205611
17902800,-4.237485
17903700,-4.245112
17904600,-4.244588
17905500,-4.259452
17906400,-16.932317
17907300,-16.962795
17908200,-16.960701
17909100,-17.020094
17910000,-37.755481
17910900,-37.823441
17911800,-37.818771
17912700,-37.951206
17913600,-41.632774
17914500,-41.707713
17915400,-41.702564
17916300,-41.848598
17917200,-40.694724
17918100,-40.767975
17919000,-40.762941
17919900,-40.905686
17920800,-28.554762
17921700,-28.60616
17922600,-28.602629
17923500,-28.70279
17924400,-21.410051
17925300,-21.44859
17926200,-21.445941
17927100,-21.521041
17928000,-17.299633
17928900,-17.330772
17929800,-17.328633
17930700,-17.389314
17931600,-17.93358
17932500,-17.96586
17933400,-17.963642
17934300,-18.026548
17935200,-17.263388
17936100,-17.294462
17937000,-17.292327
17937900,-17.352882
17938800,-20.732558
17939700,-20.769876
17940600,-20.767312
17941500,-20.840035
17942400,-28.852319
17943300,-28.904253
17944200,-28.900684
17945100,-29.001889
17946000,-36.938683
17946900,-37.005172
17947800,-37.000604
17948700,-37.130173
17949600,-40.119067
17950500,-40.191282
17951400,-40.18632
17952300,-40.327045
17953200,-35.840022
17954100,-35.904534
17955000,-35.900101
17955900,-36.025817
17956800,-22.014379
17957700,-22.054005
17958600,-22.051282
17959500,-22.128502
17960400,-13.183883
17961300,-13.207614
17962200,-13.205983
17963100,-13.252228
17964000,-4.216929
17964900,-4.224519
17965800,-4.223998
17966700,-4.238789
17967600,-2.202449
17968500,-2.206413
17969400,-2.206141
17970300,-2.213866
17971200,-1.994213
17972100,-1.997803
17973000,-1.997556
17973900,-2.004551
17974800,-1.843852
17975700,-1.847171
17976600,-1.846943
17977500,-1.853411
17978400,-1.930565
17979300,0.373379
17980200,0.373618
17981100,2.828039
17982000,2.837802
17982900,2.834326
17983800,5.45449
17984700,5.447718
17985600,8.235466
17986500,8.23198
17987400,11.184493
17988300,14.303587
17989200,12.510202
17990100,15.807933
17991000,19.296393
17991900,22.959768
17992800,15.644312
17993700,19.685777
17994600,23.959369
17995500,28.387028
17996400,10.085427
17997300,14.718822
17998200,19.634581
17999100,19.517691
18000000,21.403097
18000900,26.699988
18001800,26.704533
18002700,32.171814
18003600,33.190254
18004500,33.125601
18005400,33.130044
18006300,33.004054
18007200,43.905306
18008100,43.85994
18009000,43.863057
18009900,43.774652
18010800,44.615242
18011700,44.581227
18012600,44.583564
18013500,44.517279
18014400,48.243206
18015300,53.811896
18016200,53.813785
18017100,53.760226
18018000,53.279842
18018900,53.251351
18019800,53.253309
18020700,53.197787
18021600,53.871372
18022500,48.24777
18023400,48.249654
18024300,42.833173
18025200,34.715326
18026100,34.682387
18027000,29.773013
18027900,25.015447
18028800,13.463512
18029700,9.14593
18030600,1.210764
18031500,-2.555057
18032400,-13.048278
18033300,-22.489588
18034200,-30.350294
18035100,-32.772074
18036000,-35.410151
18036900,-35.47389
18037800,-35.46951
18038700,-35.593718
18039600,-31.633352
18040500,-31.690292
18041400,-31.68638
18042300,-31.79734
18043200,-19.430474
18044100,-19.465449
18045000,-19.463046
18045900,-19.531202
18046800,-11.636444
18047700,-11.65739
18048600,-11.65595
18049500,-11.696767
18050400,-3.721973
18051300,-3.728673
18052200,-3.728212
18053100,-3.741268
18054000,-1.94394
18054900,-1.947439
18055800,-1.947198
18056700,-1.954017
18057600,-1.872256
18058500,-1.875627
18059400,-1.875395
18060300,-1.881962
18061200,-1.731091
18062100,-1.734207
18063000,-1.733993
18063900,-1.740065
18064800,-1.8125
18065700,-1.815763
18066600,-1.815539
18067500,-1.821896
18068400,-1.812731
18069300,-1.815994
18070200,-1.81577
18071100,-1.822128
18072000,-1.818252
18072900,-1.821525
18073800,-1.8213
18074700,-1.827678
18075600,-3.511389
18076500,-3.517709
18077400,-3.517275
18078300,-3.529592
18079200,-14.030952
18080100,-14.056208
18081000,-14.054472
18081900,-14.103689
18082800,-31.286052
18083700,-31.342367
18084600,-31.338497
18085500,-31.448239
18086400,-34.498968
18087300,-34.561066
18088200,-34.556799
18089100,-34.677811
18090000,-33.721653
18090900,-33.782353
18091800,-33.778182
18092700,-33.896467
18093600,-23.661883
18094500,-23.704474
18095400,-23.701548
18096300,-23.784546
18097200,-17.741423
18098100,-17.773358
18099000,-17.771164
18099900,-17.833395
18100800,-14.335328
18101700,-14.361132
18102600,-14.359359
18103500,-14.409643
18104400,-14.860648
18105300,-14.887397
18106200,-14.885559
18107100,-14.937686
18108000,-14.305294
18108900,-14.331043
18109800,-14.329274
18110700,-14.379453
18111600,-17.180019
18112500,-17.210943
18113400,-17.208818
18114300,-17.26908
18115200,-23.908453
18116100,-23.951488
18117000,-23.948531
18117900,-24.032395
18118800,-30.609213
18119700,-30.664309
18120600,-30.660523
18121500,-30.767891
18122400,-33.244636
18123300,-33.304477
18124200,-33.300365
18125100,-33.416977
18126000,-29.698808
18126900,-29.752266
18127800,-29.748593
18128700,-29.852767
18129600,-18.242199
18130500,-18.275035
18131400,-18.272779
18132300,-18.336767
18133200,-10.924815
18134100,-10.94448
18135000,-10.943128
18135900,-10.981449
18136800,-3.494355
18137700,-3.500645
18138600,-3.500213
18139500,-3.51247
18140400,-1.825058
18141300,-1.828343
18142200,-1.828117
18143100,-1.834519
18144000,-2.475103
18144900,-2.479559
18145800,-2.479253
18146700,-2.487934
18147600,-2.288484
18148500,-2.292604
18149400,-2.292321
18150300,-2.300348
18151200,-2.396107
18152100,-2.40042
18153000,-2.400123
18153900,-2.408528
18154800,-2.396412
18155700,-2.400725
18156600,-2.400429
18157500,-2.408835
18158400,-2.40371
18159300,-2.408037
18160200,-2.40774
18161100,-2.416171
18162000,-4.642019
18162900,-4.650375
18163800,-4.649801
18164700,-4.666083
18165600,-16.241353
18166500,-13.813548
18167400,-11.191329
18168300,-5.520499
18169200,-25.109516
18170100,-21.879501
18171000,-21.874386
18171900,-18.531465
18172800,-22.564497
18173700,-22.64659
18174600,-18.964455
18175500,-19.124431
18176400,-17.860401
18177300,-14.070695
18178200,-9.996815
18179100,-10.153187
18180000,7.648571
18180900,12.072346
18181800,16.769594
18182700,21.571508
18183600,34.695309
18184500,40.016126
18185400,45.615202
18186300,51.367206
18187200,62.068949
18188100,62.034836
18189000,62.03718
18189900,68.296061
18190800,67.699836
18191700,61.339119
18192600,55.264215
18193500,49.36103
18194400,44.600871
18195300,39.203796
18196200,29.159642
18197100,24.399928
18198000,16.217527
18198900,11.904902
18199800,11.907711
18200700,11.828045
18201600,-1.017503
18202500,-1.074395
18203400,-1.070486
18204300,-1.181352
18205200,-9.875837
18206100,-17.495118
18207000,-20.978111
18207900,-27.550401
18208800,-33.776905
18209700,-39.259559
18210600,-41.715316
18211500,-44.176895
18212400,-39.261514
18213300,-39.332185
18214200,-39.327329
18215100,-39.465046
18216000,-24.115997
18216900,-24.159406
18217800,-24.156424
18218700,-24.241015
18219600,-14.442491
18220500,-14.468488
18221400,-14.466702
18222300,-14.517361
18223200,-4.619501
18224100,-4.627816
18225000,-4.627245
18225900,-4.643448
18226800,-2.412707
18227700,-2.41705
18228600,-2.416751
18229500,-2.425215
18230400,-2.483206
18231300,-2.487676
18232200,-2.487369
18233100,-2.496079
18234000,-2.295976
18234900,-2.300109
18235800,-2.299825
18236700,-2.307879
18237600,-2.403951
18238500,-2.408278
18239400,-2.407981
18240300,-2.416413
18241200,-2.404257
18242100,-2.408585
18243000,-2.408287
18243900,-2.416721
18244800,-2.41158
18245700,-2.41592
18246600,-2.415622
18247500,-2.424081
18248400,0.111396
18249300,5.506558
18250200,11.585295
18251100,18.36142
18252000,11.979726
18252900,16.014595
18253800,20.288641
18254700,24.703445
18255600,6.607556
18256500,11.444501
18257400,16.584489
18258300,16.438937
18259200,17.755736
18260100,17.673374
18261000,17.679033
18261900,17.518534
18262800,18.786702
18263700,18.706196
18264600,13.348693
18265500,13.19181
18266400,26.766118
18267300,26.709628
18268200,21.578653
18269100,21.468571
18270000,29.48367
18270900,29.441314
18271800,24.532588
18272700,24.450049
18273600,29.089597
18274500,24.361994
18275400,24.364346
18276300,24.297653
18277200,19.219396
18278100,19.183918
18279000,14.914612
18279900,14.845475
18280800,11.615862
18281700,11.58171
18282600,11.584056
18283500,7.647554
18284400,3.933114
18285300,0.215605
18286200,0.218422999999998
18287100,-3.349502
18288000,-12.155418
18288900,-15.51696
18289800,-18.638925
18290700,-18.750155
18291600,-30.425376
18292500,-38.36319
18293400,-40.665588
18294300,-40.807992
18295200,-44.092942
18296100,-44.172309
18297000,-44.166856
18297900,-44.32152
18298800,-39.390048
18299700,-39.46095
18300600,-39.456078
18301500,-39.594246
18302400,-24.194948
18303300,-24.238499
18304200,-24.235506
18305100,-24.320375
18306000,-14.489773
18306900,-14.515854
18307800,-14.514062
18308700,-14.564888
18309600,-4.634624
18310500,-4.642966
18311400,-4.642393
18312300,-4.65865
18313200,-2.420606
18314100,-2.424963
18315000,-2.424663
18315900,-2.433154
18316800,-2.420793
18317700,-2.425151
18318600,-2.424851
18319500,-2.433343
18320400,-2.238269
18321300,-2.242298
18322200,-2.242021
18323100,-2.249872
18324000,-2.34353
18324900,-2.347748
18325800,-2.347458
18326700,-2.355679
18327600,-2.343828
18328500,-2.348047
18329400,-2.347757
18330300,-2.355978
18331200,-2.350967
18332100,-2.355198
18333000,-2.354908
18333900,-2.363154
18334800,-4.540161
18335700,-4.548333
18336600,-4.547772
18337500,-4.563697
18338400,-18.141763
18339300,-18.174419
18340200,-18.172175
18341100,-18.23581
18342000,-40.452291
18342900,-40.525105
18343800,-40.520102
18344700,-40.661996
18345600,-44.606532
18346500,-44.686824
18347400,-44.681307
18348300,-44.837773
18349200,-43.601479
18350100,-43.679962
18351000,-43.674569
18351900,-43.827509
18352800,-30.59438
18353700,-30.64945
18354600,-30.645666
18355500,-30.752981
18356400,-22.939335
18357300,-22.980626
18358200,-22.977789
18359100,-23.058253
18360000,-18.535316
18360900,-18.56868
18361800,-18.566387
18362700,-18.631403
18363600,-19.214545
18364500,-19.249131
18365400,-19.246755
18366300,-19.314153
18367200,-18.496482
18368100,-18.529776
18369000,-18.527488
18369900,-18.592368
18370800,-22.213449
18371700,-22.253433
18372600,-22.250686
18373500,-22.328604
18374400,-30.913191
18375300,-30.968835
18376200,-30.965011
18377100,-31.073445
18378000,-39.57715
18378900,-39.648389
18379800,-39.643494
18380700,-39.782318
18381600,-42.984704
18382500,-43.062077
18383400,-43.05676
18384300,-43.207537
18385200,-38.400013
18386100,-38.469134
18387000,-38.464384
18387900,-38.599079
18388800,-23.586829
18389700,-23.629285
18390600,-23.626368
18391500,-23.709103
18392400,-14.125585
18393300,-14.151011
18394200,-14.149264
18395100,-14.198812
18396000,-4.518137
18396900,-4.526269
18397800,-4.525711
18398700,-4.541559
18399600,-2.359766
18400500,-2.364013
18401400,-2.363722
18402300,-2.371999
18403200,-2.513602
18404100,-2.518126
18405000,-2.517815
18405900,-2.526632
18406800,-2.32408
18407700,-2.328263
18408600,-2.327976
18409500,-2.336128
18410400,-2.433376
18411300,-2.437756
18412200,-2.437455
18413100,-2.445991
18414000,-2.433686
18414900,-2.438066
18415800,-2.437765
18416700,-2.446302
18417600,-2.441098
18418500,-2.445492
18419400,-2.44519
18420300,-2.453753
18421200,-4.714222
18422100,-4.722707
18423000,-4.722124
18423900,-4.73866
18424800,-18.837282
18425700,-18.87119
18426600,-18.86886
18427500,-18.934935
18428400,-42.003151
18429300,-42.078757
18430200,-42.073562
18431100,-42.220896
18432000,-46.316658
18432900,-46.400028
18433800,-46.394299
18434700,-46.556764
18435600,-45.273073
18436500,-45.354564
18437400,-45.348965
18438300,-45.507769
18439200,-31.767307
18440100,-31.824489
18441000,-31.82056
18441900,-27.163377
18442800,-16.430246
18443700,-13.6895
18444600,-10.734281
18445500,-4.387479
18446400,3.796856
18447300,7.438707
18448200,11.311037
18449100,15.311895
18450000,18.978141
18450900,23.422309
18451800,28.118156
18452700,32.95981
18453600,38.943685
18454500,38.909115
18455400,44.274525
18456300,44.207157
18457200,46.043427
18458100,46.001909
18459000,46.004762
18459900,45.923857
18460800,42.844428
18461700,36.952377
18462600,31.360172
18463500,31.247581
18464400,17.054827
18465300,6.934364
18466200,-2.234014
18467100,-10.71827
18468000,-21.589873
18468900,-28.462673
18469800,-37.318934
18470700,-44.864028
18471600,-39.872193
18472500,-39.943964
18473400,-39.939032
18474300,-40.078891
18475200,-24.491101
18476100,-24.535185
18477000,-24.532156
18477900,-24.618063
18478800,-14.667132
18479700,-14.693533
18480600,-14.691719
18481500,-14.743166
18482400,-4.691353
18483300,-4.699798
18484200,-4.699217
18485100,-4.715673
18486000,-2.450235
18486900,-2.454645
18487800,-2.454342
18488700,-2.462937
18489600,-2.260616
18490500,-2.264686
18491400,-2.264406
18492300,-2.272335
18493200,-2.090169
18494100,-2.093932
18495000,-2.093673
18495900,-2.101005
18496800,-2.188465
18497700,-2.192405
18498600,-2.192134
18499500,-2.19981
18500400,-2.188744
18501300,-2.192684
18502200,-2.192413
18503100,-2.20009
18504000,-2.19541
18504900,-2.199362
18505800,-2.19909
18506700,0.100628
18507600,3.148785
18508500,5.924773
18509400,5.925298
18510300,8.862699
18511200,-0.691058000000002
18512100,-0.721553
18513000,-0.719456999999998
18513900,-0.778881999999999
18514800,-21.525364
18515700,-24.719248
18516600,-24.714576
18517500,-27.799354
18518400,-31.482892
18519300,-34.341491
18520200,-34.336339
18521100,-37.102377
18522000,-38.409078
18522900,-38.482368
18523800,-38.477332
18524700,-38.620153
18525600,-28.57004
18526500,-28.621466
18527400,-28.617932
18528300,-28.718147
18529200,-21.421506
18530100,-21.460065
18531000,-21.457416
18531900,-21.532556
18532800,-17.308889
18533700,-17.340045
18534600,-17.337904
18535500,-17.398618
18536400,-17.943175
18537300,-17.975473
18538200,-17.973254
18539100,-18.036193
18540000,-17.272624
18540900,-17.303715
18541800,-17.301579
18542700,-17.362166
18543600,-20.74365
18544500,-20.780989
18545400,-20.778423
18546300,-20.851186
18547200,-28.867756
18548100,-28.919718
18549000,-28.916147
18549900,-29.017407
18550800,-36.958446
18551700,-37.024972
18552600,-37.0204
18553500,-37.150039
18554400,-40.140533
18555300,-40.212786
18556200,-40.207821
18557100,-40.348622
18558000,-35.859197
18558900,-35.923744
18559800,-35.919309
18560700,-36.045092
18561600,-22.026158
18562500,-22.065805
18563400,-22.063081
18564300,-22.140342
18565200,-13.190937
18566100,-13.21468
18567000,-13.213049
18567900,-13.259319
18568800,-4.219185
18569700,-4.22678
18570600,-4.226258
18571500,-4.241057
18572400,-2.203627
18573300,-2.207594
18574200,-2.207321
18575100,-2.215051
18576000,-1.99528
18576900,-1.998871
18577800,-1.998625
18578700,-2.005623
18579600,-1.844839
18580500,-1.848159
18581400,-1.847931
18582300,-1.854402
18583200,-1.931597
18584100,-1.935074
18585000,-1.934835
18585900,-1.941611
18586800,-1.931843
18587700,-1.935321
18588600,-1.935082
18589500,-1.941858
18590400,-1.937727
18591300,-1.941215
18592200,-1.940975
18593100,-1.947772
18594000,-3.742117
18594900,-3.748853
18595800,-3.74839
18596700,-3.761517
18597600,-14.952907
18598500,-14.979823
18599400,-14.977973
18600300,-15.030423
18601200,-33.341817
18602100,-33.401832
18603000,-33.397709
18603900,-33.514661
18604800,-36.765849
18605700,-36.832028
18606600,-36.827481
18607500,-36.956444
18608400,-35.937458
18609300,-36.002146
18610200,-35.997701
18611100,-36.123759
18612000,-25.216674
18612900,-25.262064
18613800,-25.258945
18614700,-25.347397
18615600,-18.907189
18616500,-18.941222
18617400,-18.938883
18618300,-19.005204
18619200,-15.277284
18620100,-15.304783
18621000,-15.302893
18621900,-15.356481
18622800,-15.837121
18623700,-15.865628
18624600,-15.86367
18625500,-15.919221
18626400,-15.245276
18627300,-15.272717
18628200,-15.270832
18629100,-15.324307
18630000,-18.308895
18630900,-18.341851
18631800,-18.339587
18632700,-18.403809
18633600,-25.479446
18634500,-25.525309
18635400,-25.522157
18636300,-25.611531
18637200,-32.620503
18638100,-32.67922
18639000,-32.675186
18639900,-32.789608
18640800,-35.429097
18641700,-35.49287
18642600,-35.488488
18643500,-35.612762
18644400,-31.650277
18645300,-31.707248
18646200,-31.703333
18647100,-31.814353
18648000,-19.44087
18648900,-19.475864
18649800,-19.473459
18650700,-19.541652
18651600,-11.64267
18652500,-11.663627
18653400,-11.662187
18654300,-11.703026
18655200,-3.723964
18656100,-3.730668
18657000,-3.730207
18657900,-3.743269
18658800,-1.94498
18659700,-1.948481
18660600,-1.94824
18661500,-1.955062
18662400,-1.873258
18663300,-1.87663
18664200,-1.876398
18665100,-1.882969
18666000,-1.732017
18666900,-1.735135
18667800,-1.734921
18668700,-1.740996
18669600,-1.81347
18670500,-1.816734
18671400,-1.81651
18672300,-1.822871
18673200,-1.813701
18674100,-1.816966
18675000,-1.816741
18675900,-1.823103
18676800,-1.819225
18677700,-1.8225
18678600,-1.822275
18679500,-1.828656
18680400,-3.513267
18681300,-3.519591
18682200,-3.519157
18683100,-3.53148
18684000,-14.038459
18684900,-14.063728
18685800,-14.061992
18686700,-9.342623
18687600,-23.914254
18688500,-21.186979
18689400,-18.230835
18690300,-15.214747
18691200,-14.962645
18692100,-11.536779
18693000,-11.532509
18693900,-7.977092
18694800,-7.020423
18695700,-3.211204
18696600,-3.207031
18697500,0.742986000000002
18698400,10.983046
18699300,10.940432
18700200,15.215104
18701100,15.132061
18702000,25.658498
18702900,25.626546
18703800,25.628742
18704700,30.259856
18705600,33.759795
18706500,33.733977
18707400,33.735751
18708300,33.685441
18709200,33.234194
18710100,28.514051
18711000,28.51589
18711900,23.983655
18712800,24.616385
18713700,20.318878
18714600,20.320648
18715500,16.202077
18716400,13.400012
18717300,9.499121
18718200,5.824754
18719100,5.764459
18720000,-4.366464
18720900,-7.713985
18721800,-13.789188
18722700,-16.656716
18723600,-25.856978
18724500,-30.680716
18725400,-30.676928
18726300,-30.784353
18727200,-33.262423
18728100,-33.322296
18729000,-33.318182
18729900,-33.434856
18730800,-29.714698
18731700,-29.768184
18732600,-29.764509
18733500,-29.868739
18734400,-18.25196
18735300,-18.284813
18736200,-18.282556
18737100,-18.346578
18738000,-10.93066
18738900,-10.950335
18739800,-10.948983
18740700,-10.987325
18741600,-3.496225
18742500,-3.502518
18743400,-3.502085
18744300,-3.514349
18745200,-1.826034
18746100,-1.829321
18747000,-1.829095
18747900,-1.8355
18748800,-2.54092
18749700,-2.545493
18750600,-2.545179
18751500,-2.554092
18752400,-2.349338
18753300,-2.353567
18754200,-2.353276
18755100,-2.361517
18756000,-2.459822
18756900,-2.46425
18757800,-2.463946
18758700,-2.472574
18759600,-2.460135
18760500,-2.464563
18761400,-2.464259
18762300,-2.472889
18763200,-2.467628
18764100,-2.47207
18765000,-2.471765
18765900,-2.48042
18766800,-4.765456
18767700,-4.774034
18768600,-4.773445
18769500,-4.790161
18770400,-19.042008
18771300,-19.076284
18772200,-19.073928
18773100,-19.140722
18774000,-42.459646
18774900,-42.536073
18775800,-42.530822
18776700,-42.679757
18777600,-46.820032
18778500,-44.596889
18779400,-42.129905
18780300,-39.67421
18781200,-35.592948
18782100,-32.723052
18783000,-32.717392
18783900,-29.752034
18784800,-12.557777
18785700,-12.615579
18786600,-12.611608
18787500,-12.724249
18788400,-4.522867
18789300,-4.566207
18790200,-4.563229
18791100,-4.647686
18792000,-3.204772
18792900,-3.239791
18793800,-6.363273
18794700,-6.431515
18795600,-9.995867
18796500,-12.81579
18797400,-12.813295
18798300,-15.503963
18799200,-17.10691
18800100,-17.141856
18801000,-19.446874
18801900,-19.514973
18802800,-23.315742
18803700,-23.35771
18804600,-23.354827
18805500,-23.436611
18806400,-32.447189
18807300,-32.505594
18808200,-32.501581
18809100,-32.615396
18810000,-41.541078
18810900,-41.615852
18811800,-41.610714
18812700,-41.756427
18813600,-45.117724
18814500,-45.198936
18815400,-45.193356
18816300,-45.351615
18817200,-40.305528
18818100,-40.378079
18819000,-40.373093
18819900,-40.514473
18820800,-24.757273
18821700,-24.801836
18822600,-24.798774
18823500,-24.885615
18824400,-14.826536
18825300,-14.853223
18826200,-14.85139
18827100,-14.903397
18828000,-4.742339
18828900,-4.750876
18829800,-4.750289
18830700,-4.766924
18831600,-2.476864
18832500,-2.481322
18833400,-2.481016
18834300,-2.489704
18835200,-2.549238
18836100,-2.553827
18837000,-2.553511
18837900,-2.562453
18838800,-2.357029
18839700,-2.361272
18840600,-2.36098
18841500,-2.369248
18842400,-2.467875
18843300,-2.472317
18844200,-2.472012
18845100,-2.480669
18846000,-2.468189
18846900,-2.472632
18847800,-2.472327
18848700,-2.480984
18849600,-2.475707
18850500,-2.480163
18851400,-2.479857
18852300,-2.488541
18853200,-4.781057
18854100,-4.789663
18855000,-4.789072
18855900,-4.805843
18856800,-19.104347
18857700,-19.138735
18858600,-19.136372
18859500,-19.203384
18860400,-42.598649
18861300,-42.675327
18862200,-42.670058
18863100,-42.819481
18864000,-46.97331
18864900,-47.057862
18865800,-47.052052
18866700,-47.21682
18867600,-45.91493
18868500,-45.997577
18869400,-45.991898
18870300,-46.152953
18871200,-32.217687
18872100,-32.275679
18873000,-32.271694
18873900,-32.384704
18874800,-24.156473
18875700,-24.199955
18876600,-24.196967
18877500,-24.281701
18878400,-19.518782
18879300,-19.553915
18880200,-19.551501
18881100,-19.619967
18882000,-20.23405
18882900,-20.270471
18883800,-20.267968
18884700,-20.338943
18885600,-19.477887
18886500,-19.512948
18887400,-19.510538
18888300,-19.578861
18889200,-23.392072
18890100,-23.434178
18891000,-23.431285
18891900,-23.513337
18892800,-32.553414
18893700,-32.61201
18894600,-32.607984
18895500,-32.722171
18896400,-41.677074
18897300,-41.752093
18898200,-41.746938
18899100,-41.893128
18900000,-45.26543
18900900,-45.346908
18901800,-45.341309
18902700,-45.500086
18903600,-40.43748
18904500,-40.510267
18905400,-40.505266
18906300,-40.647108
18907200,-24.838323
18908100,-24.883032
18909000,-24.87996
18909900,-24.967085
18910800,-14.875074
18911700,-14.90185
18912600,-14.90001
18913500,-14.952187
18914400,-4.757865
18915300,-4.766429
18916200,-4.76584
18917100,-4.782529
18918000,-2.484973
18918900,-2.489446
18919800,-2.489138
18920700,-2.497855
18921600,-2.485165
18922500,-2.489639
18923400,-2.489331
18924300,-2.498048
18925200,-2.297787
18926100,-2.301923
18927000,-2.301639
18927900,-2.309699
18928800,-2.405847
18929700,-2.410178
18930600,-2.40988
18931500,-2.418319
18932400,-2.406153
18933300,-2.410484
18934200,-2.410187
18935100,-2.418627
18936000,-2.413482
18936900,-2.417826
18937800,-2.417528
18938700,-2.425993
18939600,-4.66089
18940500,-4.669279
18941400,-4.668703
18942300,-4.685052
18943200,-18.624176
18944100,-18.6577
18945000,-18.655396
18945900,-18.720724
18946800,-41.527969
18947700,-41.60272
18948600,-41.597583
18949500,-41.743251
18950400,-45.792677
18951300,-45.875104
18952200,-45.86944
18953100,-46.030067
18954000,-44.760898
18954900,-44.841468
18955800,-44.835932
18956700,-44.992939
18957600,-31.407924
18958500,-31.464458
18959400,-31.460573
18960300,-31.570743
18961200,-23.549321
18962100,-23.59171
18963000,-23.588797
18963900,-23.671401
18964800,-16.720775
18965700,-19.062445
18966600,-19.060091
18967500,-19.126836
18968400,-19.725484
18969300,-19.76099
18970200,-19.758551
18971100,-19.827742
18972000,-18.988328
18972900,-19.022507
18973800,-19.020158
18974700,-19.086763
18975600,-22.804133
18976500,-22.845181
18977400,-22.84236
18978300,-22.92235
18979200,-31.735212
18980100,-31.792336
18981000,-31.788411
18981900,-31.899728
18982800,-40.629557
18983700,-40.702691
18984600,-40.697665
18985500,-40.840181
18986400,-44.127723
18987300,-44.207153
18988200,-44.201695
18989100,-44.356481
18990000,-39.421119
18990900,-39.492077
18991800,-39.487201
18992700,-39.625479
18993600,-24.214033
18994500,-24.257618
18995400,-24.254624
18996300,-24.339559
18997200,-14.501202
18998100,-14.527305
18999000,-14.525511
18999900,-14.576377
19000800,-4.63828
19001700,-4.646629
19002600,-4.646055
19003500,-4.662325
19004400,-2.422515
19005300,-2.426876
19006200,-2.426576
19007100,-2.435073
19008000,-2.580441
19008900,-2.585086
19009800,-2.584767
19010700,-2.593819
19011600,-2.38588
19012500,-2.390175
19013400,-2.38988
19014300,-2.398248
19015200,-2.498083
19016100,-2.502579
19017000,-2.50227
19017900,-2.511033
19018800,-2.4984
19019700,-2.502898
19020600,-2.502589
19021500,-2.511352
19022400,-2.50601
19023300,-2.510521
19024200,-2.510211
19025100,-2.519001
19026000,-4.839579
19026900,-4.84829
19027800,-4.847692
19028700,-4.864667
19029600,-17.030771
19030500,-14.604387
19031400,-14.601995
19032300,-12.049902
19033200,-35.731532
19034100,-30.073255
19035000,-26.942034
19035900,-23.788823
19036800,-24.505498
19037700,-17.044641
19038600,-12.970394
19039500,-8.865435
19040400,1.625851
19041300,1.542193
19042200,1.547941
19043100,1.38491399999999
19044000,20.402389
19044900,20.343687
19045800,20.347721
19046700,20.233328
19047600,28.562275
19048500,33.653117
19049400,33.656141
19050300,33.57037
19051200,43.754623
19052100,43.719059
19053000,49.317678
19053900,55.082648
19054800,54.461049
19055700,54.424182
19056600,54.426715
19057500,54.354871
19058400,55.226467
19059300,43.760528
19060200,38.399933
19061100,28.284281
19062000,15.250935
19062900,2.998254
19063800,-10.593661
19064700,-21.493728
19065600,-32.951877
19066500,-33.011191
19067400,-33.007115
19068300,-33.1227
19069200,-42.187213
19070100,-42.263151
19071000,-42.257933
19071900,-42.405912
19072800,-45.819492
19073700,-45.901967
19074600,-45.8963
19075500,-46.05702
19076400,-40.932446
19077300,-41.006125
19078200,-41.001062
19079100,-41.14464
19080000,-25.142351
19080900,-25.187607
19081800,-25.184497
19082700,-25.272689
19083600,-15.05715
19084500,-15.084253
19085400,-15.08239
19086300,-15.135206
19087200,-2.508683
19088100,-0.0561590000000001
19089000,5.347981
19089900,8.283361
19090800,13.734929
19091700,13.730401
19092600,13.730712
19093500,13.721889
19094400,20.72205
19095300,20.717873
19096200,20.71816
19097100,24.386513
19098000,24.573523
19098900,24.569661
19099800,24.569926
19100700,24.5624
19101600,28.342564
19102500,28.33852
19103400,28.338797
19104300,28.330917
19105200,32.410644
19106100,36.678343
19107000,36.678621
19107900,41.150821
19108800,45.849004
19109700,50.756584
19110600,61.254753
19111500,66.843023
19112400,70.590277
19113300,89.563468
19114200,103.499464
19115100,118.491104
19116000,121.592331
19116900,147.908267
19117800,166.979904
19118700,187.23841
19119600,187.549472
19120500,198.780319
19121400,210.423075
19122300,210.287047
19123200,218.485786
19124100,218.408813
19125000,218.414102
19125900,218.264104
19126800,219.449295
19127700,219.374056
19128600,231.706683
19129500,231.560065
19130400,244.246199
19131300,244.193406
19132200,244.197033
19133100,231.766697
19134000,239.257364
19134900,239.21778
19135800,239.2205
19136700,239.143362
19137600,243.479342
19138500,243.447357
19139400,231.469328
19140300,231.406999
19141200,230.847962
19142100,219.176845
19143000,219.179124
19143900,207.81386
19144800,208.597732
19145700,197.597512
19146600,197.599705
19147500,186.896591
19148400,183.425188
19149300,173.068369
19150200,163.06998
19151100,153.306767
19152000,135.696056
19152900,109.29547
19153800,93.181095
19154700,78.070236
19155600,55.982576
19156500,31.098982
19157400,10.097973
19158300,-7.548683
19159200,-28.083491
19160100,-33.893558
19161000,-41.276999
19161900,-41.421543
19162800,-36.812739
19163700,-36.879003
19164600,-36.874449
19165500,-37.003577
19166400,-22.611862
19167300,-22.652563
19168200,-22.649766
19169100,-22.729082
19170000,-13.5417
19170900,-13.566076
19171800,-13.564401
19172700,-13.611901
19173600,-4.331379
19174500,-4.339175
19175400,-4.338639
19176300,-4.353832
19177200,-2.262224
19178100,-2.266296
19179000,-2.266017
19179900,-2.273952
19180800,-2.048337
19181700,-2.052024
19182600,-2.051771
19183500,-2.058956
19184400,-1.893895
19185300,-1.897304
19186200,-1.89707
19187100,-1.903713
19188000,-1.982961
19188900,-1.98653
19189800,-1.986285
19190700,-1.993241
19191600,-1.983213
19192500,-1.986783
19193400,-1.986538
19194300,-1.993494
19195200,-1.989254
19196100,-1.992834
19197000,-1.992588
19197900,-1.999566
19198800,-3.841625
19199700,-3.84854
19200600,-3.848065
19201500,-3.86154
19202400,-15.350524
19203300,-15.378155
19204200,-15.376257
19205100,-10.66149
19206000,-24.056262
19206900,-21.1656
19207800,-18.035479
19208700,-14.851078
19209600,-14.700721
19210500,-14.76866
19211400,-18.25199
19212300,-18.384382
19213200,-17.338301
19214100,-20.709171
19215000,-20.704608
19215900,-23.959906
19216800,-12.762787
19217700,-9.683496
19218600,-9.680295
19219500,-6.466636
19220400,3.632824
19221300,11.14433
19222200,15.215096
19223100,23.898837
19224000,37.330904
19224900,37.302673
19225800,42.439469
19226700,42.384456
19227600,47.254069
19228500,31.815277
19229400,22.643828
19230300,10.376739
19231200,0.599651
19232100,-5.506682
19233000,-13.369484
19233900,-15.7318
19234800,-18.795752
19235700,-18.829585
19236600,-18.82726
19237500,-18.89319
19238400,-26.156977
19239300,-26.20406
19240200,-26.200824
19241100,-26.292575
19242000,-33.487924
19242900,-33.548203
19243800,-33.544061
19244700,-33.661526
19245600,-36.371202
19246500,-36.436671
19247400,-36.432172
19248300,-36.559751
19249200,-32.491899
19250100,-32.550384
19251000,-32.546366
19251900,-32.660337
19252800,-19.957828
19253700,-19.993752
19254600,-19.991284
19255500,-20.061289
19256400,-11.952263
19257300,-11.973778
19258200,-11.972299
19259100,-12.014224
19260000,-3.822989
19260900,-3.829871
19261800,-3.829398
19262700,-3.842808
19263600,-1.996699
19264500,-2.000293
19265400,-2.000046
19266300,-2.00705
19267200,-1.92307
19268100,-1.926532
19269000,-1.926294
19269900,-1.93304
19270800,-1.778074
19271700,-1.781274
19272600,-1.781054
19273500,-1.787291
19274400,-1.861693
19275300,-1.865044
19276200,-1.864813
19277100,-1.871344
19278000,-1.86193
19278900,-1.865281
19279800,-1.865051
19280700,-1.871582
19281600,-1.8676
19282500,-1.870962
19283400,-1.870731
19284300,-1.877282
19285200,-3.60669
19286100,-3.613182
19287000,-3.612736
19287900,-3.625387
19288800,-14.41176
19289700,-14.437701
19290600,-14.435918
19291500,-14.48647
19292400,-32.135173
19293300,-32.193016
19294200,-32.189041
19295100,-29.994343
19296000,-28.046752
19296900,-28.110535
19297800,-25.322533
19298700,-22.494556
19299600,-18.386559
19300500,-18.448906
19301400,-15.140159
19302300,-15.261654
19303200,-1.2613
19304100,-1.305048
19305000,-1.302042
19305900,2.289201
19306800,8.496338
19307700,8.463536
19308600,8.46579
19309500,8.40187
19310400,15.864826
19311300,15.838322
19312200,15.840143
19313100,15.788495
19314000,19.393615
19314900,15.297774
19315800,15.299662
19316700,11.37617
19317600,12.025726
19318500,8.322783
19319400,8.324601
19320300,4.785062
19321200,1.908487
19322100,-1.427739
19323000,-1.425557
19323900,-4.613343
19324800,-14.385185
19325700,-19.832933
19326600,-24.598508
19327500,-24.684647
19328400,-31.439963
19329300,-31.496555
19330200,-31.492667
19331100,-31.602948
19332000,-34.146914
19332900,-34.208378
19333800,-34.204155
19334700,-34.323932
19335600,-30.50485
19336500,-30.559759
19337400,-30.555986
19338300,-30.662987
19339200,-18.737303
19340100,-18.77103
19341000,-18.768712
19341900,-18.834437
19342800,-11.22132
19343700,-11.241519
19344600,-11.240131
19345500,-11.279492
19346400,-3.589194
19347300,-3.595654
19348200,-3.59521
19349100,-3.6078
19350000,-1.874591
19350900,-1.877965
19351800,-1.877733
19352700,-1.884308
19353600,-3.345476
19354500,-3.351498
19355400,-3.351084
19356300,-3.362819
19357200,-3.093232
19358100,-3.0988
19359000,-3.098418
19359900,-3.109268
19360800,-3.2387
19361700,-3.24453
19362600,-3.244129
19363500,-3.25549
19364400,-3.239112
19365300,-3.244943
19366200,-3.244542
19367100,-3.255904
19368000,-3.248978
19368900,-3.254826
19369800,-0.947005
19370700,-0.958401
19371600,-1.505778
19372500,-1.517072
19373400,-1.516296
19374300,1.08162
19375200,-17.682931
19376100,-17.72806
19377000,-20.344884
19377900,-20.432827
19378800,-51.135453
19379700,-48.616155
19380600,-48.609241
19381500,-46.021715
19382400,-51.472966
19383300,-48.631654
19384200,-45.498142
19385100,-45.714374
19386000,-40.701383
19386900,-37.321847
19387800,-37.314394
19388700,-33.84926
19389600,-11.691453
19390500,-11.767558
19391400,-7.693963
19392300,-7.84227
19393200,7.22774
19394100,7.170677
19395000,7.174598
19395900,7.063399
19396800,17.794066
19397700,17.747958
19398600,17.751126
19399500,17.661276
19400400,16.855388
19401300,16.807591
19402200,12.330794
19403100,12.237651
19404000,13.367652
19404900,9.049897
19405800,9.053059
19406700,4.89503
19407600,-0.109213999999998
19408500,-4.034421
19409400,-7.707118
19410300,-7.814799
19411200,-23.166483
19412100,-26.547845
19413000,-32.620722
19413900,-35.554195
19414800,-49.926029
19415700,-54.793092
19416600,-54.786327
19417500,-54.978179
19418400,-59.403797
19419300,-59.510724
19420200,-59.503377
19421100,-59.711747
19422000,-53.067868
19422900,-53.16339
19423800,-53.156827
19424700,-53.342972
19425600,-32.596414
19426500,-32.655087
19427400,-32.651056
19428300,-32.765394
19429200,-19.521209
19430100,-19.556347
19431000,-19.553933
19431900,-19.622407
19432800,-6.243953
19433700,-6.255192
19434600,-6.25442
19435500,-6.276322
19436400,-3.261138
19437300,-3.267008
19438200,-3.266605
19439100,-3.278044
19440000,-3.356429
19440900,-3.36247
19441800,-3.362055
19442700,-3.373828
19443600,-3.103359
19444500,-3.108945
19445400,-3.108561
19446300,-3.119447
19447200,-3.249303
19448100,-3.255152
19449000,-3.25475
19449900,-3.266147
19450800,-3.249716
19451700,-3.255566
19452600,-3.255164
19453500,-3.266563
19454400,-3.259614
19455300,-3.265481
19456200,-3.265078
19457100,-3.276512
19458000,-6.294931
19458900,-6.306262
19459800,-6.305483
19460700,-6.327564
19461600,-25.153546
19462500,-25.198823
19463400,-25.195712
19464300,-25.283943
19465200,-56.087082
19466100,-56.188039
19467000,-56.181102
19467900,-56.377838
19468800,-61.846935
19469700,-61.95826
19470600,-61.950611
19471500,-62.167551
19472400,-60.45343
19473300,-60.562246
19474200,-60.554769
19475100,-60.766821
19476000,-42.419093
19476900,-42.495448
19477800,-42.490201
19478700,-42.638994
19479600,-31.805377
19480500,-31.862627
19481400,-29.551274
19482300,-29.662837
19483200,-20.930595
19484100,-20.976854
19485000,-20.973675
19485900,-18.443895
19486800,-19.252421
19487700,-21.920299
19488600,-21.917004
19489500,-22.010453
19490400,-20.876752
19491300,-23.384107
19492200,-25.688354
19493100,-25.77831
19494000,-30.798937
19494900,-30.854375
19495800,-30.850565
19496700,-30.958599
19497600,-42.861124
19498500,-42.938275
19499400,-42.932973
19500300,-43.083317
19501200,-54.8737
19502100,-54.972473
19503000,-54.965686
19503900,-55.158165
19504800,-59.598272
19505700,-59.705549
19506600,-59.698178
19507500,-59.90723
19508400,-53.2416
19509300,-53.337436
19510200,-53.33085
19511100,-53.517605
19512000,-32.703127
19512900,-32.761993
19513800,-32.757948
19514700,-32.872661
19515600,-19.585117
19516500,-19.62037
19517400,-19.617948
19518300,-19.686646
19519200,-6.264395
19520100,-6.27567
19521000,-6.274896
19521900,-6.296869
19522800,-3.271814
19523700,-3.277704
19524600,-3.277299
19525500,-3.288775
19526400,-3.272068
19527300,-3.277957
19528200,-3.277553
19529100,-3.28903
19530000,-3.025359
19530900,-0.723385
19531800,-0.723011
19532700,-0.733623
19533600,-0.860216
19534500,-0.865917
19535400,1.595667
19536300,1.584556
19537200,1.600574
19538100,1.594872
19539000,4.215189
19539900,4.204076
19540800,4.21085
19541700,6.988751
19542600,6.989144
19543500,9.93027
19544400,6.987716
19545300,10.102558
19546200,13.40778
19547100,13.386255
19548000,-1.478555
19548900,2.153801
19549800,6.026783
19550700,5.94077
19551600,-20.019793
19552500,-11.366388
19553400,-6.666246
19554300,3.188456
19555200,8.816028
19556100,14.541776
19557000,26.951922
19557900,33.318772
19558800,48.925268
19559700,48.819186
19560600,56.193517
19561500,55.986795
19562400,81.513234
19563300,89.356446
19564200,89.361561
19565100,97.4169
19566000,107.978223
19566900,107.922413
19567800,116.414343
19568700,116.305584
19569600,122.419016
19570500,122.37392
19571400,113.888923
19572300,105.600652
19573200,104.812448
19574100,96.848051
19575000,89.211398
19575900,81.753257
19576800,68.923005
19577700,68.878003
19578600,62.302758
19579500,55.889708
19580400,50.995271
19581300,44.863892
19582200,44.867606
19583100,38.928014
19584000,27.324648
19584900,16.290227
19585800,6.248902
19586700,-3.071122
19587600,-22.905274
19588500,-34.036006
19589400,-40.459741
19590300,-49.003201
19591200,-58.100321
19592100,-58.204902
19593000,-58.197716
19593900,-58.401514
19594800,-51.903419
19595700,-51.996846
19596600,-51.990426
19597500,-52.172487
19598400,-31.881163
19599300,-31.938549
19600200,-31.934606
19601100,-32.046435
19602000,-19.092862
19602900,-19.127229
19603800,-19.124868
19604700,-19.19184
19605600,-6.106944
19606500,-6.117937
19607400,-6.117182
19608300,-6.138603
19609200,-3.18958
19610100,-3.195321
19611000,-3.194927
19611900,-3.206115
19612800,-3.397512
19613700,-3.403628
19614600,-3.403208
19615500,-3.415125
19616400,-3.141345
19617300,-3.146999
19618200,-3.146611
19619100,-3.15763
19620000,-3.289075
19620900,-3.294996
19621800,-3.294589
19622700,-3.306126
19623600,-3.289494
19624500,-3.295415
19625400,-3.295008
19626300,-3.306547
19627200,-3.299513
19628100,-3.305452
19629000,-3.305044
19629900,-3.316617
19630800,-6.371983
19631700,-6.383453
19632600,-6.382664
19633500,-6.405015
19634400,-25.461433
19635300,-25.507264
19636200,-25.504115
19637100,-25.593425
19638000,-56.773604
19638900,-56.875797
19639800,-56.868775
19640700,-54.7605
19641600,-60.296541
19642500,-57.948035
19643400,-57.940292
19644300,-58.159887
19645200,-56.424785
19646100,-53.915008
19647000,-53.90744
19647900,-54.122087
19648800,-32.766158
19649700,-32.843447
19650600,-29.885863
19651500,-30.036478
19652400,-15.944366
19653300,-19.128205
19654200,-19.124223
19655100,-19.237152
19656000,-12.889343
19656900,-12.936168
19657800,-12.93295
19658700,-15.976471
19659600,-16.794894
19660500,-16.843434
19661400,-16.840099
19662300,-16.934691
19663200,-15.787114
19664100,-15.833841
19665000,-15.83063
19665900,-15.921687
19666800,-21.003767
19667700,-23.843504
19668600,-26.459573
19669500,-29.030122
19670400,-43.385757
19671300,-43.463852
19672200,-43.458485
19673100,-43.610669
19674000,-55.545369
19674900,-55.645351
19675800,-55.638481
19676700,-55.833317
19677600,-60.327772
19678500,-60.436362
19679400,-60.428901
19680300,-60.640512
19681200,-53.893293
19682100,-53.990301
19683000,-53.983635
19683900,-54.172676
19684800,-33.103423
19685700,-33.163009
19686600,-33.158915
19687500,-33.275031
19688400,-19.824844
19689300,-19.860529
19690200,-19.858077
19691100,-19.927617
19692000,-6.341073
19692900,-6.352487
19693800,-6.351702
19694700,-6.373945
19695600,-3.311862
19696500,-3.317824
19697400,-3.317414
19698300,-3.329031
19699200,-3.055565
19700100,-3.061065
19701000,-3.060687
19701900,-3.071405
19702800,-2.82518
19703700,-2.830265
19704600,-2.829915
19705500,-2.839825
19706400,-2.958041
19707300,-2.963366
19708200,-2.963
19709100,-2.973376
19710000,-2.958418
19710900,-2.963743
19711800,-2.963377
19712700,-2.973754
19713600,-2.967428
19714500,-2.97277
19715400,-0.664984
19716300,-0.675393
19717200,-3.423246
19718100,-0.972368
19719000,1.648265
19719900,1.628164
19720800,-12.726672
19721700,-6.689729
19722600,0.105564000000001
19723500,7.571686
19724400,-12.130208
19725300,-3.048655
19726200,7.004153
19727100,12.188086
19728000,18.639678
19728900,24.615666
19729800,24.62263
19730700,30.750491
19731600,38.889298
19732500,38.790236
19733400,38.797043
19734300,45.440277
19735200,62.143348
19736100,62.073838
19737000,69.177794
19737900,69.042339
19738800,78.904851
19739700,78.852733
19740600,78.856314
19741500,78.754751
19742400,84.463675
19743300,77.322383
19744200,77.325276
19745100,70.406934
19746000,63.092546
19746900,56.723536
19747800,50.649202
19748700,44.729856
19749600,40.165759
19750500,34.760701
19751400,34.763588
19752300,29.54684
19753200,20.064616
19754100,15.320768
19755000,10.844155
19755900,6.474062
19756800,-8.42991
19757700,-16.046589
19758600,-22.834224
19759500,-29.049252
19760400,-45.186311
19761300,-47.737424
19762200,-50.038664
19763100,-50.21389
19764000,-54.255994
19764900,-54.353655
19765800,-54.346944
19766700,-54.537258
19767600,-48.469122
19768500,-48.556367
19769400,-48.550372
19770300,-48.720387
19771200,-29.77168
19772100,-29.825269
19773000,-29.821587
19773900,-29.926016
19774800,-17.829543
19775700,-17.861637
19776600,-17.859432
19777500,-17.921972
19778400,-5.702866
19779300,-5.713131
19780200,-5.712426
19781100,-5.73243
19782000,-2.978535
19782900,-2.983896
19783800,-2.983528
19784700,-2.993976
19785600,-2.696922
19786500,-2.701777
19787400,-2.701443
19788300,-2.710903
19789200,-2.493578
19790100,-2.498067
19791000,-2.497758
19791900,-2.506505
19792800,-2.610846
19793700,-2.615545
19794600,-2.615222
19795500,-2.62438
19796400,-2.611178
19797300,-0.308459
19798200,2.153057
19799100,4.763823
19800000,7.553026
19800900,10.500585
19801800,10.500909
19802700,13.61761
19803600,14.496744
19804500,17.975638
19805400,21.652757
19806300,25.504965
19807200,14.446476
19808100,18.68184
19809000,27.8578
19809900,37.833398
19810800,18.445817
19811700,35.87248
19812600,55.618024
19813500,77.566032
19814400,89.289601
19815300,115.547392
19816200,134.623024
19817100,154.768222
19818000,189.055405
19818900,200.60593
19819800,224.919622
19820700,250.465678
19821600,292.373134
19822500,306.449791
19823400,320.969006
19824300,320.84945
19825200,344.451315
19826100,344.405314
19827000,344.408475
19827900,329.421882
19828800,334.460729
19829700,319.90856
19830600,305.773106
19831500,291.934697
19832400,277.886133
19833300,264.810805
19834200,239.80635
19835100,227.751037
19836000,205.723365
19836900,184.077054
19837800,163.760092
19838700,153.999295
19839600,131.505818
19840500,105.992025
19841400,90.437573
19842300,69.048267
19843200,46.580783
19844100,29.011009
19845000,13.605742
19845900,0.0397350000000003
19846800,-21.048759
19847700,-27.920585
19848600,-36.776913
19849500,-44.320109
19850400,-47.887777
19851300,-47.973975
19852200,-47.968052
19853100,-48.136028
19854000,-42.780131
19854900,-42.857136
19855800,-42.851844
19856700,-43.001904
19857600,-26.277273
19858500,-26.324572
19859400,-26.321322
19860300,-26.413495
19861200,-15.736827
19862100,-15.765154
19863000,-15.763207
19863900,-15.818407
19864800,-5.0335
19865700,-5.042561
19866600,-5.041938
19867500,-5.059594
19868400,-2.628934
19869300,-2.633666
19870200,-2.633341
19871100,-2.642562
19872000,-2.531991
19872900,-2.536549
19873800,-2.536236
19874700,-2.545117
19875600,-2.341083
19876500,-2.345297
19877400,-2.345007
19878300,-2.353219
19879200,-2.451179
19880100,-2.455591
19881000,-2.455288
19881900,-2.463886
19882800,-2.451491
19883700,-2.455903
19884600,-2.4556
19885500,-2.464199
19886400,-2.458957
19887300,-2.463383
19888200,-2.463079
19889100,-2.471705
19890000,-4.748712
19890900,-4.757259
19891800,-4.756672
19892700,-4.773329
19893600,-18.975098
19894500,-19.009254
19895400,-14.238295
19896300,-11.684928
19897200,-29.186021
19898100,-22.831829
19899000,-19.338598
19899900,-15.810516
19900800,-11.997927
19901700,-12.081907
19902600,-7.804392
19903500,-3.48796400000001
19904400,2.498497
19905300,2.416409
19906200,7.333687
19907100,7.173721
19908000,21.014709
19908900,20.957109
19909800,20.961067
19910700,20.848822
19911600,29.021386
19912500,28.978198
19913400,28.981166
19914300,28.897005
19915200,33.627701
19916100,33.592805
19917000,28.683566
19917900,28.615563
19918800,23.312256
19919700,18.796
19920600,18.798486
19921500,14.456247
19922400,11.243112
19923300,7.338339
19924200,7.340732
19925100,3.596377
19926000,-0.191036
19926900,-3.720855
19927800,-7.022445
19928700,-7.103942
19929600,-19.208746
19930500,-25.002839
19931400,-32.387377
19932300,-32.500792
19933200,-41.395111
19934100,-41.469622
19935000,-41.464503
19935900,-41.609704
19936800,-44.95919
19937700,-45.040117
19938600,-45.034556
19939500,-45.192259
19940400,-40.163903
19941300,-40.236198
19942200,-40.231231
19943100,-40.372113
19944000,-24.670281
19944900,-24.714687
19945800,-24.711636
19946700,-24.798172
19947600,-14.774438
19948500,-14.801032
19949400,-14.799205
19950300,-14.851029
19951200,-4.725676
19952100,-4.734182
19953000,-4.733597
19953900,-4.750174
19954800,-2.468161
19955700,-2.472604
19956600,-2.472298
19957500,-2.480956
19958400,-3.400019
19959300,-3.406139
19960200,-3.405719
19961100,-3.417645
19962000,-3.143663
19962900,-3.149322
19963800,-3.148933
19964700,-3.15996
19965600,-3.291502
19966500,-3.297427
19967400,-3.29702
19968300,-3.308566
19969200,-3.291921
19970100,-3.297847
19971000,-3.297439
19971900,-3.308987
19972800,-3.301947
19973700,-3.307891
19974600,-3.307483
19975500,-3.319065
19976400,-6.376685
19977300,-6.388163
19978200,-6.387374
19979100,-6.409742
19980000,-25.480221
19980900,-25.526086
19981800,-25.522934
19982700,-25.612311
19983600,-56.815498
19984500,-56.917766
19985400,-56.910739
19986300,-57.11003
19987200,-62.650156
19988100,-62.762927
19989000,-62.755178
19989900,-62.974935
19990800,-61.238552
19991700,-61.348782
19992600,-61.341208
19993500,-61.556014
19994400,-42.97
19995300,-43.047346
19996200,-43.042031
19997100,-43.192757
19998000,-32.218441
19998900,-32.276434
19999800,-32.272449
20000700,-32.385461
20001600,-26.032969
20002500,-26.079828
20003400,-26.076608
20004300,-26.167924
20005200,-26.98695
20006100,-27.035527
20007000,-27.032189
20007900,-27.12685
20008800,-25.978426
20009700,-26.025188
20010600,-26.021974
20011500,-26.113099
20012400,-31.198929
20013300,-31.255088
20014200,-31.251229
20015100,-31.360665
20016000,-43.417772
20016900,-43.495924
20017800,-43.490554
20018700,-43.64285
20019600,-55.586357
20020500,-55.686413
20021400,-55.679538
20022300,-55.874517
20023200,-60.372289
20024100,-60.480959
20025000,-60.473492
20025900,-60.685259
20026800,-53.933061
20027700,-54.030141
20028600,-54.02347
20029500,-54.212651
20030400,-33.12785
20031300,-33.187481
20032200,-33.183383
20033100,-33.299585
20034000,-19.839473
20034900,-19.875185
20035800,-19.872731
20036700,-19.942321
20037600,-6.345752
20038500,-6.357174
20039400,-6.356389
20040300,-6.378648
20041200,-3.314306
20042100,-3.320272
20043000,-3.319862
20043900,-3.331487
20044800,-3.41115
20045700,-3.41729
20046600,-3.416868
20047500,-3.428834
20048400,-3.153955
20049300,-3.159632
20050200,-3.159242
20051100,-3.170305
20052000,-3.302278
20052900,-3.308222
20053800,-3.307814
20054700,-3.319397
20055600,-3.302698
20056500,-3.308643
20057400,-3.308235
20058300,-3.319819
20059200,-3.312757
20060100,-3.31872
20061000,-3.318311
20061900,-3.329931
20062800,-6.397561
20063700,-6.409076
20064600,-6.408285
20065500,-6.430726
20066400,-25.563638
20067300,-25.609653
20068200,-25.606491
20069100,-25.69616
20070000,-57.001499
20070900,-57.104103
20071800,-57.097052
20072700,-57.296996
20073600,-62.855259
20074500,-62.968399
20075400,-62.960624
20076300,-63.181101
20077200,-61.439034
20078100,-61.549624
20079000,-61.542025
20079900,-61.757534
20080800,-43.110674
20081700,-43.188273
20082600,-43.182941
20083500,-43.33416
20084400,-32.323917
20085300,-32.3821
20086200,-32.378102
20087100,-32.491484
20088000,-26.118195
20088900,-26.165208
20089800,-26.161977
20090700,-26.253592
20091600,-27.075299
20092500,-27.124035
20093400,-27.120686
20094300,-27.215658
20095200,-26.063474
20096100,-26.110388
20097000,-26.107165
20097900,-26.198587
20098800,-31.301068
20099700,-31.35741
20100600,-31.353538
20101500,-31.463333
20102400,-43.559912
20103300,-43.63832
20104200,-43.632932
20105100,-43.785727
20106000,-55.768334
20106900,-55.868718
20107800,-55.86182
20108700,-56.057438
20109600,-60.569934
20110500,-60.67896
20111400,-60.671469
20112300,-60.883929
20113200,-54.109626
20114100,-54.207024
20115000,-54.200331
20115900,-54.390131
20116800,-33.236304
20117700,-33.296129
20118600,-33.292018
20119500,-33.408601
20120400,-19.904423
20121300,-19.940251
20122200,-19.93779
20123100,-20.007608
20124000,-6.366526
20124900,-6.377986
20125800,-6.377199
20126700,-6.39953
20127600,-3.325156
20128500,-3.331142
20129400,-3.33073
20130300,-3.342394
20131200,-3.325414
20132100,-3.3314
20133000,-3.330988
20133900,-3.342653
20134800,-3.074683
20135700,-3.080217
20136600,-3.079837
20137500,-3.090622
20138400,-3.219278
20139300,-3.225073
20140200,-3.224675
20141100,-3.235967
20142000,-3.219688
20142900,-3.225483
20143800,-3.225085
20144700,-3.236379
20145600,-3.229494
20146500,-3.235307
20147400,-3.234908
20148300,-3.246236
20149200,-6.236764
20150100,-6.24799
20151000,-6.247218
20151900,-6.269095
20152800,-24.921118
20153700,-24.965976
20154600,-24.962894
20155500,-25.05031
20156400,-55.568816
20157300,-55.668841
20158200,-55.661968
20159100,-55.856886
20160000,-61.275447
20160900,-61.385743
20161800,-61.378164
20162700,-61.593099
20163600,-59.894817
20164500,-60.002628
20165400,-59.99522
20166300,-60.205313
20167200,-42.027125
20168100,-42.102774
20169000,-42.097576
20169900,-42.244994
20170800,-31.511483
20171700,-31.568204
20172600,-31.564307
20173500,-31.674839
20174400,-25.461737
20175300,-25.507568
20176200,-25.504419
20177100,-25.593731
20178000,-26.394785
20178900,-26.442296
20179800,-26.439031
20180700,-26.531616
20181600,-25.408391
20182500,-25.454127
20183400,-25.450984
20184300,-25.540109
20185200,-30.514343
20186100,-30.569269
20187000,-30.565495
20187900,-30.67253
20188800,-42.465072
20189700,-42.541509
20190600,-42.536257
20191500,-42.685211
20192400,-54.366646
20193300,-54.464506
20194200,-54.457782
20195100,-54.648483
20196000,-59.047562
20196900,-59.153848
20197800,-59.146544
20198700,-59.353665
20199600,-52.749628
20200500,-52.844578
20201400,-52.838053
20202300,-53.023083
20203200,-32.400938
20204100,-32.45926
20205000,-32.455252
20205900,-32.568905
20206800,-19.404143
20207700,-19.439071
20208600,-19.436671
20209500,-19.504734
20210400,-6.206509
20211300,-6.217681
20212200,-6.216913
20213100,-6.238684
20214000,-3.241581
20214900,-3.247416
20215800,-3.247015
20216700,-3.258386
20217600,-3.452904
20218500,-3.459119
20219400,-3.458692
20220300,-3.470804
20221200,-3.19256
20222100,-3.198307
20223000,-3.197912
20223900,-3.20911
20224800,-3.342699
20225700,-3.348716
20226600,-3.348302
20227500,-3.360027
20228400,-3.343124
20229300,-3.349142
20230200,-3.348728
20231100,-3.360455
20232000,-3.353306
20232900,-3.359342
20233800,-3.358928
20234700,-3.37069
20235600,-6.475869
20236500,-6.487525
20237400,-6.486724
20238300,-6.50944
20239200,-25.876544
20240100,-25.923122
20241000,-25.919922
20241900,-26.010688
20242800,-57.699214
20243700,-57.803073
20244600,-57.795937
20245500,-57.998328
20246400,-63.624625
20247300,-63.73915
20248200,-63.73128
20249100,-63.954456
20250000,-62.191065
20250900,-62.30301
20251800,-62.295317
20252700,-62.513464
20253600,-43.638361
20254500,-43.71691
20255400,-43.711513
20256300,-43.864583
20257200,-32.719571
20258100,-32.778466
20259000,-32.774419
20259900,-32.889189
20260800,-26.437889
20261700,-26.485477
20262600,-26.482207
20263500,-26.574943
20264400,-27.406709
20265300,-27.456041
20266200,-27.452651
20267100,-27.548785
20268000,-26.382498
20268900,-26.429987
20269800,-26.426724
20270700,-26.519266
20271600,-31.684202
20272500,-31.741234
20273400,-31.737315
20274300,-31.848453
20275200,-44.093098
20276100,-44.172466
20277000,-44.167012
20277900,-44.321677
20278800,-56.450955
20279700,-56.552567
20280600,-56.545585
20281500,-56.743597
20282400,-61.311328
20283300,-61.421688
20284200,-61.414105
20285100,-61.629166
20286000,-54.771944
20286900,-54.870534
20287800,-54.863759
20288700,-55.055882
20289600,-33.643125
20290500,-33.703683
20291400,-33.699522
20292300,-33.817532
20293200,-20.148059
20294100,-20.184326
20295000,-20.181834
20295900,-20.252507
20296800,-6.444454
20297700,-6.456054
20298600,-6.455257
20299500,-6.477863
20300400,-3.365857
20301300,-3.371916
20302200,-3.371499
20303100,-3.383306
20304000,-3.105381
20304900,-3.110971
20305800,-3.110587
20306700,-3.121479
20307600,-2.87124
20308500,-2.876408
20309400,-2.876053
20310300,-2.886125
20311200,-3.006268
20312100,-3.011679
20313000,-3.011307
20313900,-3.021853
20314800,-3.00665
20315700,-3.012062
20316600,-3.011691
20317500,-3.022237
20318400,-3.015808
20319300,-3.021236
20320200,-3.020863
20321100,-3.031442
20322000,-5.824095
20322900,-5.834579
20323800,-5.833858
20324700,-5.854287
20325600,-23.272161
20326500,-23.314051
20327400,-23.311173
20328300,-23.392804
20329200,-51.891991
20330100,-51.985397
20331000,-51.978979
20331900,-52.161
20332800,-57.22103
20333700,-55.01661
20334600,-55.009532
20335500,-55.210246
20336400,-53.624334
20337300,-53.725012
20338200,-53.718094
20339100,-56.221704
20340000,-39.246313
20340900,-39.316957
20341800,-39.312103
20342700,-39.449767
20343600,-29.426461
20344500,-29.479429
20345400,-29.475789
20346300,-29.579008
20347200,-23.777008
20348100,-23.819807
20349000,-23.816866
20349900,-23.900269
20350800,-24.64832
20351700,-24.692687
20352600,-24.689638
20353500,-24.776097
20354400,-23.727193
20355300,-23.769902
20356200,-23.766967
20357100,-23.850195
20358000,-28.495298
20358900,-28.54659
20359800,-28.543066
20360700,-28.643018
20361600,-39.655283
20362500,-39.726662
20363400,-39.721758
20364300,-39.860856
20365200,-50.769365
20366100,-50.86075
20367000,-50.854471
20367900,-51.032554
20368800,-55.140558
20369700,-55.239811
20370600,-55.232991
20371500,-55.426407
20372400,-49.25934
20373300,-49.348007
20374200,-49.341915
20375100,-49.514701
20376000,-30.257063
20376900,-30.311526
20377800,-30.307784
20378700,-30.413916
20379600,-18.120228
20380500,-18.152844
20381400,-18.150603
20382300,-18.214163
20383200,-5.795843
20384100,-5.806275
20385000,-5.805558
20385900,-5.825888
20386800,-3.027096
20387700,-3.032544
20388600,-3.03217
20389500,-3.042788
20390400,-2.740892
20391300,-2.745825
20392200,-2.745486
20393100,-2.7551
20394000,-2.534232
20394900,-2.538794
20395800,-2.538481
20396700,-2.54737
20397600,-2.653412
20398500,-2.658188
20399400,-2.65786
20400300,-2.667167
20401200,-2.653749
20402100,-2.658526
20403000,-2.658198
20403900,-2.667506
20404800,-2.661832
20405700,-2.666623
20406600,-2.666294
20407500,-2.675631
20408400,-5.140501
20409300,-5.149754
20410200,-5.149118
20411100,-5.167149
20412000,-20.540626
20412900,-20.577599
20413800,-20.575058
20414700,-20.647108
20415600,-45.801246
20416500,-45.883688
20417400,-45.878023
20418300,-46.03868
20419200,-50.504797
20420100,-50.595706
20421000,-50.589459
20421900,-50.766614
20422800,-49.366847
20423700,-49.455707
20424600,-49.449601
20425500,-49.622765
20426400,-34.639836
20427300,-34.702188
20428200,-34.697903
20429100,-34.819409
20430000,-25.972574
20430900,-26.019325
20431800,-26.016112
20432700,-26.107216
20433600,-20.986217
20434500,-21.023993
20435400,-21.021397
20436300,-21.09501
20437200,-21.75526
20438100,-21.794419
20439000,-21.791729
20439900,-21.868039
20440800,-20.942249
20441700,-20.979945
20442600,-20.977355
20443500,-21.050813
20444400,-25.150705
20445300,-25.195976
20446200,-25.192866
20447100,-25.281087
20448000,-35.000803
20448900,-35.063804
20449800,-35.059475
20450700,-35.182247
20451600,-44.810386
20452500,-44.891045
20453400,-44.885503
20454300,-45.042683
20455200,-48.668517
20456100,-48.75612
20457000,-48.750101
20457900,-48.920815
20458800,-43.477598
20459700,-43.555858
20460600,-43.550481
20461500,-43.702986
20462400,-26.705685
20463300,-26.753756
20464200,-26.750453
20465100,-26.844128
20466000,-15.993393
20466900,-16.022181
20467800,-16.020203
20468700,-16.076303
20469600,-5.115564
20470500,-5.124772
20471400,-5.12414
20472300,-5.142083
20473200,-2.671795
20474100,-2.676604
20475000,-2.676273
20475900,-2.685645
20476800,-2.573272
20477700,-2.577904
20478600,-2.577585
20479500,-2.586612
20480400,-2.379251
20481300,-2.383534
20482200,-2.383239
20483100,-2.391585
20484000,-2.491142
20484900,-2.495626
20485800,-2.495318
20486700,-2.504056
20487600,-2.491459
20488500,-2.495943
20489400,-2.495635
20490300,-2.504374
20491200,-2.499047
20492100,-2.503545
20493000,-2.503236
20493900,-2.512002
20494800,-4.826132
20495700,-4.834819
20496600,-4.834223
20497500,-4.851151
20498400,-19.284459
20499300,-19.319171
20500200,-19.316786
20501100,-19.38443
20502000,-43.000261
20502900,-43.077662
20503800,-43.072343
20504700,-43.223175
20505600,-47.416165
20506500,-47.501515
20507400,-47.49565
20508300,-47.661971
20509200,-46.347807
20510100,-46.431233
20511000,-46.425501
20511900,-46.588074
20512800,-32.521429
20513700,-32.579968
20514600,-32.575946
20515500,-32.690021
20516400,-24.384216
20517300,-24.428107
20518200,-24.425091
20519100,-24.510624
20520000,-19.702801
20520900,-19.738266
20521800,-19.735829
20522700,-19.80494
20523600,-20.424812
20524500,-20.461577
20525400,-20.459051
20526300,-20.530695
20527200,-19.661521
20528100,-19.696912
20529000,-19.69448
20529900,-19.763447
20530800,-23.612608
20531700,-23.655111
20532600,-23.652191
20533500,-23.735016
20534400,-32.860321
20535300,-32.91947
20536200,-32.915406
20537100,-33.030669
20538000,-42.069997
20538900,-42.145724
20539800,-42.14052
20540700,-42.288089
20541600,-45.692183
20542500,-45.77443
20543400,-45.768778
20544300,-45.929052
20545200,-40.818716
20546100,-40.89219
20547000,-40.887142
20547900,-41.030321
20548800,-25.072493
20549700,-25.117624
20550600,-25.114523
20551500,-25.20247
20552400,-15.015314
20553300,-15.042341
20554200,-15.040484
20555100,-15.093153
20556000,-4.802721
20556900,-4.811366
20557800,-4.810772
20558700,-4.827618
20559600,-2.508401
20560500,-2.512916
20561400,-2.512605
20562300,-2.521404
20563200,-3.401838
20564100,-3.407962
20565000,-3.407541
20565900,-3.419474
20566800,-3.145345
20567700,-3.151007
20568600,-3.150618
20569500,-3.16165
20570400,-3.293263
20571300,-3.299191
20572200,-3.298784
20573100,-3.310336
20574000,-3.293682
20574900,-3.299611
20575800,-3.299204
20576700,-3.310757
20577600,-3.303714
20578500,-3.309661
20579400,-3.309252
20580300,-3.320841
20581200,-6.380097
20582100,-6.391581
20583000,-6.390792
20583900,-6.413171
20584800,-25.493854
20585700,-25.539743
20586600,-25.53659
20587500,-25.626015
20588400,-56.845896
20589300,-56.948219
20590200,-56.941188
20591100,-57.140586
20592000,-62.683676
20592900,-62.796507
20593800,-62.788754
20594700,-63.008629
20595600,-61.271317
20596500,-61.381606
20597400,-61.374028
20598300,-61.588948
20599200,-42.99299
20600100,-43.070378
20601000,-43.06506
20601900,-43.215866
20602800,-32.235679
20603700,-32.293703
20604600,-32.289716
20605500,-32.402789
20606400,-26.046897
20607300,-26.093782
20608200,-26.09056
20609100,-26.181925
20610000,-27.001389
20610900,-27.049992
20611800,-27.046652
20612700,-27.141364
20613600,-25.992326
20614500,-26.039112
20615400,-26.035897
20616300,-26.12707
20617200,-31.215622
20618100,-31.27181
20619000,-31.267949
20619900,-31.377444
20620800,-43.441002
20621700,-43.519196
20622600,-43.513823
20623500,-43.666201
20624400,-55.616098
20625300,-55.716207
20626200,-55.709328
20627100,-55.904412
20628000,-60.40459
20628900,-60.513319
20629800,-60.505848
20630700,-60.717728
20631600,-53.961918
20632500,-54.059049
20633400,-54.052375
20634300,-54.241657
20635200,-33.145575
20636100,-33.205237
20637000,-33.201138
20637900,-33.317402
20638800,-19.850088
20639700,-19.885818
20640600,-19.883363
20641500,-19.952991
20642400,-6.349147
20643300,-6.360575
20644200,-6.35979
20645100,-6.382061
20646000,-3.316079
20646900,-3.322048
20647800,-3.321638
20648700,-3.33327
20649600,-3.412975
20650500,-3.419119
20651400,-3.418697
20652300,-3.430668
20653200,-3.155642
20654100,-3.161322
20655000,-3.160932
20655900,-3.172001
20656800,-3.304045
20657700,-3.309992
20658600,-3.309584
20659500,-3.321173
20660400,-3.304465
20661300,-3.310413
20662200,-3.310005
20663100,-3.321596
20664000,-3.31453
20664900,-3.320496
20665800,-3.320086
20666700,-3.331712
20667600,-6.400984
20668500,-6.412505
20669400,-6.411714
20670300,-6.434166
20671200,-25.577315
20672100,-25.623355
20673000,-25.620191
20673900,-25.709908
20674800,-57.031997
20675700,-57.134655
20676600,-57.127601
20677500,-57.327652
20678400,-62.888889
20679300,-63.002089
20680200,-62.994311
20681100,-63.214905
20682000,-61.471906
20682900,-61.582556
20683800,-61.574953
20684700,-61.790577
20685600,-43.13374
20686500,-43.211381
20687400,-43.206046
20688300,-43.357346
20689200,-32.341211
20690100,-32.399426
20691000,-32.395426
20691900,-32.508869
20692800,-26.132169
20693700,-26.179207
20694600,-26.175975
20695500,-26.267638
20696400,-27.089785
20697300,-27.138547
20698200,-27.135197
20699100,-27.230219
20700000,-26.077419
20700900,-26.124358
20701800,-26.121133
20702700,-26.212605
20703600,-31.317815
20704500,-31.374187
20705400,-31.370314
20706300,-31.480167
20707200,-43.583218
20708100,-43.661668
20709000,-43.656278
20709900,-43.809154
20710800,-55.798173
20711700,-55.89861
20712600,-55.891708
20713500,-56.087431
20714400,-60.602341
20715300,-60.711426
20716200,-60.70393
20717100,-60.916505
20718000,-54.138577
20718900,-54.236027
20719800,-54.229331
20720700,-54.419232
20721600,-33.254086
20722500,-33.313944
20723400,-33.309831
20724300,-33.426476
20725200,-19.915073
20726100,-19.95092
20727000,-19.948457
20727900,-20.018313
20728800,-6.369933
20729700,-6.381399
20730600,-6.380611
20731500,-6.402954
20732400,-3.326935
20733300,-3.332924
20734200,-3.332512
20735100,-3.344182
20736000,-3.327193
20736900,-3.333182
20737800,-3.332771
20738700,-3.344441
20739600,-3.076328
20740500,-3.081865
20741400,-3.081485
20742300,-3.092275
20743200,-3.221001
20744100,-3.226798
20745000,-3.2264
20745900,-3.237698
20746800,-3.22141
20747700,-3.227209
20748600,-3.226811
20749500,-3.23811
20750400,-3.231222
20751300,-3.237038
20752200,-3.236639
20753100,-3.247973
20754000,-6.240101
20754900,-6.251333
20755800,-6.250561
20756700,-6.272449
20757600,-24.934452
20758500,-24.979334
20759400,-24.97625
20760300,-25.063712
20761200,-55.598548
20762100,-55.698626
20763000,-55.691749
20763900,-55.886771
20764800,-61.308231
20765700,-61.418586
20766600,-61.411004
20767500,-61.626054
20768400,-59.926863
20769300,-60.034732
20770200,-60.02732
20771100,-57.930106
20772000,-37.280999
20772900,-34.736763
20773800,-34.731563
20774700,-32.09544
20775600,-21.356186
20776500,-18.460664
20777400,-18.456765
20778300,-18.567356
20779200,-12.35093
20780100,-12.396786
20781000,-12.393635
20781900,-12.482994
20782800,-13.284477
20783700,-13.332014
20784600,-13.328747
20785500,-13.421381
20786400,-12.297556
20787300,-15.295588
20788200,-15.292444
20789100,-18.165237
20790000,-23.142132
20790900,-25.817013
20791800,-28.274429
20792700,-30.68894
20793600,-42.487792
20794500,-42.56427
20795400,-42.559015
20796300,-42.708049
20797200,-54.395734
20798100,-54.493647
20799000,-54.486919
20799900,-54.677722
20800800,-59.079154
20801700,-59.185497
20802600,-59.17819
20803500,-59.385421
20804400,-52.777851
20805300,-52.872852
20806200,-52.866324
20807100,-53.051452
20808000,-32.418274
20808900,-32.476627
20809800,-32.472617
20810700,-32.58633
20811600,-19.414525
20812500,-19.449471
20813400,-19.44707
20814300,-19.51517
20815200,-6.20983
20816100,-6.221008
20817000,-6.22024
20817900,-6.242022
20818800,-3.243316
20819700,-3.249154
20820600,-3.248753
20821500,-3.260129
20822400,-3.454751
20823300,-3.46097
20824200,-3.460542
20825100,-3.472661
20826000,-3.194268
20826900,-3.200018
20827800,-3.199623
20828700,-3.210827
20829600,-3.344487
20830500,-3.350507
20831400,-3.350094
20832300,-3.361825
20833200,-3.344913
20834100,-3.350934
20835000,-3.35052
20835900,-3.362253
20836800,-3.355101
20837700,-3.36114
20838600,-3.360725
20839500,-3.372493
20840400,-6.479334
20841300,-6.490996
20842200,-6.490195
20843100,-6.512923
20844000,-25.890389
20844900,-25.936992
20845800,-25.93379
20846700,-26.024605
20847600,-57.730085
20848500,-57.834
20849400,-57.82686
20850300,-58.029359
20851200,-63.658667
20852100,-63.773253
20853000,-63.765379
20853900,-63.988674
20854800,-62.22434
20855700,-62.336344
20856600,-62.328648
20857500,-62.546911
20858400,-43.661709
20859300,-43.740301
20860200,-43.7349
20861100,-43.888052
20862000,-32.737077
20862900,-32.796004
20863800,-32.791955
20864700,-32.906786
20865600,-26.452034
20866500,-26.499648
20867400,-26.496376
20868300,-26.589162
20869200,-27.421372
20870100,-27.470731
20871000,-27.467339
20871900,-27.563525
20872800,-26.396614
20873700,-26.444128
20874600,-26.440863
20875500,-26.533454
20876400,-31.701154
20877300,-31.758216
20878200,-31.754295
20879100,-31.865493
20880000,-44.116689
20880900,-44.1961
20881800,-44.190643
20882700,-44.345391
20883600,-56.481158
20884500,-56.582825
20885400,-56.575839
20886300,-56.773957
20887200,-61.344131
20888100,-61.454551
20889000,-61.446964
20889900,-61.66214
20890800,-54.801249
20891700,-54.899891
20892600,-54.893113
20893500,-55.085339
20894400,-33.661126
20895300,-33.721716
20896200,-33.717553
20897100,-33.835625
20898000,-20.158839
20898900,-20.195125
20899800,-20.192632
20900700,-20.263343
20901600,-6.447902
20902500,-6.459509
20903400,-6.458711
20904300,-6.481328
20905200,-3.367658
20906100,-3.37372
20907000,-3.373303
20907900,-3.385116
20908800,-3.107043
20909700,-3.112635
20910600,-3.112251
20911500,-3.12315
20912400,-2.872776
20913300,-2.877947
20914200,-2.877592
20915100,-2.887669
20916000,-3.007876
20916900,-3.013291
20917800,-3.012919
20918700,-3.023469
20919600,-3.008259
20920500,-3.013674
20921400,-3.013302
20922300,-3.023854
20923200,-3.017421
20924100,-3.022853
20925000,-3.02248
20925900,-3.033064
20926800,-5.827211
20927700,-5.8377
20928600,-5.83698
20929500,-5.85742
20930400,-23.284612
20931300,-23.326525
20932200,-23.323645
20933100,-23.40532
20934000,-51.919755
20934900,-52.013211
20935800,-52.00679
20936700,-52.188908
20937600,-57.251646
20938500,-57.354699
20939400,-55.040199
20940300,-52.779827
20941200,-48.573142
20942100,-45.890253
20943000,-45.883332
20943900,-43.127355
20944800,-26.142882
20945700,-26.213563
20946600,-23.082818
20947500,-23.220556
20948400,-13.191887
20949300,-9.940421
20950200,-9.936779
20951100,-10.040053
20952000,-4.234949
20952900,-0.789773
20953800,-0.786830000000002
20954700,-0.870277000000002
20955600,-1.618729
20956500,-1.663119
20957400,-1.660069
20958300,-1.746574
20959200,2.979385
20960100,2.936653
20961000,2.93959
20961900,2.856318
20962800,-1.791271
20963700,-5.519085
20964600,-9.003556
20965500,-12.408025
20966400,-26.55207
20967300,-37.440499
20968200,-39.74301
20969100,-39.882183
20970000,-50.796528
20970900,-50.887962
20971800,-50.88168
20972700,-51.059858
20973600,-55.17006
20974500,-55.269367
20975400,-55.262543
20976300,-55.456063
20977200,-49.285696
20978100,-49.37441
20979000,-49.368314
20979900,-49.541193
20980800,-30.273252
20981700,-30.327744
20982600,-30.324
20983500,-30.430189
20984400,-15.822504
20985300,-13.393945
20986200,-7.988158
20987100,-5.099479
20988000,10.451374
20988900,10.440936
20989800,10.441653
20990700,7.295424
20991600,10.095715
20992500,10.090263
20993400,10.090638
20994300,10.080014
20995200,-0.434939
20996100,-2.747294
20997000,-2.746955
20997900,-2.756574
20998800,-2.535588
20999700,-2.540152
21000600,-2.539839
21001500,-2.548733
21002400,-2.654831
21003300,-2.65961
21004200,-2.659282
21005100,-2.668594
21006000,-2.655169
21006900,-2.659949
21007800,-2.65962
21008700,-2.668934
21009600,-2.663256
21010500,-2.66805
21011400,-2.667721
21012300,-2.677062
21013200,-5.143251
21014100,-5.152509
21015000,-5.151873
21015900,-5.169914
21016800,-20.551616
21017700,-20.588609
21018600,-20.586067
21019500,-20.658155
21020400,-45.825751
21021300,-45.908238
21022200,-45.90257
21023100,-46.063312
21024000,-50.531819
21024900,-50.622776
21025800,-50.616526
21026700,-50.793776
21027600,-49.39326
21028500,-49.482168
21029400,-49.476059
21030300,-49.649315
21031200,-34.658369
21032100,-34.720754
21033000,-34.716468
21033900,-34.838039
21034800,-25.98647
21035700,-26.033246
21036600,-26.030032
21037500,-26.121184
21038400,-18.690027
21039300,-18.727822
21040200,-18.725225
21041100,-16.337685
21042000,-16.998288
21042900,-17.037468
21043800,-17.034776
21044700,-17.111128
21045600,-13.564916
21046500,-16.222558
21047400,-16.219966
21048300,-16.293464
21049200,-20.39555
21050100,-20.440845
21051000,-20.437733
21051900,-22.987194
21052800,-32.71211
21053700,-35.082565
21054600,-35.078233
21055500,-35.201071
21056400,-44.834361
21057300,-44.915063
21058200,-44.909518
21059100,-45.066783
21060000,-48.694556
21060900,-48.782207
21061800,-48.776184
21062700,-48.946989
21063600,-43.50086
21064500,-43.579162
21065400,-43.573782
21066300,-43.726369
21067200,-26.719974
21068100,-26.76807
21069000,-26.764765
21069900,-26.85849
21070800,-16.00195
21071700,-16.030754
21072600,-16.028775
21073500,-16.084904
21074400,-5.118301
21075300,-5.127514
21076200,-5.126881
21077100,-5.144835
21078000,-2.673224
21078900,-2.678036
21079800,-2.677705
21080700,-2.687082
21081600,-2.574649
21082500,-2.579283
21083400,-2.578965
21084300,-2.587996
21085200,-2.380524
21086100,-2.384809
21087000,-2.384514
21087900,-2.392865
21088800,-2.492475
21089700,-2.496961
21090600,-2.496653
21091500,-2.505396
21092400,-2.492792
21093300,-2.497279
21094200,-2.49697
21095100,-2.505714
21096000,-2.500384
21096900,-2.504885
21097800,-2.504576
21098700,-2.513346
21099600,-4.828715
21100500,-4.837406
21101400,-4.836809
21102300,-4.853747
21103200,-19.294777
21104100,-19.329508
21105000,-19.327121
21105900,-19.394802
21106800,-43.023268
21107700,-43.10071
21108600,-43.095388
21109500,-43.246301
21110400,-47.441535
21111300,-47.52693
21112200,-47.521062
21113100,-47.687472
21114000,-46.372605
21114900,-46.456076
21115800,-46.45034
21116700,-46.613001
21117600,-32.538829
21118500,-32.597399
21119400,-32.593375
21120300,-32.707511
21121200,-24.397262
21122100,-24.441177
21123000,-24.43816
21123900,-24.523738
21124800,-19.713343
21125700,-19.748827
21126600,-19.746388
21127500,-19.815537
21128400,-20.43574
21129300,-20.472525
21130200,-20.469997
21131100,-20.541679
21132000,-19.672041
21132900,-19.70745
21133800,-19.705017
21134700,-19.774021
21135600,-23.625242
21136500,-23.667768
21137400,-23.664845
21138300,-23.747716
21139200,-32.877903
21140100,-32.937083
21141000,-32.933017
21141900,-33.048342
21142800,-42.092506
21143700,-42.168273
21144600,-42.163067
21145500,-42.310714
21146400,-45.71663
21147300,-45.798921
21148200,-45.793266
21149100,-45.953626
21150000,-40.840556
21150900,-40.914069
21151800,-40.909018
21152700,-41.052274
21153600,-25.085908
21154500,-25.131063
21155400,-25.12796
21156300,-25.215954
21157200,-15.023348
21158100,-15.05039
21159000,-15.048531
21159900,-15.101229
21160800,-4.80529
21161700,-4.81394
21162600,-4.813346
21163500,-4.830201
21164400,-2.509743
21165300,-2.51426
21166200,-2.51395
21167100,-2.522753
21168000,-3.492298
21168900,-3.498584
21169800,-3.498152
21170700,-3.510402
21171600,-3.228984
21172500,-3.234796
21173400,-3.234396
21174300,-3.245723
21175200,-3.380836
21176100,-3.386921
21177000,-3.386503
21177900,-3.398362
21178800,-3.381266
21179700,-3.387352
21180600,-3.386934
21181500,-3.398794
21182400,-3.391564
21183300,-3.397669
21184200,-3.397249
21185100,-3.409146
21186000,-6.549752
21186900,-6.561541
21187800,-6.560731
21188700,-6.583706
21189600,-26.171768
21190500,-26.218878
21191400,-26.215641
21192300,-26.307443
21193200,-58.357502
21194100,-58.462546
21195000,-58.455328
21195900,-53.891416
21196800,-56.961978
21197700,-54.29419
21198600,-54.286231
21199500,-54.511952
21200400,-52.728443
21201300,-52.841665
21202200,-52.833885
21203100,-53.054521
21204000,-33.964072
21204900,-34.043518
21205800,-34.038059
21206700,-34.192875
21207600,-22.92071
21208500,-22.980277
21209400,-22.976184
21210300,-23.092264
21211200,-16.567361
21212100,-19.399112
21213000,-19.395805
21213900,-19.489599
21214800,-20.330853
21215700,-20.380749
21216600,-20.37732
21217500,-23.094476
21218400,-21.914883
21219300,-21.962913
21220200,-24.420806
21221100,-24.514404
21222000,-29.738266
21222900,-32.103368
21223800,-32.099404
21224700,-32.211811
21225600,-44.596154
21226500,-44.676427
21227400,-44.670911
21228300,-44.827341
21229200,-57.095001
21230100,-57.197773
21231000,-57.190711
21231900,-57.390982
21232800,-62.010826
21233700,-62.122445
21234600,-62.114776
21235500,-62.33229
21236400,-55.396834
21237300,-55.496549
21238200,-55.489697
21239100,-55.684012
21240000,-34.026958
21240900,-34.088207
21241800,-34.083998
21242700,-34.203354
21243600,-20.377928
21244500,-20.414608
21245400,-20.412087
21246300,-20.483567
21247200,-6.517979
21248100,-6.529711
21249000,-6.528905
21249900,-6.551768
21250800,-3.404258
21251700,-3.410386
21252600,-3.409965
21253500,-3.421906
21254400,-3.503731
21255300,-3.510037
21256200,-3.509604
21257100,-3.521894
21258000,-3.239555
21258900,-3.245386
21259800,-3.244985
21260700,-3.256349
21261600,-3.391904
21262500,-3.398009
21263400,-3.39759
21264300,-3.409487
21265200,-3.392335
21266100,-3.398441
21267000,-3.398022
21267900,-3.409921
21268800,-3.402667
21269700,-3.408792
21270600,-3.408371
21271500,-3.420307
21272400,-6.571194
21273300,-6.583022
21274200,-6.582209
21275100,-6.605259
21276000,-26.257449
21276900,-26.304713
21277800,-26.301465
21278700,-26.393568
21279600,-58.548551
21280500,-58.653939
21281400,-53.878086
21282300,-48.679911
21283200,-48.310867
21284100,-48.427077
21285000,-45.114629
21285900,-41.853092
21286800,-40.063744
21287700,-36.500842
21288600,-36.493037
21289500,-32.844445
21290400,-13.691498
21291300,-9.702838
21292200,-9.697361
21293100,-5.58094
21294000,10.208208
21294900,14.841825
21295800,19.757568
21296700,19.641109
21297600,31.322229
21298500,36.636974
21299400,42.236467
21300300,42.142366
21301200,47.132631
21302100,47.082573
21303000,53.163347
21303900,53.065797
21304800,54.249252
21305700,54.201064
21306600,54.204376
21307500,54.110472
21308400,48.869507
21309300,42.734302
21310200,42.738278
21311100,36.79123
21312000,24.366343
21312900,13.326598
21313800,3.285639
21314700,-6.044763
21315600,-26.692695
21316500,-30.665752
21317400,-37.82316
21318300,-44.454438
21319200,-52.041678
21320100,-54.937284
21321000,-54.929589
21321900,-55.147816
21322800,-50.809579
21323700,-50.90962
21324600,-53.363939
21325500,-53.55889
21326400,-34.138355
21327300,-34.199804
21328200,-34.195582
21329100,-34.315329
21330000,-20.44464
21330900,-20.481441
21331800,-20.478912
21332700,-20.550626
21333600,-6.539317
21334500,-6.551088
21335400,-6.550279
21336300,-6.573217
21337200,-3.415403
21338100,-3.421551
21339000,-3.421128
21339900,-3.433108
21340800,-3.415668
21341700,-3.421816
21342600,-3.421393
21343500,-3.433374
21344400,-3.158131
21345300,-3.163816
21346200,-3.163425
21347100,-3.174503
21348000,-3.306651
21348900,-3.312603
21349800,-3.312194
21350700,-3.323793
21351600,-3.307072
21352500,-3.313025
21353400,-3.312616
21354300,-3.324216
21355200,-3.317144
21356100,-3.323115
21357000,-3.322705
21357900,-3.33434
21358800,-6.406033
21359700,-6.417564
21360600,-6.416771
21361500,-6.439242
21362400,-25.597491
21363300,-23.336148
21364200,-20.871789
21365100,-18.341652
21366000,-46.904828
21366900,-44.055294
21367800,-40.922346
21368700,-37.818091
21369600,-39.895717
21370500,-40.009006
21371400,-36.324728
21372300,-36.545497
21373200,-30.931172
21374100,-31.041909
21375000,-26.965934
21375900,-27.181729
21376800,-4.238431
21377700,-4.316133
21378600,0.169286999999997
21379500,0.017868
21380400,11.042692
21381300,15.67781
21382200,15.681814
21383100,20.479918
21384000,26.861648
21384900,26.814573
21385800,31.952663
21386700,31.860927
21387600,36.401166
21388500,36.352366
21389400,36.355719
21390300,41.856796
21391200,43.010506
21392100,42.96353
21393000,42.966757
21393900,42.875214
21394800,43.60025
21395700,37.709559
21396600,37.713436
21397500,37.603496
21398400,25.490898
21399300,19.816211
21400200,14.458572
21401100,4.259082
21402000,-12.432773
21402900,-21.285114
21403800,-32.893017
21404700,-43.007243
21405600,-53.261608
21406500,-58.451897
21407400,-60.751814
21408300,-60.964556
21409200,-54.181282
21410100,-54.278808
21411000,-54.272107
21411900,-54.462158
21412800,-33.280317
21413700,-33.340222
21414600,-33.336106
21415500,-33.452843
21416400,-19.930782
21417300,-19.966658
21418200,-19.964193
21419100,-20.034104
21420000,-6.374957
21420900,-6.386432
21421800,-6.385644
21422700,-6.408005
21423600,-3.32956
21424500,-3.335553
21425400,-3.335141
21426300,-3.34682
21427200,-3.546617
21428100,-3.553001
21429000,-3.552563
21429900,-3.565003
21430800,-3.279208
21431700,-3.28511
21432600,-3.284705
21433500,-3.296207
21434400,-3.433422
21435300,-3.439602
21436200,-3.439177
21437100,-3.45122
21438000,-3.433858
21438900,-3.440039
21439800,-3.439615
21440700,-3.45166
21441600,-3.444317
21442500,-3.450517
21443400,-3.450091
21444300,-3.462172
21445200,-6.651627
21446100,-6.6636
21447000,-6.662778
21447900,-6.686109
21448800,-26.578848
21449700,-26.62669
21450600,-26.623402
21451500,-26.716633
21452400,-59.265203
21453300,-59.37188
21454200,-59.36455
21455100,-59.572434
21456000,-65.351432
21456900,-65.469065
21457800,-65.460982
21458700,-65.690215
21459600,-63.878965
21460500,-63.993947
21461400,-63.986046
21462300,-64.210114
21463200,-44.82273
21464100,-44.903411
21465000,-44.897867
21465900,-45.055092
21466800,-33.607598
21467700,-33.668092
21468600,-33.663935
21469500,-33.78182
21470400,-27.155428
21471300,-27.204308
21472200,-27.200949
21473100,-27.296202
21474000,-28.150542
21474900,-28.201213
21475800,-28.197731
21476700,-28.296474
21477600,-27.098534
21478500,-27.147311
21479400,-27.14396
21480300,-27.239013
21481200,-32.544129
21482100,-32.602708
21483000,-32.598683
21483900,-32.712838
21484800,-45.289809
21485700,-45.371331
21486600,-45.365729
21487500,-45.524592
21488400,-57.983065
21489300,-58.087435
21490200,-58.080263
21491100,-58.28365
21492000,-62.975351
21492900,-63.088707
21493800,-63.080918
21494700,-63.301816
21495600,-56.258484
21496500,-56.35975
21497400,-56.352792
21498300,-56.550129
21499200,-34.556218
21500100,-34.61842
21501000,-34.614146
21501900,-34.735358
21502800,-20.694889
21503700,-20.73214
21504600,-20.72958
21505500,-20.802171
21506400,-6.61936
21507300,-6.631275
21508200,-6.630457
21509100,-6.653675
21510000,-3.457208
21510900,-3.463431
21511800,-3.463004
21512700,-3.475131
21513600,-3.189663
21514500,-3.195404
21515400,-3.19501
21516300,-3.206198
21517200,-2.949167
21518100,-2.954476
21519000,-2.954111
21519900,-2.964456
21520800,-3.08786
21521700,-3.093418
21522600,-3.093036
21523500,-3.103867
21524400,-3.088253
21525300,-3.093812
21526200,-3.09343
21527100,-3.104262
21528000,-3.097659
21528900,-3.103234
21529800,-3.102851
21530700,-3.113717
21531600,-5.982164
21532500,-5.992932
21533400,-5.992192
21534300,-6.013176
21535200,-23.90378
21536100,-23.946807
21537000,-23.943851
21537900,-24.027698
21538800,-53.300368
21539700,-53.396309
21540600,-53.389717
21541500,-53.576678
21542400,-58.77404
21543300,-58.879834
21544200,-58.872565
21545100,-59.078726
21546000,-57.449772
21546900,-57.553182
21547800,-57.546076
21548700,-57.747592
21549600,-40.31148
21550500,-40.384041
21551400,-40.379055
21552300,-40.520455
21553200,-30.225111
21554100,-30.279517
21555000,-30.275778
21555900,-30.381799
21556800,-24.42233
21557700,-24.46629
21558600,-24.463269
21559500,-24.548935
21560400,-25.317289
21561300,-25.36286
21562200,-25.359729
21563100,-25.448534
21564000,-24.371162
21564900,-24.41503
21565800,-24.412016
21566700,-24.497502
21567600,-29.268676
21568500,-29.32136
21569400,-29.31774
21570300,-29.420406
21571200,-40.731549
21572100,-40.804866
21573000,-40.799828
21573900,-40.942701
21574800,-52.147273
21575700,-52.241139
21576600,-52.234689
21577500,-52.417605
21578400,-56.637103
21579300,-56.73905
21580200,-56.732045
21581100,-56.93071
21582000,-50.596266
21582900,-50.687339
21583800,-50.681081
21584700,-50.858557
21585600,-31.078256
21586500,-31.134198
21587400,-31.130354
21588300,-31.239366
21589200,-18.612021
21590100,-18.645523
21591000,-18.643221
21591900,-18.708506
21592800,-5.953145
21593700,-5.963861
21594600,-5.963124
21595500,-5.984006
21596400,-3.109253
21597300,-3.114849
21598200,-3.114465
21599100,-3.125371
21600000,-2.815281
21600900,-2.820348
21601800,-2.82
21602700,-2.829875
21603600,-2.603013
21604500,-2.607698
21605400,-2.607376
21606300,-2.616507
21607200,-2.725427
21608100,-2.730333
21609000,-2.729995
21609900,-2.739555
21610800,-2.725774
21611700,-2.73068
21612600,-2.730343
21613500,-2.739904
21614400,-2.734076
21615300,-2.738997
21616200,-2.738659
21617100,-2.748249
21618000,-5.280017
21618900,-5.289521
21619800,-5.288868
21620700,-5.307388
21621600,-21.098109
21622500,-21.136086
21623400,-21.133477
21624300,-18.900063
21625200,-42.275705
21626100,-39.74046
21627000,-36.951021
21627900,-34.163765
21628800,-35.625207
21629700,-32.41412
21630600,-32.407704
21631500,-29.101669
21632400,-27.663911
21633300,-27.755183
21634200,-27.748912
21635100,-31.414773
21636000,-16.025199
21636900,-16.089243
21637800,-19.389305
21638700,-19.514109
21639600,-13.553054
21640500,-13.601073
21641400,-13.597774
21642300,-13.69135
21643200,-8.431365
21644100,-8.470165
21645000,-11.419772
21645900,-11.495383
21646800,-12.173552
21647700,-12.213775
21648600,-12.211011
21649500,-15.073013
21650400,-14.122096
21651300,-14.160815
21652200,-16.778079
21653100,-16.853532
21654000,-21.064697
21654900,-23.57239
21655800,-25.876614
21656700,-25.967229
21657600,-35.950744
21658500,-36.015455
21659400,-36.011009
21660300,-36.137113
21661200,-46.026564
21662100,-46.109412
21663000,-46.10372
21663900,-46.265167
21664800,-49.989407
21665700,-50.079388
21666600,-50.073205
21667500,-50.248553
21668400,-44.657604
21669300,-44.737988
21670200,-44.732464
21671100,-44.889109
21672000,-27.430492
21672900,-27.479867
21673800,-27.476474
21674700,-27.572692
21675600,-16.427463
21676500,-16.457032
21677400,-16.455
21678300,-16.512623
21679200,-5.254403
21680100,-5.263861
21681000,-5.263212
21681900,-5.281642
21682800,-2.744309
21683700,-2.749248
21684600,-2.748909
21685500,-2.758535
21686400,-2.643112
21687300,-2.647869
21688200,-2.647542
21689100,-2.656814
21690000,-2.443825
21690900,-2.448224
21691800,-2.447922
21692700,-2.456494
21693600,-2.558753
21694500,-2.563359
21695400,-2.563042
21696300,-2.572017
21697200,-2.559078
21698100,-2.563685
21699000,-2.563368
21699900,-2.572345
21700800,-2.566873
21701700,-2.571493
21702600,-2.571175
21703500,-2.580179
21704400,-4.957116
21705300,-4.966039
21706200,-4.965426
21707100,-4.982814
21708000,-19.80785
21708900,-19.843504
21709800,-19.841054
21710700,-19.910534
21711600,-44.167312
21712500,-44.246813
21713400,-44.24135
21714300,-44.396275
21715200,-48.703066
21716100,-48.790732
21717000,-48.784708
21717900,-48.955543
21718800,-47.605712
21719700,-47.691402
21720600,-47.685514
21721500,-47.8525
21722400,-33.404079
21723300,-33.464206
21724200,-33.460075
21725100,-33.577246
21726000,-25.046017
21726900,-25.0911
21727800,-25.088002
21728700,-25.175855
21729600,-20.237546
21730500,-20.273973
21731400,-20.27147
21732300,-20.342457
21733200,-20.979153
21734100,-21.016915
21735000,-21.014321
21735900,-21.087909
21736800,-20.195145
21737700,-20.231497
21738600,-20.228999
21739500,-20.299837
21740400,-24.253467
21741300,-24.297124
21742200,-24.294124
21743100,-24.379198
21744000,-33.752168
21744900,-33.812922
21745800,-33.808748
21746700,-33.92714
21747600,-43.2118
21748500,-43.289582
21749400,-43.284237
21750300,-43.435811
21751200,-46.932294
21752100,-47.016773
21753000,-47.010968
21753900,-47.175592
21754800,-41.926559
21755700,-42.002027
21756600,-41.996841
21757500,-42.143907
21758400,-25.752975
21759300,-25.79933
21760200,-25.796145
21761100,-25.886478
21762000,-15.422838
21762900,-15.450599
21763800,-15.448691
21764700,-15.50279
21765600,-4.933069
21766500,-4.941949
21767400,-4.941339
21768300,-4.958642
21769200,-2.57648
21770100,-2.581118
21771000,-2.580799
21771900,-2.589836
21772800,-3.4217
21773700,-3.427859
21774600,-3.427436
21775500,-3.439438
21776400,-3.163709
21777300,-3.169404
21778200,-3.169013
21779100,-3.18011
21780000,-3.312491
21780900,-3.318454
21781800,-3.318044
21782700,-3.329663
21783600,-3.312913
21784500,-3.318876
21785400,-3.318466
21786300,-3.330087
21787200,-3.323003
21788100,-3.328984
21789000,-3.328573
21789900,-3.34023
21790800,-6.417347
21791700,-6.428898
21792600,-6.428105
21793500,-6.450615
21794400,-25.642701
21795300,-25.688859
21796200,-25.685687
21797100,-25.775634
21798000,-57.177795
21798900,-57.280715
21799800,-57.273643
21800700,-57.474205
21801600,-63.049658
21802500,-63.163148
21803400,-63.15535
21804300,-63.376508
21805200,-61.629053
21806100,-61.739986
21807000,-61.732363
21807900,-61.948539
21808800,-43.244007
21809700,-43.321847
21810600,-43.316498
21811500,-43.468185
21812400,-32.423889
21813300,-32.482252
21814200,-32.478242
21815100,-32.591974
21816000,-26.198974
21816900,-26.246132
21817800,-26.242891
21818700,-26.334789
21819600,-27.159038
21820500,-27.207924
21821400,-27.204565
21822300,-27.299831
21823200,-26.144083
21824100,-26.191143
21825000,-26.187909
21825900,-26.279615
21826800,-31.397876
21827700,-31.454393
21828600,-31.450509
21829500,-31.560643
21830400,-43.694635
21831300,-43.773285
21832200,-43.767881
21833100,-43.921148
21834000,-55.940816
21834900,-56.041509
21835800,-56.03459
21836700,-56.230813
21837600,-60.757266
21838500,-60.866629
21839400,-60.859114
21840300,-61.072232
21841200,-54.276977
21842100,-54.374676
21843000,-54.367963
21843900,-54.55835
21844800,-33.339097
21845700,-33.399108
21846600,-33.394984
21847500,-33.511928
21848400,-19.965984
21849300,-20.001923
21850200,-19.999454
21851100,-20.069488
21852000,-6.386217
21852900,-6.397712
21853800,-6.396922
21854700,-6.419323
21855600,-3.33544
21856500,-3.341444
21857400,-3.341032
21858300,-3.352731
21859200,-3.432902
21860100,-3.439081
21861000,-3.438657
21861900,-3.450698
21862800,-3.174066
21863700,-3.17978
21864600,-3.179387
21865500,-3.190521
21866400,-3.323336
21867300,-3.329318
21868200,-3.328907
21869100,-3.340564
21870000,-3.323759
21870900,-3.329741
21871800,-3.32933
21872700,-3.340989
21873600,-3.333882
21874500,-3.339883
21875400,-3.33947
21876300,-3.351165
21877200,-6.438356
21878100,-6.449945
21879000,-6.449149
21879900,-6.471733
21880800,-25.72665
21881700,-25.772958
21882600,-25.769776
21883500,-25.860017
21884400,-57.364982
21885300,-57.468239
21886200,-57.461144
21887100,-57.662363
21888000,-63.256069
21888900,-63.36993
21889800,-63.362107
21890700,-63.583989
21891600,-57.062201
21892500,-54.553572
21893400,-51.762305
21894300,-45.901027
21895200,-23.830798
21896100,-16.7444
21897000,-12.869084
21897900,-8.952901
21898800,6.399296
21899700,10.820822
21900600,15.518225
21901500,15.40412
21902400,26.729687
21903300,26.682374
21904200,21.773988
21905100,21.681789
21906000,20.854842
21906900,16.112417
21907800,11.635706
21908700,11.540129
21909600,8.427916
21910500,4.312336
21911400,0.445630000000001
21912300,0.353625000000001
21913200,-8.457887
21914100,-12.002586
21915000,-18.429041
21915900,-21.491809
21916800,-36.449144
21917700,-43.916589
21918600,-43.911167
21919500,-44.064936
21920400,-56.123954
21921300,-56.224977
21922200,-56.218035
21923100,-56.414901
21924000,-60.956172
21924900,-61.065893
21925800,-61.058354
21926700,-61.272169
21927600,-54.454668
21928500,-54.552687
21929400,-54.545952
21930300,-54.736962
21931200,-33.448242
21932100,-33.508449
21933000,-33.504312
21933900,-33.621638
21934800,-20.031348
21935700,-20.067405
21936600,-20.064927
21937500,-20.135191
21938400,-6.407124
21939300,-6.418657
21940200,-6.417864
21941100,-6.440338
21942000,-3.34636
21942900,-3.352383
21943800,-3.35197
21944700,-3.363708
21945600,-3.346619
21946500,-3.352643
21947400,-3.352229
21948300,-3.363968
21949200,-3.094289
21950100,-3.099859
21951000,-3.099476
21951900,-3.11033
21952800,-3.239807
21953700,-3.245638
21954600,-3.245238
21955500,-3.256602
21956400,-3.240219
21957300,-3.246051
21958200,-3.24565
21959100,-3.257016
21960000,-3.250088
21960900,-3.255938
21961800,-3.255536
21962700,-3.266936
21963600,-6.276534
21964500,-6.287832
21965400,-6.287055
21966300,-6.309071
21967200,-25.080033
21968100,-22.817758
21969000,-20.353463
21969900,-20.441436
21970800,-48.534626
21971700,-45.851668
21972600,-45.844751
21973500,-43.08864
21974400,-45.415865
21975300,-42.222401
21976200,-42.214774
21977100,-38.943082
21978000,-33.557477
21978900,-29.796025
21979800,-25.720204
21980700,-25.931636
21981600,-3.365787
21982500,-3.441919
21983400,1.043394
21984300,0.895035999999998
21985200,11.696991
21986100,11.639908
21987000,11.643831
21987900,7.052512
21988800,13.305234
21989700,13.25911
21990600,8.990536
21991500,8.900654
21992400,8.094492
21993300,3.978312
21994200,0.111647000000001
21995100,0.0184720000000027
21996000,-2.527634
21996900,-6.061659
21997800,-6.058497
21998700,-9.452653
21999600,-17.584494
22000500,-20.592043
22001400,-25.99179
22002300,-28.560701
22003200,-42.735859
22004100,-42.812784
22005000,-42.807498
22005900,-42.957403
22006800,-54.713327
22007700,-54.811811
22008600,-54.805044
22009500,-54.996961
22010400,-59.424091
22011300,-59.531055
22012200,-59.523705
22013100,-59.732147
22014000,-53.085998
22014900,-53.181553
22015800,-53.174987
22016700,-53.361196
22017600,-32.60755
22018500,-32.666244
22019400,-32.66221
22020300,-32.776588
22021200,-19.527878
22022100,-19.563028
22023000,-19.560613
22023900,-19.629111
22024800,-6.246086
22025700,-6.257329
22026600,-6.256557
22027500,-6.278466
22028400,-3.262252
22029300,-3.268124
22030200,-3.267721
22031100,-3.279164
22032000,-3.474922
22032900,-3.481177
22033800,-3.480747
22034700,-3.492936
22035600,-3.212918
22036500,-3.218701
22037400,-3.218304
22038300,-3.229574
22039200,-3.364014
22040100,-3.37007
22041000,-3.369653
22041900,-3.381453
22042800,-3.364442
22043700,-3.370498
22044600,-3.370082
22045500,-3.381884
22046400,-3.37469
22047300,-3.380764
22048200,-3.380347
22049100,-3.392184
22050000,-6.517164
22050900,-6.528894
22051800,-6.528088
22052700,-6.550949
22053600,-26.041552
22054500,-26.088427
22055400,-26.085206
22056300,-26.176551
22057200,-58.067146
22058100,-58.171667
22059000,-58.164485
22059900,-58.368167
22060800,-64.030342
22061700,-64.145597
22062600,-64.137677
22063500,-64.362276
22064400,-62.58764
22065300,-62.700298
22066200,-62.692557
22067100,-62.912095
22068000,-43.916631
22068900,-43.995681
22069800,-43.990249
22070700,-44.144295
22071600,-32.928214
22072500,-32.987485
22073400,-32.983413
22074300,-33.098915
22075200,-26.606476
22076100,-26.654368
22077000,-26.651077
22077900,-26.744404
22078800,-27.581474
22079700,-27.63112
22080600,-27.627709
22081500,-27.724456
22082400,-26.550732
22083300,-26.598524
22084200,-26.59524
22085100,-26.688371
22086000,-31.886243
22086900,-31.943639
22087800,-31.939695
22088700,-32.051542
22089600,-44.374267
22090500,-44.454141
22091400,-44.448653
22092300,-44.604304
22093200,-56.810927
22094100,-56.913187
22095000,-56.90616
22095900,-57.105435
22096800,-61.702293
22097700,-61.813357
22098600,-61.805726
22099500,-62.022158
22100400,-55.121209
22101300,-55.220428
22102200,-55.21361
22103100,-55.406958
22104000,-33.857658
22104900,-33.918602
22105800,-33.914415
22106700,-34.033177
22107600,-20.276538
22108500,-20.313036
22109400,-20.310528
22110300,-20.381652
22111200,-6.485549
22112100,-6.497223
22113000,-6.496421
22113900,-6.51917
22114800,-3.38732
22115700,-3.393418
22116600,-3.392999
22117500,-3.40488
22118400,-3.125183
22119300,-3.130809
22120200,-3.130422
22121100,-3.141384
22122000,-2.889549
22122900,-2.89475
22123800,-2.894393
22124700,-2.904529
22125600,-3.025438
22126500,-3.030884
22127400,-3.03051
22128300,-3.041122
22129200,-3.025823
22130100,-3.03127
22131000,-3.030895
22131900,-3.041509
22132800,-3.035039
22133700,-3.040502
22134600,-3.040127
22135500,-3.050773
22136400,-5.861234
22137300,-5.871784
22138200,-5.871059
22139100,-5.891619
22140000,-23.420561
22140900,-23.462718
22141800,-23.459821
22142700,-23.541973
22143600,-52.222892
22144500,-52.316893
22145400,-52.310434
22146300,-52.493616
22147200,-57.585913
22148100,-57.689568
22149000,-57.682445
22149900,-57.884439
22150800,-56.288414
22151700,-56.389734
22152600,-56.382772
22153500,-56.580214
22154400,-39.496576
22155300,-39.56767
22156200,-39.562785
22157100,-39.701327
22158000,-29.614105
22158900,-29.667411
22159800,-29.663748
22160700,-29.767625
22161600,-23.928628
22162500,-23.971699
22163400,-23.96874
22164300,-24.052674
22165200,-24.805495
22166100,-24.850145
22167000,-24.847077
22167900,-24.934087
22168800,-23.878494
22169700,-23.921476
22170600,-23.918522
22171500,-24.002281
22172400,-28.677005
22173300,-28.728624
22174200,-28.725077
22175100,-28.825667
22176000,-39.908153
22176900,-39.979988
22177800,-39.975052
22178700,-40.115038
22179600,-51.093107
22180500,-51.185075
22181400,-51.178755
22182300,-51.357974
22183200,-55.492174
22184100,-55.59206
22185000,-55.585197
22185900,-55.779846
22186800,-49.573453
22187700,-49.662686
22188600,-49.656554
22189500,-49.830443
22190400,-30.450004
22191300,-30.504814
22192200,-30.501048
22193100,-30.607857
22194000,-18.235776
22194900,-18.2686
22195800,-18.266345
22196700,-18.33031
22197600,-5.832801
22198500,-5.8433
22199400,-5.842579
22200300,-5.863038
22201200,-3.046398
22202100,-3.051882
22203000,-3.051505
22203900,-3.062191
22204800,-2.758369
22205700,-2.763335
22206600,-2.762993
22207500,-2.772669
22208400,-2.550393
22209300,-2.554983
22210200,-2.554668
22211100,-2.563614
22212000,-2.670332
22212900,-2.675138
22213800,-2.674808
22214700,-2.684175
22215600,-2.670672
22216500,-2.675479
22217400,-2.675148
22218300,-2.684516
22219200,-2.678806
22220100,-2.683628
22221000,-2.683296
22221900,-2.692693
22222800,-5.17328
22223700,-5.182592
22224600,-5.181952
22225500,-5.200099
22226400,-20.671607
22227300,-20.708816
22228200,-20.70626
22229100,-20.778769
22230000,-46.093307
22230900,-46.176276
22231800,-46.170575
22232700,-46.332256
22233600,-50.826852
22234500,-50.91834
22235400,-50.912054
22236300,-51.090339
22237200,-49.681645
22238100,-49.771072
22239000,-49.764928
22239900,-49.939195
22240800,-34.860724
22241700,-34.923474
22242600,-34.919162
22243500,-35.041443
22244400,-26.138194
22245300,-26.185243
22246200,-26.18201
22247100,-26.273694
22248000,-21.120041
22248900,-21.158057
22249800,-21.155445
22250700,-21.229527
22251600,-21.893987
22252500,-21.933396
22253400,-21.930688
22254300,-22.007486
22255200,-21.075791
22256100,-21.113728
22257000,-21.111121
22257900,-21.185049
22258800,-25.311084
22259700,-25.356644
22260600,-25.353514
22261500,-25.442297
22262400,-35.223993
22263300,-35.287396
22264200,-35.28304
22265100,-35.406594
22266000,-45.096129
22266900,-45.177302
22267800,-45.171725
22268700,-45.329908
22269600,-48.978862
22270500,-49.067025
22271400,-49.060967
22272300,-49.232769
22273200,-43.754843
22274100,-43.833602
22275000,-43.82819
22275900,-43.981668
22276800,-26.87598
22277700,-26.924357
22278600,-26.921033
22279500,-27.015305
22280400,-16.095378
22281300,-16.12435
22282200,-16.122359
22283100,-16.178817
22284000,-5.148185
22284900,-5.157452
22285800,-5.156815
22286700,-5.174873
22287600,-2.688832
22288500,-2.693672
22289400,-2.693339
22290300,-2.702771
22291200,-2.589681
22292100,-2.594342
22293000,-2.594022
22293900,-2.603106
22294800,-2.394423
22295700,-2.398733
22296600,-2.398437
22297500,-2.406835
22298400,-2.507027
22299300,-2.51154
22300200,-2.51123
22301100,-2.520024
22302000,-2.507346
22302900,-2.511859
22303800,-2.511549
22304700,-2.520344
22305600,-2.514983
22306500,-2.51951
22307400,-2.519199
22308300,-2.52802
22309200,-4.856907
22310100,-4.86565
22311000,-4.865049
22311900,-4.882086
22312800,-19.407431
22313700,-19.442364
22314600,-19.439964
22315500,-19.508039
22316400,-43.274461
22317300,-43.352356
22318200,-43.347003
22319100,-43.498797
22320000,-47.718525
22320900,-47.804419
22321800,-47.798516
22322700,-47.965898
22323600,-46.643354
22324500,-46.727312
22325400,-46.721543
22326300,-46.885153
22327200,-32.728809
22328100,-32.787721
22329000,-32.783673
22329900,-32.898476
22330800,-24.539707
22331700,-22.27646
22332600,-17.192306
22333500,-14.494764
22334400,-6.70401
22335300,-3.613813
22336200,-0.306898
22337100,3.111548
22338000,6.164217
22338900,9.997168
22339800,14.068077
22340700,18.26772
22341600,23.622517
22342500,23.5869
22343400,23.589348
22344300,28.21332
22345200,24.339614
22346100,19.603461
22347000,10.854575
22347900,6.702855
22348800,-6.350589
22349700,-13.574607
22350600,-20.000868
22351500,-25.85276
22352400,-42.338266
22353300,-42.414475
22354200,-42.409239
22355100,-42.557748
22356000,-45.98355
22356900,-46.06632
22357800,-46.060633
22358700,-46.221929
22359600,-41.079006
22360500,-41.152948
22361400,-41.147868
22362300,-41.29196
22363200,-25.232374
22364100,-25.277792
22365000,-25.274671
22365900,-25.363179
22366800,-15.111062
22367700,-15.138262
22368600,-15.136393
22369500,-15.189398
22370400,-4.833346
22371300,-4.842047
22372200,-4.841449
22373100,-4.858403
22374000,-2.524396
22374900,-2.52894
22375800,-2.528628
22376700,-2.537482
22377600,-3.477486
22378500,-3.483746
22379400,-3.483315
22380300,-3.495513
22381200,-3.215289
22382100,-3.221076
22383000,-3.220679
22383900,-3.231957
22384800,-3.366497
22385700,-3.372556
22386600,-3.37214
22387500,-3.383949
22388400,-3.366925
22389300,-3.372985
22390200,-3.372569
22391100,-3.384379
22392000,-3.37718
22392900,-3.383259
22393800,-3.382841
22394700,-3.394687
22395600,-6.521973
22396500,-6.533712
22397400,-6.532906
22398300,-6.555783
22399200,-26.060768
22400100,-26.107678
22401000,-26.104454
22401900,-26.195867
22402800,-58.109994
22403700,-58.214593
22404600,-58.207405
22405500,-58.411237
22406400,-64.07759
22407300,-64.19293
22408200,-64.185005
22409100,-64.409769
22410000,-62.633824
22410900,-62.746566
22411800,-62.738819
22412700,-62.958519
22413600,-43.949037
22414500,-44.028146
22415400,-44.02271
22416300,-41.869451
22417200,-28.1839
22418100,-25.62329
22419000,-22.835594
22419900,-19.998909
22420800,-10.375791
22421700,-7.119255
22422600,-7.115962
22423500,-3.72136
22424400,-0.882552999999998
22425300,-0.932236999999997
22426200,-0.928822999999998
22427100,2.844309
22428000,4.018899
22428900,3.971072
22429800,8.042724
22430700,7.949524
22431600,2.747817
22432500,2.690379
22433400,-1.37404
22434300,-1.48597
22435200,-13.817788
22436100,-24.932163
22437000,-31.357022
22437900,-39.868606
22438800,-56.852848
22439700,-56.955184
22440600,-56.948152
22441500,-57.147574
22442400,-61.747824
22443300,-61.85897
22444200,-61.851333
22445100,-62.067925
22446000,-55.161884
22446900,-55.261175
22447800,-55.254353
22448700,-55.447843
22449600,-33.882642
22450500,-33.943631
22451400,-33.93944
22452300,-34.05829
22453200,-20.2915
22454100,-20.328025
22455000,-20.325515
22455900,-20.396691
22456800,-6.490335
22457700,-6.502017
22458600,-6.501215
22459500,-6.523981
22460400,-3.38982
22461300,-3.395922
22462200,-3.395502
22463100,-3.407393
22464000,-3.488871
22464900,-3.495151
22465800,-3.494719
22466700,-3.506957
22467600,-3.225815
22468500,-3.231621
22469400,-3.231222
22470300,-3.242538
22471200,-3.377518
22472100,-3.383597
22473000,-3.38318
22473900,-3.395027
22474800,-3.377948
22475700,-3.384028
22476600,-3.38361
22477500,-3.395459
22478400,-3.388236
22479300,-3.394335
22480200,-3.393916
22481100,-3.405801
22482000,-6.543324
22482900,-6.555102
22483800,-6.554293
22484700,-6.577245
22485600,-26.146085
22486500,-23.885729
22487400,-18.801377
22488300,-16.10947
22489200,-42.049916
22490100,-38.850393
22491000,-35.355185
22491900,-31.88319
22492800,-33.698143
22493700,-33.813861
22494600,-37.675859
22495500,-37.90136
22496400,-36.119601
22497300,-36.232711
22498200,-39.901433
22499100,-40.121852
22500000,-21.050138
22500900,-24.617503
22501800,-24.61205
22502700,-24.766714
22503600,-13.505611
22504500,-13.56512
22505400,-13.561031
22506300,-13.676996
22507200,-7.158496
22508100,-3.718582
22509000,-3.715278
22509900,-3.80898
22510800,-4.649409
22511700,-4.699256
22512600,-4.695831
22513500,-4.792966
22514400,-3.614531
22515300,-3.662514
22516200,-3.659217
22517100,-3.752722
22518000,-8.971459
22518900,-12.517083
22519800,-15.817586
22520700,-19.05577
22521600,-31.42796
22522500,-42.325166
22523400,-44.627074
22524300,-44.78335
22525200,-57.038972
22526100,-57.141643
22527000,-57.134588
22527900,-57.334663
22528800,-61.949972
22529700,-62.061483
22530600,-62.05382
22531500,-62.271122
22532400,-55.342471
22533300,-55.442088
22534200,-55.435243
22535100,-55.629367
22536000,-33.993566
22536900,-34.054755
22537800,-34.050551
22538700,-34.16979
22539600,-20.35793
22540500,-20.394574
22541400,-20.392056
22542300,-20.463466
22543200,-6.511583
22544100,-6.523303
22545000,-6.522498
22545900,-6.545339
22546800,-3.400917
22547700,-3.407039
22548600,-3.406618
22549500,-3.418548
22550400,-3.401181
22551300,-3.407303
22552200,-3.406882
22553100,-3.418813
22554000,-3.144737
22554900,-3.150397
22555800,-3.150008
22556700,-3.161039
22557600,-3.292627
22558500,-3.298554
22559400,-3.298146
22560300,-3.309696
22561200,-3.293046
22562100,-3.298973
22563000,-3.298566
22563900,-3.310117
22564800,-3.303076
22565700,-3.309021
22566600,-3.308613
22567500,-3.320199
22568400,-6.378863
22569300,-6.390345
22570200,-6.389556
22571100,-6.411931
22572000,-25.488926
22572900,-20.766194
22573800,-15.359497
22574700,-12.496631
22575600,-37.280127
22576500,-33.894432
22577400,-26.340959
22578300,-22.471952
22579200,-23.742226
22580100,-23.855035
22581000,-23.847284
22581900,-24.067116
22582800,-22.33014
22583700,-26.712152
22584600,-26.704575
22585500,-30.98782
22586400,-12.395457
22587300,-12.472829
22588200,-12.467513
22589100,-12.61829
22590000,-1.640225
22590900,2.370128
22591800,2.374114
22592700,2.261064
22593600,12.887471
22594500,8.568851
22595400,8.572072
22596300,8.480725
22597200,7.66142
22598100,7.612826
22599000,3.547799
22599900,3.453105
22600800,4.601922
22601700,4.555144
22602600,4.558359
22603500,4.467203
22604400,-0.620365
22605300,-4.546492
22606200,-11.707124
22607100,-15.121061
22608000,-30.308175
22608900,-41.203365
22609800,-43.505412
22610700,-43.65776
22611600,-55.605347
22612500,-55.705437
22613400,-55.69856
22614300,-55.893606
22615200,-60.392914
22616100,-60.501621
22617000,-60.494152
22617900,-60.705991
22618800,-53.951487
22619700,-54.0486
22620600,-54.041927
22621500,-54.231172
22622400,-33.139168
22623300,-33.198819
22624200,-33.19472
22625100,-33.310962
22626000,-19.846251
22626900,-19.881975
22627800,-19.87952
22628700,-19.949134
22629600,-6.34792
22630500,-6.359346
22631400,-6.358561
22632300,-6.380827
22633200,-3.315438
22634100,-3.321406
22635000,-3.320996
22635900,-3.332626
22636800,-3.531575
22637700,-3.537932
22638600,-3.537495
22639500,-3.549883
22640400,-3.2653
22641300,-3.271177
22642200,-3.270774
22643100,-3.282227
22644000,-3.41886
22644900,-3.425014
22645800,-3.424591
22646700,-3.436583
22647600,-3.419295
22648500,-3.425449
22649400,-3.425026
22650300,-3.43702
22651200,-3.429709
22652100,-3.435882
22653000,-3.435458
22653900,-3.447489
22654800,-6.623416
22655700,-6.635338
22656600,-6.634519
22657500,-6.657752
22658400,-26.466121
22659300,-26.51376
22660200,-26.510487
22661100,-26.603321
22662000,-59.013845
22662900,-51.731534
22663800,-42.862453
22664700,-28.730551
22665600,-21.664848
22666500,-21.781982
22667400,-17.080554
22668300,-17.308815
22669200,-10.59361
22670100,-10.708104
22671000,-10.700237
22671900,-10.923354
22672800,8.381803
22673700,8.301464
22674600,8.306985
22675500,8.150427
22676400,19.54937
22677300,19.489132
22678200,19.493271
22679100,19.375886
22680000,21.062538
22680900,21.013865
22681800,21.017209
22682700,20.922361
22683600,20.071644
22684500,20.021188
22685400,20.024655
22686300,19.92633
22687200,21.11919
22688100,21.07062
22689000,21.073957
22689900,16.285928
22690800,11.003313
22691700,6.4649
22692600,-1.871202
22693500,-5.854822
22694400,-25.542943
22695300,-37.790363
22696200,-45.173323
22697100,-45.331511
22698000,-57.737145
22698900,-57.841073
22699800,-57.833931
22700700,-58.036455
22701600,-62.708258
22702500,-62.821133
22703400,-62.813377
22704300,-63.033338
22705200,-56.019879
22706100,-56.120715
22707000,-56.113787
22707900,-56.310287
22708800,-34.409658
22709700,-34.471595
22710600,-34.467339
22711500,-34.588038
22712400,-20.607117
22713300,-20.64421
22714200,-20.641661
22715100,-20.713944
22716000,-6.591286
22716900,-6.603151
22717800,-6.602335
22718700,-6.625456
22719600,-3.442546
22720500,-3.448742
22721400,-3.448316
22722300,-3.460392
22723200,-3.176135
22724100,-3.181852
22725000,-3.181459
22725900,-3.1926
22726800,-2.936659
22727700,-2.941945
22728600,-2.941582
22729500,-2.951883
22730400,-3.074763
22731300,-3.080298
22732200,-3.079918
22733100,-3.090703
22734000,-3.075155
22734900,-3.08069
22735800,-3.08031
22736700,-3.091096
22737600,-3.084521
22738500,-3.090073
22739400,-3.089691
22740300,-0.793092
22741200,-3.649374
22742100,1.421022
22743000,7.157652
22743900,13.567108
22744800,2.916874
22745700,2.87403
22746600,2.876974
22747500,2.793482
22748400,-22.485086
22749300,-18.512254
22750200,-18.50569
22751100,-14.420114
22752000,-15.115352
22752900,-19.700778
22753800,-19.69354
22754700,-19.898826
22755600,-22.548525
22756500,-22.651496
22757400,-26.712787
22758300,-30.783398
22759200,-13.421237
22760100,-17.169984
22761000,-17.165019
22761900,-20.793818
22762800,-10.542139
22763700,-13.900776
22764600,-13.897054
22765500,-17.128513
22766400,-14.146592
22767300,-14.190366
22768200,-16.970978
22769100,-17.056281
22770000,-20.4413
22770900,-20.486678
22771800,-20.48356
22772700,-20.571989
22773600,-19.499186
22774500,-19.542868
22775400,-19.539867
22776300,-19.624991
22777200,-24.375929
22778100,-29.197002
22779000,-29.193397
22779900,-29.295627
22780800,-40.558797
22781700,-40.631803
22782600,-40.626786
22783500,-40.769054
22784400,-51.926105
22785300,-52.019572
22786200,-52.01315
22787100,-52.19529
22788000,-56.396892
22788900,-56.498407
22789800,-56.491431
22790700,-56.689254
22791600,-50.381675
22792500,-50.472363
22793400,-50.466131
22794300,-50.642855
22795200,-30.946446
22796100,-31.00215
22797000,-30.998323
22797900,-31.106873
22798800,-18.533083
22799700,-18.566443
22800600,-18.56415
22801500,-18.629159
22802400,-5.927896
22803300,-5.938567
22804200,-5.937833
22805100,-5.958627
22806000,-3.096066
22806900,-3.101638
22807800,-3.101256
22808700,-3.112116
22809600,-2.803341
22810500,-2.808387
22811400,-2.80804
22812300,-2.817873
22813200,-2.591973
22814100,-2.596638
22815000,-2.596318
22815900,-2.60541
22816800,-2.713868
22817700,-2.718753
22818600,-2.718417
22819500,-2.727936
22820400,-2.714213
22821300,-2.719099
22822200,-2.718763
22823100,-2.728283
22824000,-2.72248
22824900,-2.72738
22825800,-2.727043
22826700,-2.736593
22827600,-5.257623
22828500,-5.267087
22829400,-5.266436
22830300,-5.284879
22831200,-21.008628
22832100,-21.046443
22833000,-21.043845
22833900,-21.117536
22834800,-46.844791
22835700,-46.929112
22836600,-46.923318
22837500,-47.087635
22838400,-51.655509
22839300,-46.979877
22840200,-44.353563
22841100,-38.798861
22842000,-30.93685
22842900,-27.539737
22843800,-23.856998
22844700,-16.095791
22845600,3.500256
22846500,3.436484
22847400,7.920947
22848300,7.796672
22849200,16.845076
22850100,16.79726
22851000,16.800545
22851900,16.707366
22852800,21.945042
22853700,21.906406
22854600,17.42898
22855500,17.35369
22856400,12.406653
22857300,8.298235
22858200,8.300987
22859100,4.352988
22860000,1.623378
22860900,-5.207638
22861800,-8.330877
22862700,-11.358283
22863600,-20.955132
22864500,-25.770047
22865400,-25.766865
22866300,-25.857096
22867200,-35.798268
22868100,-35.862705
22869000,-35.858278
22869900,-35.983847
22870800,-45.831355
22871700,-45.913852
22872600,-45.908183
22873500,-46.068945
22874400,-49.777391
22875300,-49.86699
22876200,-49.860833
22877100,-50.035437
22878000,-44.468201
22878900,-44.548244
22879800,-44.542744
22880700,-44.698725
22881600,-27.314153
22882500,-27.363319
22883400,-27.35994
22884300,-27.45575
22885200,-8.969253
22886100,-8.998697
22887000,-6.213054
22887900,-6.270432
22888800,7.892312
22889700,4.930621
22890600,2.147648
22891500,2.129295
22892400,2.035943
22893300,2.031024
22894200,2.031362
22895100,2.021776
22896000,-2.631902
22896900,-2.636639
22897800,-2.636314
22898700,-2.645546
22899600,-2.43346
22900500,-2.437841
22901400,-2.43754
22902300,-2.446075
22903200,-2.5479
22904100,-2.552487
22905000,-2.552172
22905900,-2.561109
22906800,-2.548225
22907700,-2.552811
22908600,-2.552496
22909500,-2.561435
22910400,-2.555986
22911300,-2.560587
22912200,-2.560271
22913100,-2.569236
22914000,-4.936092
22914900,-4.944977
22915800,-4.944366
22916700,-4.961681
22917600,-19.723841
22918500,-19.759344
22919400,-19.756904
22920300,-19.826089
22921200,-43.979988
22922100,-44.059152
22923000,-44.053712
22923900,-44.207981
22924800,-46.189086
22925700,-46.27638
22926600,-43.809189
22927500,-43.9793
22928400,-40.015268
22929300,-40.100595
22930200,-40.094732
22931100,-40.26101
22932000,-25.873867
22932900,-23.15012
22933800,-23.146006
22934700,-23.26268
22935600,-11.815361
22936500,-11.860253
22937400,-8.73128
22938300,-8.818761
22939200,-0.596933
22940100,-3.937669
22941000,-3.935176
22941900,-4.005862
22942800,-4.639858
22943700,-7.803348
22944600,-10.753037
22945500,-13.609933
22946400,-15.340881
22947300,-17.838271
22948200,-20.143203
22949100,-20.213741
22950000,-24.150603
22950900,-24.194074
22951800,-24.191087
22952700,-24.2758
22953600,-33.609018
22954500,-33.669514
22955400,-33.665357
22956300,-33.783247
22957200,-43.028529
22958100,-43.105981
22959000,-43.100659
22959900,-43.251589
22960800,-46.733244
22961700,-46.817364
22962600,-46.811584
22963500,-46.975509
22964400,-41.748739
22965300,-41.823887
22966200,-41.818723
22967100,-41.965165
22968000,-25.64375
22968900,-25.689909
22969800,-25.686738
22970700,-25.776688
22971600,-15.357426
22972500,-15.385069
22973400,-15.38317
22974300,-15.437039
22975200,-4.912147
22976100,-4.920989
22977000,-4.920381
22977900,-4.937612
22978800,-2.565552
22979700,-2.57017
22980600,-2.569853
22981500,-2.578852
22982400,-3.479347
22983300,-3.48561
22984200,-3.485179
22985100,-3.497384
22986000,-3.217009
22986900,-3.2228
22987800,-3.222402
22988700,-3.233686
22989600,-3.368298
22990500,-3.374361
22991400,-3.373944
22992300,-3.385759
22993200,-3.368726
22994100,-3.37479
22995000,-3.374374
22995900,-3.38619
22996800,-3.378987
22997700,-3.385069
22998600,-3.384651
22999500,-3.396503
23000400,-6.525462
23001300,-6.537208
23002200,-6.536401
23003100,-6.55929
23004000,-26.074711
23004900,-26.121646
23005800,-26.118421
23006700,-26.209883
23007600,-58.141085
23008500,-58.24574
23009400,-55.93113
23010300,-56.13507
23011200,-59.343262
23012100,-56.838739
23013000,-54.047189
23013900,-51.319801
23014800,-43.112555
23015700,-39.737358
23016600,-36.053113
23017500,-32.402981
23018400,-5.043219
23019300,-5.122369
23020200,-0.636850000000003
23021100,-0.791091999999999
23022000,15.13265
23022900,15.073303
23023800,15.077381
23024700,14.961732
23025600,21.462438
23026500,26.326122
23027400,31.464273
23028300,36.733861
23029200,35.895726
23030100,41.442191
23031000,41.445606
23031900,47.18301
23032800,48.358229
23033700,42.476102
23034600,36.883215
23035500,36.789965
23036400,26.222441
23037300,16.118479
23038200,6.948968
23039100,-5.373081
23040000,-24.87599
23040900,-28.260428
23041800,-31.380821
23042700,-37.272563
23043600,-52.114655
23044500,-49.59712
23045400,-49.590084
23046300,-47.005993
23047200,-51.608704
23048100,-51.71991
23049000,-54.495889
23049900,-57.332522
23050800,-52.883978
23051700,-52.983323
23052600,-55.283916
23053500,-55.47751
23054400,-33.900771
23055300,-33.961792
23056200,-33.957599
23057100,-34.076513
23058000,-20.302357
23058900,-20.338901
23059800,-20.33639
23060700,-18.100185
23061600,-4.186388
23062500,-4.198077
23063400,-4.197274
23064300,-6.527471
23065200,-3.391634
23066100,-3.397739
23067000,-3.397319
23067900,-3.409216
23068800,-3.490737
23069700,-3.497021
23070600,-3.496589
23071500,-3.508833
23072400,-3.227541
23073300,-3.23335
23074200,-3.232951
23075100,-3.244272
23076000,-3.379325
23076900,-3.385408
23077800,-3.38499
23078700,-3.396843
23079600,-3.379755
23080500,-3.385838
23081400,-3.38542
23082300,-3.397276
23083200,-3.390049
23084100,-3.396151
23085000,-3.395732
23085900,-3.407623
23086800,-6.546825
23087700,-6.558609
23088600,-4.250381
23089500,0.807773
23090400,-15.987917
23091300,-13.082733
23092200,-6.649146
23093100,0.423585000000003
23094000,-27.742203
23094900,-19.50709
23095800,-15.019795
23096700,-5.619387
23097600,-0.809442000000004
23098500,4.67095300000001
23099400,10.513183
23100300,16.364896
23101200,24.472963
23102100,24.359792
23103000,30.945906
23103900,30.725368
23104800,49.807287
23105700,56.564155
23106600,56.569611
23107500,56.414864
23108400,67.681993
23109300,67.622452
23110200,67.626543
23111100,67.510516
23112000,74.032503
23112900,73.984393
23113800,73.987699
23114700,73.893947
23115600,66.21679
23116500,66.166917
23117400,59.592007
23118300,53.169465
23119200,48.271197
23120100,42.388914
23121000,31.433004
23121900,26.204592
23122800,16.071426
23123700,2.568566
23124600,-5.365789
23125500,-15.9471
23126400,-34.40407
23127300,-37.267928
23128200,-42.343532
23129100,-44.807311
23130000,-57.06949
23130900,-57.172215
23131800,-57.165157
23132700,-55.05792
23133600,-57.214506
23134500,-57.326076
23135400,-54.698485
23136300,-54.915902
23137200,-47.983545
23138100,-48.083215
23139000,-50.696291
23139900,-50.890519
23140800,-29.243142
23141700,-31.765557
23142600,-34.068769
23143500,-34.188072
23144400,-20.368822
23145300,-20.405486
23146200,-20.402967
23147100,-20.474414
23148000,-6.515066
23148900,-6.526794
23149800,-6.525988
23150700,-6.548841
23151600,-3.402737
23152500,-3.408862
23153400,-3.408441
23154300,-3.420377
23155200,-3.403001
23156100,-3.409126
23157000,-3.408705
23157900,-3.420642
23158800,-3.146419
23159700,-3.152083
23160600,-3.151694
23161500,-3.162731
23162400,-3.294389
23163300,-3.300318
23164200,-3.299911
23165100,-3.311467
23166000,-3.294808
23166900,-3.300738
23167800,-3.300331
23168700,-3.311888
23169600,-3.304843
23170500,-3.310792
23171400,-3.310383
23172300,-3.321975
23173200,-6.382276
23174100,-6.393764
23175000,-6.392975
23175900,-6.415362
23176800,-25.502564
23177700,-25.548468
23178600,-23.237895
23179500,-23.32735
23180400,-52.096705
23181300,-49.579138
23182200,-46.788485
23183100,-44.035677
23184000,-46.454773
23184900,-36.098687
23185800,-28.152616
23186700,-19.620741
23187600,-8.27782000000001
23188500,-3.25329000000001
23189400,7.7135
23190300,13.33278
23191200,38.012425
23192100,37.935011
23193000,37.94033
23193900,44.114828
23194800,55.098766
23195700,61.619059
23196600,61.623048
23197500,61.509936
23198400,74.704277
23199300,74.657377
23200200,74.660599
23201100,81.668384
23202000,80.84864
23202900,80.80002
23203800,80.803361
23204700,80.708616
23205600,81.858047
23206500,67.875787
23207400,61.300666
23208300,48.806773
23209200,37.882209
23210100,21.731936
23211000,12.130782
23211900,3.269425
23212800,-16.73657
23213700,-20.491285
23214600,-23.973908
23215500,-30.556688
23216400,-45.462941
23217300,-45.563085
23218200,-48.339823
23219100,-48.534974
23220000,-53.036689
23220900,-53.145455
23221800,-53.137981
23222700,-53.349934
23223600,-43.808196
23224500,-40.953088
23225400,-37.820523
23226300,-34.705407
23227200,-10.11412
23228100,-6.497308
23229000,-6.493207
23229900,-6.609511
23230800,6.862403
23231700,10.696611
23232600,10.699067
23233500,14.697781
23234400,32.578017
23235300,28.294841
23236200,28.295626
23237100,28.273348
23238000,31.340377
23238900,31.334406
23239800,31.334816
23240700,31.32318
23241600,27.055758
23242500,27.049398
23243400,27.049835
23244300,27.037441
23245200,27.322176
23246100,27.316295
23247000,23.446749
23247900,23.43529
23248800,19.62209
23249700,19.615933
23250600,16.128358
23251500,12.811896
23252400,9.703306
23253300,9.697148
23254200,6.745298
23255100,3.949678
23256000,3.956993
23256900,1.330891
23257800,-1.129877
23258700,-3.449333
23259600,-6.62696
23260500,-6.638889
23261400,-6.638069
23262300,-6.661314
23263200,-26.480281
23264100,-26.527946
23265000,-26.524671
23265900,-24.310136
23266800,-54.276808
23267700,-51.763165
23268600,-48.972242
23269500,-46.227082
23270400,-45.554298
23271300,-45.671495
23272200,-42.175444
23273100,-42.403826
23274000,-36.922799
23274900,-33.167405
23275800,-24.819424
23276700,-20.562579
23277600,8.357923
23278500,13.412397
23279400,24.377129
23280300,36.132096
23281200,53.862492
23282100,67.216838
23283000,74.320159
23283900,81.569753
23284800,95.811437
23285700,103.680386
23286600,103.683733
23287500,103.588833
23288400,110.938053
23289300,102.687178
23290200,102.690647
23291100,102.59227
23292000,95.86812
23292900,88.179658
23293800,80.815956
23294700,73.622075
23295600,54.922018
23296500,36.626693
23297400,20.536638
23298300,6.33781
23299200,-18.40258
23300100,-28.952755
23301000,-40.42888
23301900,-45.355765
23302800,-57.768037
23303700,-57.87202
23304600,-57.864875
23305500,-58.067507
23306400,-62.741809
23307300,-60.547326
23308200,-58.078373
23309100,-55.678526
23310000,-45.877695
23310900,-45.978585
23311800,-45.971653
23312700,-46.168258
23313600,-24.255911
23314500,-24.317882
23315400,-24.313623
23316300,-24.434386
23317200,-10.445986
23318100,-10.483098
23319000,-10.480548
23319900,-10.55287
23320800,3.577344
23321700,3.565474
23322600,3.566289
23323500,3.543157
23324400,6.727769
23325300,6.72157
23326200,6.721996
23327100,6.709914
23328000,9.946596
23328900,9.940876
23329800,9.941269
23330700,13.05601
23331600,13.312088
23332500,16.611262
23333400,20.099623
23334300,20.089317
23335200,23.642864
23336100,27.507277
23337000,27.507657
23337900,27.496866
23338800,31.580789
23339700,31.575251
23340600,31.575631
23341500,31.564839
23342400,31.571418
23343300,31.565863
23344200,31.566245
23345100,31.555419
23346000,28.697609
23346900,32.958625
23347800,32.959362
23348700,37.418538
23349600,24.287659
23350500,29.156429
23351400,39.657264
23352300,45.169903
23353200,21.840063
23354100,34.147167
23355000,47.56835
23355900,61.848304
23356800,72.227729
23357700,80.322719
23358600,97.598818
23359500,106.471807
23360400,117.475691
23361300,117.372664
23362200,127.068259
23363100,126.867491
23364000,154.239965
23364900,154.167673
23365800,154.17264
23366700,164.350252
23367600,174.607416
23368500,174.553213
23369400,174.556937
23370300,174.45131
23371200,180.388679
23372100,170.026393
23373000,170.029403
23373900,169.944055
23374800,159.177527
23375700,159.132125
23376600,149.446729
23377500,139.977283
23378400,141.05066
23379300,131.928568
23380200,114.662715
23381100,106.377154
23382000,93.706025
23382900,78.64663
23383800,58.136442
23384700,45.631468
23385600,17.568789
23386500,7.44925
23387400,-1.71919
23388300,-14.071594
23389200,-32.399106
23390100,-32.492624
23391000,-32.486198
23391900,-32.668436
23392800,-36.872286
23393700,-40.278318
23394600,-40.271339
23395500,-40.469267
23396400,-37.284201
23397300,-37.374937
23398200,-37.368703
23399100,-37.54552
23400000,-17.838574
23400900,-17.894308
23401800,-20.842751
23402700,-23.73498
23403600,-13.774387
23404500,-13.807764
23405400,-16.266664
23406300,-18.639126
23407200,-5.931068
23408100,-5.941744
23409000,-5.94101
23409900,-5.961815
23410800,-3.097722
23411700,-3.103298
23412600,-3.102915
23413500,-3.113781
23414400,-0.497422
23415300,-0.50247
23416200,1.95907
23417100,1.949231
23418000,2.175252
23418900,2.170584
23419800,2.170905
23420700,2.161808
23421600,2.053292
23422500,4.66833
23423400,10.404559
23424300,13.520922
23425200,16.839116
23426100,20.322226
23427000,23.999056
23427900,27.85948
23428800,31.933653
23429700,27.860384
23430600,27.860721
23431500,27.851166
23432400,25.328787
23433300,29.387684
23434200,33.660079
23435100,38.121708
23436000,27.082925
23436900,31.956726
23437800,37.094182
23438700,37.020451
23439600,16.642465
23440500,34.065882
23441400,53.811649
23442300,75.753332
23443200,95.78915
23444100,122.936236
23445000,152.950655
23445900,185.679237
23446800,223.057307
23447700,222.966373
23448600,235.652267
23449500,235.475064
23450400,263.844362
23451300,277.179462
23452200,277.183846
23453100,290.825482
23454000,314.016735
23454900,313.968893
23455800,299.834172
23456700,299.740943
23457600,304.981422
23458500,291.176788
23459400,291.179445
23460300,291.104114
23461200,277.029554
23462100,276.98948
23463000,276.992234
23463900,276.914143
23464800,291.26044
23465700,277.822958
23466600,277.825609
23467500,264.71364
23468400,260.518092
23469300,247.792118
23470200,247.795302
23471100,247.705022
23472000,225.431074
23472900,225.366603
23473800,225.371033
23474700,225.245396
23475600,227.720076
23476500,227.637535
23477400,240.322853
23478300,253.198801
23479200,262.887278
23480100,276.563607
23481000,276.569767
23481900,290.533078
23482800,296.103293
23483700,310.538207
23484600,310.54371
23485500,325.284597
23486400,342.67847
23487300,342.629278
23488200,342.632658
23489100,327.639846
23490000,338.743744
23490900,338.714284
23491800,338.716308
23492700,338.6589
23493600,349.875368
23494500,335.350945
23495400,335.351593
23496300,335.33323
23497200,337.861154
23498100,337.856233
23499000,337.856571
23499900,337.846981
23500800,283.622289
23501700,270.937903
23502600,258.610772
23503500,246.621308
23504400,235.195547
23505300,212.92221
23506200,202.281595
23507100,191.954567
23508000,181.851664
23508900,172.15856
23509800,153.699519
23510700,144.909817
23511600,136.434612
23512500,128.229631
23513400,120.312298
23514300,120.303355
23515200,112.668942
23516100,105.297296
23517000,98.198433
23517900,98.189462
23518800,88.985062
23519700,88.976172
23520600,82.398446
23521500,76.055768
23522400,61.285709
23523300,61.250187
23524200,61.252628
23525100,67.508761
23526000,43.341939
23526900,49.84107
23527800,49.846512
23528700,56.528439
23529600,59.3368
23530500,52.15028
23531400,52.156281
23532300,51.986079
23533200,53.330905
23534100,53.245532
23535000,53.251399
23535900,53.085032
23536800,67.479872
23537700,60.583689
23538600,60.587806
23539500,60.471069
23540400,62.392324
23541300,62.347408
23542200,62.350494
23543100,55.937611
23544000,60.857607
23544900,60.821315
23545800,54.746475
23546700,54.675751
23547600,48.207142
23548500,48.16952
23549400,42.57593
23550300,37.139581
23551200,38.029033
23552100,27.946324
23553000,23.255433
23553900,18.704777
23554800,10.494065
23555700,-1.16424
23556600,-7.953712
23557500,-16.900251
23558400,-33.627
23559300,-33.687529
23560200,-33.683369
23561100,-33.801322
23562000,-43.051551
23562900,-43.129044
23563800,-43.123719
23564700,-43.274731
23565600,-46.758248
23566500,-46.842413
23567400,-46.83663
23568300,-47.000643
23569200,-41.771076
23570100,-41.846264
23571000,-41.841098
23571900,-41.987618
23572800,-25.657471
23573700,-25.703654
23574600,-25.700481
23575500,-25.790479
23576400,-13.058224
23577300,-13.085882
23578200,-13.083981
23579100,-10.676686
23580000,-0.146163
23580900,2.464915
23581800,2.465523
23582700,5.231903
23583600,10.557505
23584500,10.552884
23585400,10.553202
23586300,10.544198
23587200,19.470912
23588100,23.140977
23589000,27.011368
23589900,31.067205
23590800,35.62678
23591700,40.100916
23592600,40.101324
23593500,44.783119
23594400,49.556565
23595300,54.685197
23596200,54.685624
23597100,54.673495
23598000,54.690981
23598900,54.684756
23599800,54.685184
23600700,49.538197
23601600,49.545592
23602500,49.539348
23603400,49.539777
23604300,49.527609
23605200,46.315447
23606100,51.438245
23607000,51.439074
23607900,56.77861
23608800,36.744248
23609700,36.696066
23610600,36.699377
23611500,42.201657
23612400,9.421364
23613300,15.1482
23614200,15.155583
23615100,21.023553
23616000,21.528767
23616900,27.988633
23617800,41.932232
23618700,49.068409
23619600,66.450067
23620500,74.534658
23621400,83.030711
23622300,91.585809
23623200,120.189604
23624100,120.108348
23625000,120.113932
23625900,119.955588
23626800,131.48458
23627700,122.34527
23628600,105.0806
23629500,96.761484
23630400,95.517404
23631300,95.468176
23632200,95.471558
23633100,95.375627
23634000,94.515205
23634900,72.358086
23635800,52.621623
23636700,40.610568
23637600,25.722973
23638500,20.762211
23639400,11.592126
23640300,3.156286
23641200,-9.733042
23642100,-9.792039
23643000,-9.787985
23643900,-9.902952
23644800,-26.057461
23645700,-26.139563
23646600,-26.133922
23647500,-26.293915
23648400,-38.841085
23649300,-38.946198
23650200,-42.243438
23651100,-42.448273
23652000,-50.299263
23652900,-50.413426
23653800,-53.357855
23654700,-53.580325
23655600,-49.27047
23656500,-49.372457
23657400,-51.985374
23658300,-52.184116
23659200,-32.494817
23660100,-32.557461
23661000,-32.553156
23661900,-32.675232
23662800,-16.073611
23663700,-16.111127
23664600,-13.488624
23665500,-10.778112
23666400,3.505671
23667300,6.445944
23668200,9.572657
23669100,9.549273
23670000,16.07296
23670900,16.066692
23671800,16.067123
23672700,16.05491
23673600,12.666758
23674500,9.534419
23675400,6.582589
23676300,3.786399
23677200,1.455247
23678100,-1.01191
23679000,-3.31892
23679900,-3.330542
23680800,-3.469186
23681700,-3.47543
23682600,-3.475001
23683500,-3.48717
23684400,-3.469627
23685300,-3.475872
23686200,-3.475443
23687100,-3.487614
23688000,-3.480194
23688900,1.282153
23689800,3.902509
23690700,9.626194
23691600,9.529404
23692500,16.309768
23693400,19.987093
23694300,23.833468
23695200,12.073629
23696100,16.505369
23697000,21.20207
23697900,26.019505
23698800,-1.733248
23699700,3.52199700000001
23700600,3.529404
23701500,8.91552900000001
23702400,8.91060899999999
23703300,8.79174999999999
23704200,14.877251
23705100,14.645631
23706000,22.801103
23706900,22.684923
23707800,22.692906
23708700,22.466504
23709600,42.055835
23710500,48.552651
23711400,48.558252
23712300,48.39939
23713200,59.966126
23714100,66.74128
23715000,66.74548
23715900,66.626367
23716800,73.321783
23717700,73.272394
23718600,73.275787
23719500,73.179542
23720400,72.316303
23721300,72.265104
23722200,72.268622
23723100,65.332573
23724000,66.542991
23724900,66.493706
23725800,59.918755
23726700,53.497357
23727600,48.136981
23728500,36.166183
23729400,25.211041
23730300,15.049205
23731200,-2.352152
23732100,-19.124665
23733000,-32.713848
23733900,-43.691376
23734800,-58.587041
23735700,-58.692498
23736600,-58.685252
23737500,-58.890757
23738400,-63.631329
23739300,-63.745865
23740200,-63.737995
23741100,-63.961194
23742000,-56.844496
23742900,-56.946817
23743800,-56.939786
23744700,-57.139179
23745600,-34.916171
23746500,-34.97902
23747400,-34.974701
23748300,-35.097176
23749200,-20.910455
23750100,-20.948094
23751000,-20.945508
23751900,-21.018855
23752800,-6.68831
23753700,-6.700349
23754600,-6.699522
23755500,-6.722983
23756400,-3.49322
23757300,-3.499508
23758200,-3.499076
23759100,-3.511329
23760000,-3.493491
23760900,-3.499779
23761800,-3.499347
23762700,-3.511601
23763600,-3.230087
23764500,-3.235901
23765400,-3.235501
23766300,-3.246832
23767200,-3.381991
23768100,-3.388078
23769000,-3.38766
23769900,-3.399523
23770800,-3.382421
23771700,-3.388509
23772600,-3.388091
23773500,-3.399955
23774400,-3.392723
23775300,-3.39883
23776200,-3.39841
23777100,-3.410311
23778000,-6.551989
23778900,-6.563783
23779800,-6.562972
23780700,-6.585955
23781600,-26.18071
23782500,-26.227835
23783400,-26.224597
23784300,-26.316431
23785200,-58.377439
23786100,-58.482518
23787000,-58.475298
23787900,-56.372649
23788800,-59.603888
23789700,-59.719759
23790600,-57.091872
23791500,-57.317671
23792400,-52.749932
23793300,-52.863192
23794200,-55.63903
23795100,-55.859741
23796000,-36.76277
23796900,-39.462168
23797800,-39.456707
23798700,-42.072769
23799600,-33.104173
23800500,-33.16376
23801400,-33.159666
23802300,-33.275785
23803200,-26.748653
23804100,-26.796801
23805000,-26.793492
23805900,-26.887318
23806800,-27.72886
23807700,-27.778772
23808600,-27.775343
23809500,-27.872607
23810400,-26.692611
23811300,-26.740658
23812200,-26.737356
23813100,-26.830986
23814000,-32.056633
23814900,-32.114336
23815800,-32.110371
23816700,-32.222815
23817600,-44.611389
23818500,-44.69169
23819400,-44.686172
23820300,-44.842655
23821200,-57.114507
23822100,-57.217313
23823000,-57.210249
23823900,-57.410589
23824800,-62.032011
23825700,-62.143669
23826600,-62.135996
23827500,-62.353585
23828400,-55.41576
23829300,-55.515508
23830200,-55.508654
23831100,-55.703036
23832000,-34.038583
23832900,-34.099853
23833800,-34.095643
23834700,-34.215039
23835600,-20.384889
23836500,-20.421582
23837400,-20.419061
23838300,-20.490565
23839200,-6.520206
23840100,-6.531942
23841000,-6.531136
23841900,-6.554006
23842800,-3.405421
23843700,-3.411551
23844600,-3.41113
23845500,-3.423075
23846400,-3.627424
23847300,-3.633954
23848200,-3.633505
23849100,-3.646229
23850000,-3.353922
23850900,-3.359959
23851800,-3.359544
23852700,-3.371309
23853600,-3.511649
23854500,-3.51797
23855400,-3.517536
23856300,-3.529854
23857200,-3.512096
23858100,-1.210999
23859000,1.250628
23859900,3.858234
23860800,6.649364
23861700,9.595296
23862600,12.72162
23863500,16.013726
23864400,16.2396
23865300,19.903848
23866200,23.774639
23867100,27.819142
23868000,11.744907
23868900,16.176056
23869800,20.872797
23870700,25.68908
23871600,-2.466227
23872500,-7.710192
23873400,-7.70269500000001
23874300,-7.915315
23875200,-13.825983
23876100,-18.857933
23877000,-23.543045
23877900,-23.777501
23878800,-26.405064
23879700,-26.522666
23880600,-22.034504
23881500,-22.263677
23882400,-2.434567
23883300,7.08793
23884200,12.228456
23885100,17.430684
23886000,40.569448
23886900,46.58491
23887800,59.492854
23888700,66.208561
23889600,87.452152
23890500,95.042024
23891400,102.963107
23892300,111.066076
23893200,110.19227
23894100,110.140445
23895000,110.144006
23895900,110.043013
23896800,103.067855
23897700,87.460454
23898600,72.99766
23899500,59.485826
23900400,41.657148
23901300,30.166785
23902200,14.761375
23903100,5.471159
23904000,-19.602428
23904900,-15.815858
23905800,-15.810128
23906700,-15.97261
23907600,-24.646574
23908500,-24.753322
23909400,-20.474243
23910300,-20.682264
23911200,-21.00078
23912100,-21.116719
23913000,-21.108752
23913900,-21.334683
23914800,-9.437496
23915700,-14.234448
23916600,-14.227331
23917500,-18.909246
23918400,3.585779
23919300,-0.749583999999999
23920200,-0.745213
23921100,-0.869186999999997
23922000,9.422818
23922900,9.384718
23923800,9.387336
23924700,9.313091
23925600,23.819046
23926500,19.936909
23927400,19.937747
23928300,16.237505
23929200,19.506801
23930100,19.500436
23931000,19.500873
23931900,19.48847
23932800,9.862093
23933700,6.903948
23934600,6.904351
23935500,4.109288
23936400,1.752251
23937300,-0.714372
23938200,-0.713999
23939100,-3.031998
23940000,-3.158214
23940900,-3.163899
23941800,-3.163508
23942700,-3.174586
23943600,-3.158616
23944500,-3.164302
23945400,-3.163911
23946300,-3.17499
23947200,-3.168236
23948100,-3.173939
23949000,-3.173547
23949900,-3.18466
23950800,-6.118463
23951700,-6.129477
23952600,-6.12872
23953500,-6.150182
23954400,-24.448409
23955300,-24.492416
23956200,-24.489392
23957100,-24.57515
23958000,-54.514775
23958900,-54.612902
23959800,-54.606159
23960700,-54.79738
23961600,-60.113161
23962500,-60.221365
23963400,-60.21393
23964300,-60.424788
23965200,-58.758719
23966100,-58.864485
23967000,-58.857218
23967900,-59.063325
23968800,-41.229945
23969700,-41.304159
23970600,-41.29906
23971500,-41.443682
23972400,-30.913767
23973300,-30.969412
23974200,-30.965588
23975100,-31.074024
23976000,-24.978773
23976900,-25.023735
23977800,-25.020645
23978700,-25.108263
23979600,-25.894123
23980500,-25.940733
23981400,-25.93753
23982300,-26.028359
23983200,-24.926439
23984100,-24.971307
23985000,-24.968224
23985900,-25.055658
23986800,-29.93554
23987700,-29.989424
23988600,-29.985722
23989500,-30.090726
23990400,-41.659585
23991300,-41.734572
23992200,-41.72942
23993100,-41.875549
23994000,-53.335408
23994900,-53.431412
23995800,-53.424815
23996700,-53.611899
23997600,-57.927535
23998500,-58.031805
23999400,-58.02464
24000300,-58.227832
24001200,-51.749062
24002100,-51.84221
24003000,-51.83581
24003900,-52.017329
24004800,-31.78635
24005700,-31.843566
24006600,-31.839634
24007500,-31.951131
24008400,-19.036081
24009300,-19.070346
24010200,-19.067992
24011100,-19.134764
24012000,-6.088783
24012900,-6.099743
24013800,-6.09899
24014700,-6.120347
24015600,-3.180094
24016500,-3.185819
24017400,-3.185425
24018300,-3.19658
24019200,-2.879425
24020100,-2.884608
24021000,-2.884252
24021900,-2.894352
24022800,-2.66232
24023700,-2.667113
24024600,-2.666783
24025500,-2.676122
24026400,-2.787523
24027300,-2.792541
24028200,-2.792196
24029100,-2.801974
24030000,-2.787878
24030900,-2.792896
24031800,-2.792552
24032700,-2.802331
24033600,-2.796369
24034500,-2.801403
24035400,-2.801057
24036300,-2.810866
24037200,-5.400318
24038100,-5.410038
24039000,-5.40937
24039900,-5.428313
24040800,-21.578813
24041700,-21.617655
24042600,-21.614986
24043500,-21.690678
24044400,-48.116184
24045300,-48.202794
24046200,-48.196842
24047100,-48.365619
24048000,-53.057467
24048900,-53.152971
24049800,-53.146409
24050700,-53.332518
24051600,-51.862002
24052500,-51.955354
24053400,-51.948939
24054300,-52.130855
24055200,-36.390641
24056100,-34.148726
24057000,-34.144225
24057900,-31.810679
24058800,-22.516697
24059700,-19.945886
24060600,-17.158891
24061500,-14.302326
24062400,-5.796609
24063300,-5.836293
24064200,-2.529103
24065100,0.881560999999998
24066000,0.187940000000001
24066900,0.146801
24067800,0.149628
24068700,0.0694599999999994
24069600,1.042044
24070500,-5.790019
24071400,-8.913186
24072300,-14.726251
24073200,-24.114481
24074100,-26.46946
24075000,-26.466192
24075900,-26.558872
24076800,-36.769853
24077700,-36.836039
24078600,-36.831491
24079500,-36.960468
24080400,-47.075243
24081300,-47.159979
24082200,-47.154157
24083100,-47.319282
24084000,-51.128376
24084900,-51.220408
24085800,-51.214084
24086700,-51.393426
24087600,-45.675092
24088500,-45.757308
24089400,-45.751658
24090300,-45.911872
24091200,-28.055474
24092100,-28.105974
24093000,-28.102504
24093900,-28.200914
24094800,-16.801749
24095700,-16.831993
24096600,-16.829914
24097500,-16.88885
24098400,-5.374121
24099300,-5.383794
24100200,-5.38313
24101100,-5.40198
24102000,-2.806836
24102900,-2.811888
24103800,-2.811541
24104700,-2.821386
24105600,-2.703333
24106500,-2.708199
24107400,-2.707865
24108300,-2.717347
24109200,-2.499506
24110100,-2.504005
24111000,-2.503696
24111900,-2.512463
24112800,-2.617052
24113700,-2.621763
24114600,-2.621439
24115500,-2.630619
24116400,-2.617385
24117300,-2.622096
24118200,-2.621772
24119100,-2.630953
24120000,-2.625357
24120900,-2.630082
24121800,-2.629758
24122700,-2.638967
24123600,-5.07006
24124500,-5.079186
24125400,-5.078559
24126300,-5.096343
24127200,-20.259156
24128100,-20.295623
24129000,-20.293117
24129900,-20.36418
24130800,-45.173629
24131700,-45.254942
24132600,-45.249354
24133500,-45.407809
24134400,-49.812727
24135300,-49.90239
24136200,-49.896229
24137100,-50.070957
24138000,-48.69037
24138900,-48.778013
24139800,-48.771991
24140700,-48.942782
24141600,-34.165164
24142500,-34.226662
24143400,-34.222436
24144300,-34.342277
24145200,-25.61667
24146100,-25.662781
24147000,-25.659612
24147900,-25.749467
24148800,-20.698642
24149700,-20.7359
24150600,-20.73334
24151500,-20.805944
24152400,-21.457146
24153300,-21.495769
24154200,-21.493115
24155100,-21.56838
24156000,-20.655276
24156900,-20.692456
24157800,-20.689901
24158700,-20.762353
24159600,-24.806064
24160500,-24.850715
24161400,-24.847647
24162300,-24.934659
24163200,-34.521185
24164100,-34.583323
24165000,-34.579053
24165900,-34.700143
24166800,-44.196347
24167700,-44.275901
24168600,-44.270434
24169500,-44.425461
24170400,-48.00161
24171300,-48.088013
24172200,-48.082076
24173100,-48.250451
24174000,-42.881822
24174900,-42.95901
24175800,-42.953706
24176700,-43.104122
24177600,-26.339736
24178500,-26.387148
24179400,-26.38389
24180300,-26.476281
24181200,-15.774235
24182100,-15.802629
24183000,-15.800677
24183900,-15.856009
24184800,-5.045465
24185700,-5.054547
24186600,-2.746504
24187500,-2.764202
24188400,2.133429
24189300,2.128686
24190200,2.129012
24191100,2.119768
24192000,10.065436
24192900,13.185817
24193800,13.186196
24194700,16.479929
24195600,20.214428
24196500,23.885831
24197400,27.756131
24198300,31.814576
24199200,35.967971
24200100,35.962641
24201000,40.443088
24201900,45.12608
24202800,50.052691
24203700,50.04736
24204600,55.182583
24205500,60.535228
24206400,66.137736
24207300,66.132388
24208200,66.132756
24209100,66.122335
24210000,63.371397
24210900,63.36107
24211800,63.36178
24212700,63.341656
24213600,46.183963
24214500,46.142698
24215400,46.145534
24216300,46.065122
24217200,12.395467
24218100,17.899632
24219000,17.905954
24219900,17.726652
24220800,18.57648
24221700,18.47502
24222600,18.481992
24223500,18.284276
24224400,25.923832
24225300,25.824659
24226200,19.754139
24227100,19.560879
24228000,36.282699
24228900,36.21311
24229800,30.383618
24230700,30.24801
24231600,40.121593
24232500,40.069416
24233400,40.073001
24234300,34.375149
24235200,40.090481
24236100,34.685288
24237000,34.688185
24237900,29.471172
24238800,23.822658
24239700,14.605494
24240600,6.268387
24241500,-1.363224
24242400,-7.122449
24243300,-10.290408
24244200,-16.02341
24245100,-18.72532
24246000,-25.76223
24246900,-28.120174
24247800,-28.116703
24248700,-28.215162
24249600,-39.06293
24250500,-39.133244
24251400,-39.128412
24252300,-39.265433
24253200,-50.010996
24254100,-50.101016
24255000,-50.09483
24255900,-50.270253
24256800,-54.316894
24257700,-54.414665
24258600,-54.407947
24259500,-54.598473
24260400,-48.523527
24261300,-48.61087
24262200,-48.604868
24263100,-48.775074
24264000,-29.805097
24264900,-27.551328
24265800,-25.086448
24266700,-22.57107
24267600,-7.677399
24268500,-7.709529
24269400,-10.490941
24270300,-10.553552
24271200,1.67927
24272100,1.668993
24273000,1.669699
24273900,1.649673
24274800,4.406659
24275700,4.401291
24276600,4.40166
24277500,4.391201
24278400,7.103148
24279300,7.097624
24280200,7.098004
24281100,10.039511
24282000,10.28682
24282900,7.329439
24283800,7.32979
24284700,7.319837
24285600,7.2011
24286500,7.195752
24287400,4.4125
24288300,4.402078
24289200,4.417102
24290100,4.411754
24291000,1.792196
24291900,1.781773
24292800,1.788127
24293700,-0.678431
24294600,-0.678062
24295500,-0.688517
24296400,-3.448461
24297300,-3.458821
24298200,-3.458109
24299100,-1.017106
24300000,-18.23097
24300900,-15.652445
24301800,-15.6496
24302700,-12.946655
24303600,-41.112041
24304500,-38.25208
24305400,-38.245737
24306300,-35.299738
24307200,-36.996039
24308100,-29.933339
24309000,-21.988028
24309900,-8.741187
24310800,2.872642
24311700,13.732353
24312600,25.650798
24313500,38.360596
24314400,61.973438
24315300,76.369844
24316200,84.014506
24317100,91.796103
24318000,118.390497
24318900,109.850054
24319800,101.653258
24320700,93.633601
24321600,91.727778
24322500,99.325346
24323400,99.328252
24324300,99.245827
24325200,98.506538
24326100,106.380338
24327000,114.583743
24327900,122.986393
24328800,132.803772
24329700,123.980803
24330600,115.495607
24331500,107.212962
24332400,87.064752
24333300,79.647019
24334200,72.551322
24335100,65.616262
24336000,48.154644
24336900,48.0841
24337800,48.088948
24338700,47.951479
24339600,37.170737
24340500,37.080422
24341400,37.086628
24342300,43.488968
24343200,39.429079
24344100,39.330989
24345000,32.759392
24345900,32.568241
24346800,38.663076
24347700,32.250092
24348600,26.178779
24349500,20.173743
24350400,39.205822
24351300,33.555822
24352200,28.196487
24353100,22.956742
24354000,30.194801
24354900,30.162567
24355800,30.164781
24356700,30.101966
24357600,42.374835
24358500,42.364525
24359400,47.27687
24360300,47.256778
24361200,50.02279
24362100,50.017405
24363000,50.017775
24363900,50.007281
24364800,60.520448
24365700,66.111238
24366600,66.111608
24367500,71.935387
24368400,78.253814
24369300,91.152526
24370200,112.455369
24371100,128.003178
24372000,144.575914
24372900,144.570701
24373800,153.351819
24374700,153.341659
24375600,153.356306
24376500,144.570332
24377400,136.082594
24378300,127.872041
24379200,119.960587
24380100,112.315492
24381000,104.948809
24381900,91.00316
24382800,81.734247
24383700,75.398792
24384600,69.322152
24385500,69.30247
24386400,46.686987
24387300,46.646628
24388200,46.649402
24389100,52.405028
24390000,24.947554
24390900,30.934897
24391800,37.266435
24392700,43.669405
24393600,45.630608
24394500,52.630555
24395400,52.637374
24396300,52.443997
24397200,61.338981
24398100,61.241984
24399000,68.888514
24399900,68.699494
24400800,85.054393
24401700,92.90398
24402600,92.908657
24403500,92.776025
24404400,102.432955
24405300,102.381923
24406200,102.385429
24407100,102.285983
24408000,107.875906
24408900,107.834672
24409800,99.919857
24410700,99.839503
24411600,99.118795
24412500,91.436185
24413400,84.07208
24414300,83.988782
24415200,77.900166
24416100,64.444403
24417000,58.121876
24417900,46.130082
24418800,30.695559
24419700,15.90627
24420600,-0.780474999999999
24421500,-14.471617
24422400,-33.437175
24423300,-38.274558
24424200,-38.269832
24425100,-38.403846
24426000,-48.913623
24426900,-49.001668
24427800,-48.995618
24428700,-49.167192
24429600,-53.125038
24430500,-53.220664
24431400,-53.214093
24432300,-53.400439
24433200,-47.458793
24434100,-47.544219
24435000,-47.538349
24435900,-47.70482
24436800,-29.151095
24437700,-29.203567
24438600,-29.199962
24439500,-29.302215
24440400,-17.45789
24441300,-17.489315
24442200,-17.487155
24443100,-17.548392
24444000,-5.583991
24444900,-5.594042
24445800,-3.285932
24446700,-3.305519
24447600,-0.609029
24448500,-0.614279
24449400,-0.613918
24450300,-0.624148
24451200,1.662038
24452100,1.656446
24453000,4.276755
24453900,4.265858
24454800,4.516194
24455700,4.511023
24456600,1.891454
24457500,1.881378
24458400,1.761189
24459300,1.755775
24460200,1.756147
24461100,1.745598
24462000,1.760806
24462900,1.755392
24463800,1.755764
24464700,4.365139
24465600,4.37157
24466500,4.36614
24467400,4.366513
24468300,4.35593
24469200,-1.057721
24470100,1.551716
24471000,4.336057
24471900,4.31562
24472800,-10.156674
24473700,-7.072692
24474600,-3.765349
24475500,-3.847012
24476400,-28.869152
24477300,-25.2861
24478200,-21.40973
24479100,-17.523455
24480000,-18.313685
24480900,-4.331626
24481800,6.173344
24482700,17.403002
24483600,37.970549
24484500,44.706111
24485400,59.179254
24486300,66.622852
24487200,91.522414
24488100,99.652135
24489000,99.656991
24489900,108.00737
24490800,118.034527
24491700,117.981539
24492600,117.98518
24493500,117.881922
24494400,123.686151
24495300,115.15524
24496200,115.158182
24497100,115.074747
24498000,114.326409
24498900,106.081633
24499800,98.167034
24500700,90.440677
24501600,84.122943
24502500,70.144759
24503400,57.244003
24504300,45.249135
24505200,29.643038
24506100,14.851854
24507000,2.035189
24507900,-5.611246
24508800,-26.546091
24509700,-29.569771
24510600,-32.348484
24511500,-35.107561
24512400,-48.481455
24513300,-48.572875
24514200,-48.566593
24515100,-51.052164
24516000,-55.161747
24516900,-55.261038
24517800,-55.254215
24518700,-53.140287
24519600,-46.97085
24520500,-47.059551
24521400,-47.053456
24522300,-47.226309
24523200,-27.961271
24524100,-28.015755
24525000,-28.012011
24525900,-28.118184
24526800,-15.819772
24527700,-13.391208
24528600,-13.388966
24529500,-13.452551
24530400,-1.029458
24531300,-1.039894
24532200,-1.039177
24533100,-1.059515
24534000,4.360278
24534900,4.354827
24535800,4.355202
24536700,4.34458
24537600,4.594628
24538500,4.589599
24539400,4.589945
24540300,4.580145
24541200,4.805285
24542100,7.584255
24543000,7.584575
24543900,10.527786
24544800,10.419693
24545700,10.414825
24546600,13.541047
24547500,13.53156
24548400,13.545237
24549300,13.540368
24550200,13.540703
24551100,13.531214
24552000,13.536998
24552900,13.532114
24553800,13.53245
24554700,13.522932
24555600,11.010385
24556500,11.000953
24557400,11.001601
24558300,14.287684
24559200,-1.383161
24560100,2.067148
24561000,5.746232
24561900,9.542738
24562800,-12.029589
24563700,-7.841882
24564600,-3.356027
24565500,-3.519791
24566400,-3.378917
24567300,1.440053
24568200,11.94431
24569100,17.359903
24570000,30.698355
24570900,30.607775
24571800,30.613999
24572700,36.762841
24573600,52.035585
24574500,58.550364
24575400,65.391009
24576300,72.366333
24577200,88.751334
24578100,88.703679
24579000,96.346819
24579900,96.253953
24580800,101.474007
24581700,101.435501
24582600,93.798282
24583500,86.356203
24584400,85.683182
24585300,78.544085
24586200,71.71055
24587100,65.054426
24588000,59.672769
24588900,47.722736
24589800,42.129201
24590700,36.691287
24591600,22.465598
24592500,22.419451
24593400,17.729243
24594300,13.159235
24595200,-1.020233
24596100,-1.084454
24597000,-1.080041
24597900,-1.205188
24598800,-11.019563
24599700,-15.170148
24600600,-15.164499
24601500,-15.32472
24602400,-22.890638
24603300,-22.979936
24604200,-22.9738
24605100,-23.147816
24606000,-17.599311
24606900,-21.355579
24607800,-21.350098
24608700,-24.993551
24609600,-7.667472
24610500,-11.020935
24611400,-14.143456
24612300,-19.974836
24613200,-11.534141
24614100,-16.332098
24615000,-16.330082
24615900,-16.387267
24616800,-5.214515
24617700,-5.223901
24618600,-5.223256
24619500,-5.241547
24620400,-2.723475
24621300,-2.728377
24622200,-2.728041
24623100,-2.737594
24624000,-2.465978
24624900,-2.470416
24625800,-2.470111
24626700,-2.478761
24627600,-2.280047
24628500,-2.284151
24629400,-2.283869
24630300,-2.291866
24631200,-2.387272
24632100,-0.0841500000000002
24633000,-0.0838550000000002
24633900,2.368964
24634800,2.381036
24635700,2.376738
24636600,2.377034
24637500,2.368659
24638400,2.373764
24639300,4.989378
24640200,4.989675
24641100,7.764894
24642000,5.547253
24642900,5.538928
24643800,8.491773
24644700,11.601439
24645600,-2.230064
24646500,1.041134
24647400,8.207911
24648300,12.013038
24649200,-6.549751
24650100,2.127901
24651000,11.738013
24651900,16.728327
24652800,23.669375
24653700,35.499192
24654600,41.830167
24655500,48.249118
24656400,56.344765
24657300,63.363997
24658200,70.736533
24659100,70.580738
24660000,91.700731
24660900,91.644633
24661800,91.648488
24662700,91.539169
24663600,99.498659
24664500,99.456597
24665400,91.819622
24666300,91.737656
24667200,96.345014
24668100,96.311028
24669000,88.946321
24669900,88.880091
24670800,88.286065
24671700,81.151653
24672600,81.154074
24673500,74.24914
24674400,68.503736
24675300,62.144465
24676200,50.235188
24677100,39.209888
24678000,30.386363
24678900,20.740617
24679800,11.99159
24680700,3.973902
24681600,-15.239873
24682500,-15.296555
24683400,-15.29266
24684300,-18.529006
24685200,-27.191434
24686100,-27.264003
24687000,-24.133129
24687900,-24.274544
24688800,-27.536703
24689700,-27.61552
24690600,-27.610104
24691500,-27.763695
24692400,-25.992326
24693300,-29.01501
24694200,-34.413716
24695100,-39.319538
24696000,-24.027081
24696900,-24.07033
24697800,-24.067358
24698700,-24.151638
24699600,-14.389241
24700500,-14.415142
24701400,-14.413362
24702300,-14.463835
24703200,-4.602469
24704100,-4.610753
24705000,-4.610184
24705900,-4.626328
24706800,-2.403811
24707700,-2.408138
24708600,-2.407841
24709500,-2.416273
24710400,-2.31517
24711300,-2.319338
24712200,-2.319051
24713100,-2.327172
24714000,-2.14061
24714900,-2.144463
24715800,-2.144198
24716700,-2.151707
24717600,-2.241278
24718500,-2.245312
24719400,-2.245035
24720300,-2.252897
24721200,-2.241563
24722100,-2.245598
24723000,-2.245321
24723900,-2.253183
24724800,-2.24839
24725700,-2.252438
24726600,-2.252159
24727500,-2.260046
24728400,-4.342067
24729300,-4.349883
24730200,-4.349346
24731100,-4.364576
24732000,-17.350211
24732900,-17.381441
24733800,-17.379295
24734700,-12.671543
24735600,-25.562866
24736500,-19.202153
24737400,-15.70937
24738300,-8.298629
24739200,-3.730949
24740100,0.672343999999995
24741000,10.282636
24741900,20.630887
24742800,27.409415
24743700,33.16863
24744600,39.251122
24745500,45.430209
24746400,64.664294
24747300,71.447905
24748200,71.451524
24749100,78.448071
24750000,85.920796
24750900,85.881307
24751800,85.88402
24752700,85.807067
24753600,90.132661
24754500,90.100753
24755400,90.102945
24756300,82.941586
24757200,82.383888
24758100,75.514532
24759000,68.938468
24759900,56.471321
24760800,51.419042
24761700,35.293136
24762600,16.938483
24763500,5.261624
24764400,-11.072086
24765300,-18.975063
24766200,-21.279855
24767100,-21.354373
24768000,-29.564402
24768900,-29.617618
24769800,-29.613961
24770700,-29.717664
24771600,-37.850339
24772500,-37.91847
24773400,-37.913788
24774300,-35.739137
24775200,-36.340605
24776100,-36.414601
24777000,-36.409517
24777900,-36.553715
24778800,-29.336026
24779700,-29.40213
24780600,-29.397588
24781500,-29.526406
24782400,-15.169163
24783300,-17.829692
24784200,-17.826902
24785100,-20.36722
24786000,-13.509264
24786900,-13.533581
24787800,-13.53191
24788700,-13.579297
24789600,-4.321004
24790500,-4.328782
24791400,-4.328247
24792300,-4.343404
24793200,-2.256806
24794100,-2.260868
24795000,-2.260589
24795900,-2.268505
24796800,-3.108867
24797700,-3.114463
24798600,-3.114078
24799500,-3.124983
24800400,-2.874463
24801300,-2.879637
24802200,-2.879281
24803100,-2.889364
24804000,-3.009642
24804900,-3.01506
24805800,-3.014688
24806700,-3.025244
24807600,-3.010025
24808500,-3.015443
24809400,-3.015071
24810300,-3.025629
24811200,-3.019193
24812100,-3.024628
24813000,-3.024254
24813900,-3.034845
24814800,-5.830633
24815700,-5.841128
24816600,-5.840407
24817500,-5.860859
24818400,-23.298283
24819300,-23.34022
24820200,-23.337338
24821100,-23.419062
24822000,-49.642819
24822900,-49.73633
24823800,-49.729904
24824700,-49.91213
24825600,-54.97784
24826500,-55.080953
24827400,-55.073868
24828300,-55.274807
24829200,-53.687115
24830100,-51.326713
24831000,-48.699862
24831900,-46.112654
24832800,-23.040048
24833700,-19.806308
24834600,-16.31345
24835500,-8.904825
24836400,5.198098
24837300,9.416815
24838200,18.593918
24839100,23.402221
24840000,34.345589
24840900,34.302742
24841800,34.305686
24842700,39.585224
24843600,38.836333
24844500,33.428883
24845400,33.431935
24846300,28.210523
24847200,24.348968
24848100,15.13275
24849000,6.795578
24849900,2.842307
24850800,-8.972502
24851700,-18.406476
24852600,-26.267685
24853500,-28.675169
24854400,-39.699794
24855300,-39.771254
24856200,-39.766344
24857100,-39.905598
24858000,-50.826351
24858900,-50.917839
24859800,-50.911553
24860700,-51.089836
24861600,-55.202451
24862500,-55.301816
24863400,-55.294988
24864300,-55.488621
24865200,-49.314632
24866100,-49.403398
24867000,-49.397299
24867900,-49.570279
24868800,-30.291026
24869700,-30.34555
24870600,-30.341803
24871500,-28.140636
24872400,-13.371955
24873300,-13.404608
24874200,-10.78244
24875100,-8.062451
24876000,4.369809
24876900,4.359364
24877800,4.360082
24878700,1.556109
24879600,4.358044
24880500,4.352589
24881400,4.352964
24882300,4.342334
24883200,-0.811625
24884100,1.643953
24885000,1.644339
24885900,1.633398
24886800,4.504664
24887700,1.879548
24888600,1.879905
24889500,1.869789
24890400,1.749117
24891300,4.363607
24892200,4.36398
24893100,7.137009
24894000,7.152278
24894900,10.099115
24895800,10.099488
24896700,10.088895
24897600,13.221241
24898500,13.215788
24899400,13.216163
24900300,13.205538
24901200,13.70506
24902100,13.694531
24903000,13.695254
24903900,13.674735
24904800,-3.819775
24905700,-0.373851999999999
24906600,3.305533
24907500,7.093493
24908400,-17.462723
24909300,-13.284795
24910200,-8.798268
24911100,-4.287711
24912000,-9.370005
24912900,0.573036999999999
24913800,5.943179
24914700,17.172031
24915600,24.842255
24916500,31.066489
24917400,31.073438
24918300,37.45472
24919200,61.341079
24920100,68.369305
24921000,75.741222
24921900,75.602953
24922800,93.310225
24923700,101.174672
24924600,109.37872
24925500,117.763143
24926400,123.590671
24927300,123.547684
24928200,132.331397
24929100,132.247628
24930000,131.496286
24930900,122.670963
24931800,122.674025
24932700,114.09909
24933600,115.15261
24934500,98.991673
24935400,83.987713
24936300,69.968661
24937200,52.399428
24938100,40.436302
24939000,29.480633
24939900,14.640369
24940800,-5.172173
24941700,-5.243867
24942600,-5.238941
24943500,-5.378651
24944400,-20.403523
24945300,-20.49531
24946200,-20.489003
24947100,-20.66787
24948000,-24.793949
24948900,-24.893639
24949800,-20.818423
24950700,-21.01269
24951600,-14.818488
24952500,-14.907545
24953400,-14.901426
24954300,-15.074973
24955200,4.267397
24956100,4.212695
24957000,4.216454
24957900,0.0414880000000011
24958800,12.389268
24959700,12.356508
24960600,12.358759
24961500,12.294919
24962400,20.897929
24963300,24.757401
24964200,33.098231
24965100,37.557892
24966000,45.062378
24966900,45.056906
24967800,45.057282
24968700,45.046617
24969600,60.47167
24970500,55.103163
24971400,55.103539
24972300,49.958017
24973200,45.291403
24974100,45.286343
24975000,40.593312
24975900,40.58345
24976800,35.98573
24977700,35.980432
24978600,35.980796
24979500,35.97047
24980400,35.985356
24981300,35.980056
24982200,40.460501
24983100,40.450175
24984000,40.45647
24984900,40.451155
24985800,40.45152
24986700,35.961081
24987600,33.22664
24988500,28.944631
24989400,24.87697
24990300,20.987017
24991200,0.255721999999999
24992100,-3.273293
24993000,-3.270475
24993900,-6.654868
24994800,-34.559995
24995700,-34.651454
24996600,-34.645169
24997500,-34.823396
24998400,-39.777951
24999300,-39.878803
25000200,-36.56741
25001100,-36.76394
25002000,-31.723088
25002900,-31.821667
25003800,-28.138399
25004700,-28.330501
25005600,-7.839009
25006500,-7.90818
25007400,-3.835061
25008300,-3.969855
25009200,10.116261
25010100,10.064397
25011000,10.067961
25011900,9.966893
25012800,15.647952
25013700,11.334301
25014600,7.268814
25015500,3.317201
25016400,-1.091751
25017300,-4.623192
25018200,-4.620207
25019100,-8.009326
25020000,-10.108174
25020900,-13.102266
25021800,-15.883012
25022700,-15.964505
25023600,-23.132708
25024500,-25.644123
25025400,-25.640672
25026300,-28.04596
25027200,-38.828676
25028100,-38.898568
25029000,-36.586346
25029900,-36.722545
25030800,-47.403669
25031700,-47.493149
25032600,-47.487
25033500,-47.661371
25034400,-51.683745
25035300,-51.780929
25036200,-49.313059
25037100,-49.502443
25038000,-43.463927
25038900,-40.930821
25039800,-38.141235
25040700,-35.358147
25041600,-13.376043
25042500,-13.42937
25043400,-13.425706
25044300,-10.225163
25045200,1.812266
25046100,1.780329
25047000,1.782523
25047900,-1.584175
25048800,10.575288
25049700,7.439185
25050600,7.439887
25051500,4.467708
25052400,4.424541
25053300,4.419205
25054200,4.419572
25055100,4.409175
25056000,-0.849803
25056900,-0.855487
25057800,-0.855096
25058700,1.595022
25059600,1.849439
25060500,4.46411
25061400,7.248091
25062300,10.190124
25063200,16.498326
25064100,16.492825
25065000,16.493203
25065900,19.97048
25066800,19.985935
25067700,19.980433
25068600,19.980811
25069500,19.970089
25070400,19.976625
25071300,23.6476
25072200,23.647979
25073100,27.507174
25074000,28.736266
25074900,32.997351
25075800,37.478165
25076700,42.150774
25077600,34.488618
25078500,45.405238
25079400,57.319772
25080300,70.14047
25081200,55.100974
25082100,62.373051
25083000,70.019441
25083900,77.752029
25084800,80.807918
25085700,89.191297
25086600,107.057638
25087500,125.92306
25088400,137.53647
25089300,158.393516
25090200,180.669503
25091100,204.088224
25092000,233.674459
25092900,246.282282
25093800,246.287218
25094700,246.147255
25095600,269.374687
25096500,256.284039
25097400,243.608093
25098300,231.175694
25099200,225.094326
25100100,202.112202
25101000,191.146888
25101900,170.10269
25102800,159.341128
25103700,140.226534
25104600,122.370487
25105500,105.594097
25106400,98.742864
25107300,76.593355
25108200,56.856369
25109100,44.860144
25110000,24.043429
25110900,5.63444
25111800,-12.769247
25112700,-24.352575
25113600,-40.31729
25114500,-40.389862
25115400,-40.384875
25116300,-40.526295
25117200,-51.616912
25118100,-51.709822
25119000,-51.703438
25119900,-51.884494
25120800,-56.061078
25121700,-56.161988
25122600,-56.155054
25123500,-56.351699
25124400,-50.081678
25125300,-50.171826
25126200,-50.165631
25127100,-50.341302
25128000,-30.762176
25128900,-30.817548
25129800,-30.813744
25130700,-30.921648
25131600,-18.422728
25132500,-18.455889
25133400,-18.453611
25134300,-18.518232
25135200,-5.892599
25136100,-5.903206
25137000,-5.902477
25137900,-5.923146
25138800,-3.07763
25139700,-3.08317
25140600,-3.082789
25141500,-3.093585
25142400,13.410859
25143300,10.27986
25144200,10.280211
25145100,10.270251
25146000,10.499062
25146900,10.494336
25147800,10.494661
25148700,10.485452
25149600,10.375597
25150500,10.370649
25151400,13.496877
25152300,16.791698
25153200,20.293596
25154100,20.288647
25155000,23.965481
25155900,23.955838
25156800,27.831667
25157700,27.826703
25158600,31.89541
25159500,31.885737
25160400,33.60397
25161300,33.594385
25162200,33.595043
25163100,38.056445
25164000,22.130109
25164900,22.091806
25165800,26.787817
25166700,26.713176
25167600,0.654449
25168500,0.569041999999996
25169400,0.574909999999996
25170300,0.408476
25171200,-4.21825
25172100,0.599207999999997
25173000,0.60568
25173900,5.55701
25174800,7.007116
25175700,6.915059
25176600,12.284419
25177500,12.105028
25178400,27.626771
25179300,27.562177
25180200,27.566616
25181100,27.44074
25182000,31.24269
25182900,26.059402
25183800,26.06273
25184700,21.056713
25185600,21.668493
25186500,17.149278
25187400,12.880223
25188300,8.735597
25189200,8.051604
25190100,0.464592
25191000,-3.020619
25191900,-9.530025
25192800,-11.523214
25193700,-19.427004
25194600,-21.731739
25195500,-21.80784
25196400,-26.055171
25197300,-26.102071
25198200,-26.098848
25199100,-26.190242
25200000,-36.259497
25200900,-36.324764
25201800,-36.320279
25202700,-36.447466
25203600,-46.421851
25204500,-46.505411
25205400,-46.499669
25206300,-46.662502
25207200,-50.418727
25208100,-50.509481
25209000,-50.503245
25209900,-50.680099
25210800,-45.041134
25211700,-45.122208
25212600,-45.116637
25213500,-45.274627
25214400,-27.666071
25215300,-27.715871
25216200,-27.712449
25217100,-27.809493
25218000,-16.568545
25218900,-16.598369
25219800,-16.59632
25220700,-16.654437
25221600,-5.299529
25222500,-5.309069
25223400,-5.308413
25224300,-5.327002
25225200,-2.767877
25226100,-2.77286
25227000,-2.772517
25227900,-2.782226
25228800,-2.506182
25229700,-2.510693
25230600,-2.510383
25231500,-2.519174
25232400,-2.317219
25233300,-2.32139
25234200,-2.321104
25235100,-2.329232
25236000,-2.426193
25236900,-2.43056
25237800,-2.43026
25238700,-2.438771
25239600,-2.426502
25240500,-2.43087
25241400,-2.430569
25242300,-2.439081
25243200,-2.433892
25244100,-2.438273
25245000,-2.437972
25245900,-2.44651
25246800,-4.700306
25247700,-4.708767
25248600,-4.708185
25249500,-4.724673
25250400,-18.781678
25251300,-18.815485
25252200,-18.813162
25253100,-18.879042
25254000,-41.879165
25254900,-41.954548
25255800,-41.949368
25256700,-42.096267
25257600,-46.179938
25258500,-46.263063
25259400,-46.257351
25260300,-46.419336
25261200,-45.139434
25262100,-45.220685
25263000,-45.215102
25263900,-45.373437
25264800,-31.673536
25265700,-31.730548
25266600,-31.726631
25267500,-31.837732
25268400,-23.748474
25269300,-23.791222
25270200,-23.788284
25271100,-23.871587
25272000,-16.881693
25272900,-11.835116
25273800,-6.09685
25274700,-3.038271
25275600,3.150479
25276500,10.661117
25277400,14.731943
25278300,23.413992
25279200,33.865521
25280100,28.919416
25281000,24.228405
25281900,19.681156
25282800,11.660605
25283700,3.680894
25284600,-3.480753
25285500,-6.865883
25286400,-21.831435
25287300,-24.672662
25288200,-27.288628
25289100,-32.169499
25290000,-40.973155
25290900,-41.046907
25291800,-41.041839
25292700,-41.18556
25293600,-44.500904
25294500,-44.581006
25295400,-44.575502
25296300,-44.731597
25297200,-39.754497
25298100,-39.826056
25299000,-39.821139
25299900,-39.960585
25300800,-24.418807
25301700,-24.462761
25302600,-22.152322
25303500,-14.373238
25304400,4.930944
25305300,12.069113
25306200,20.009238
25307100,28.709767
25308000,48.336925
25308900,58.826395
25309800,70.257423
25310700,82.643705
25311600,98.317071
25312500,98.312674
25313400,98.312976
25314300,98.304407
25315200,112.873379
25316100,98.402922
25317000,84.988598
25317900,72.577656
25318800,61.336811
25319700,55.969861
25320600,55.97013
25321500,50.827643
25322400,45.824974
25323300,45.820874
25324200,41.127777
25325100,36.639706
25326000,36.651224
25326900,20.76057
25327800,10.842503
25328700,2.478694
25329600,-2.285047
25330500,-2.28916
25331400,-2.288878
25332300,-2.296893
25333200,-4.412858
25334100,-4.420801
25335000,-4.420255
25335900,-4.435734
25336800,-17.63308
25337700,-15.357401
25338600,-10.274102
25339500,-1.474173
25340400,-16.275257
25341300,-8.799585
25342200,-0.454611999999997
25343100,8.580932
25344000,14.793491
25344900,20.078485
25345800,31.514296
25346700,43.764906
25347600,51.544873
25348500,65.404048
25349400,80.416197
25350300,88.185193
25351200,117.735762
25352100,109.19414
25353000,100.997426
25353900,92.975472
25354800,92.930164
25355700,92.890031
25356600,92.892788
25357500,85.447538
25358400,89.843655
25359300,89.811227
25360200,82.714275
25361100,82.651082
25362000,82.084291
25362900,75.214396
25363800,62.313014
25364700,56.170172
25365600,45.534467
25366500,30.092579
25367400,16.649599
25368300,4.971728
25369200,-8.466169
25370100,-16.86085
25371000,-21.626792
25371900,-21.702525
25372800,-30.046406
25373700,-30.100489
25374600,-30.096773
25375500,-30.202167
25376400,-38.467433
25377300,-38.536675
25378200,-38.531917
25379100,-38.666849
25380000,-41.779442
25380900,-41.854645
25381800,-41.849478
25382700,-41.996027
25383600,-37.323303
25384500,-37.390485
25385400,-37.385869
25386300,-37.516787
25387200,-22.92547
25388100,-22.966736
25389000,-22.963901
25389900,-23.044316
25390800,-13.729513
25391700,-13.754226
25392600,-13.752528
25393500,-13.800687
25394400,-4.391451
25395300,-4.399356
25396200,-4.398813
25397100,-4.414217
25398000,-2.2936
25398900,-2.297728
25399800,-2.297444
25400700,-2.30549
25401600,-3.11053
25402500,-3.116129
25403400,-3.115744
25404300,-3.126655
25405200,-2.876001
25406100,-2.881178
25407000,-2.880822
25407900,-2.89091
25408800,-3.011253
25409700,-3.016673
25410600,-3.016301
25411500,-3.026863
25412400,-3.011636
25413300,-3.017057
25414200,-3.016684
25415100,-3.027248
25416000,-3.020808
25416900,-3.026246
25417800,-3.025872
25418700,-3.036468
25419600,-5.833752
25420500,-5.844253
25421400,-5.843531
25422300,-5.863994
25423200,-23.310749
25424100,-23.352708
25425000,-23.349825
25425900,-23.431592
25426800,-51.978033
25427700,-52.071594
25428600,-52.065165
25429500,-52.247488
25430400,-57.315908
25431300,-57.419077
25432200,-57.411988
25433100,-57.613035
25434000,-56.024494
25434900,-56.125338
25435800,-56.118409
25436700,-56.314925
25437600,-39.311388
25438500,-39.382148
25439400,-39.377286
25440300,-39.515178
25441200,-29.475253
25442100,-29.528309
25443000,-29.524663
25443900,-29.628053
25444800,-23.816433
25445700,-23.859303
25446600,-23.856357
25447500,-23.939898
25448400,-24.689189
25449300,-24.73363
25450200,-24.730576
25451100,-24.817178
25452000,-23.766535
25452900,-23.809315
25453800,-23.806375
25454700,-23.889741
25455600,-28.542546
25456500,-28.593923
25457400,-28.590393
25458300,-28.690511
25459200,-39.721035
25460100,-39.792533
25461000,-39.78762
25461900,-39.926949
25462800,-50.853545
25463700,-50.945082
25464600,-50.938792
25465500,-51.117171
25466400,-55.231986
25467300,-55.331404
25468200,-55.324573
25469100,-55.51831
25470000,-49.341017
25470900,-49.429831
25471800,-49.423728
25472700,-49.596801
25473600,-30.307232
25474500,-30.361786
25475400,-30.358037
25476300,-30.464345
25477200,-18.150273
25478100,-18.182944
25479000,-18.180699
25479900,-18.244364
25480800,-5.805453
25481700,-5.815903
25482600,-5.815185
25483500,-5.835548
25484400,-3.032115
25485300,-3.037573
25486200,-3.037198
25487100,-3.047833
25488000,-3.120713
25488900,-3.126331
25489800,-3.125945
25490700,-3.136891
25491600,-2.885416
25492500,-2.89061
25493400,-2.890253
25494300,-2.900374
25495200,-3.021111
25496100,-3.026549
25497000,-3.026175
25497900,-3.036772
25498800,-3.021495
25499700,-3.026934
25500600,-3.02656
25501500,-3.037159
25502400,-3.030698
25503300,-3.036153
25504200,-3.035778
25505100,-3.046409
25506000,-5.852851
25506900,-5.863386
25507800,-5.862662
25508700,-5.883192
25509600,-23.387063
25510500,-23.42916
25511400,-21.118848
25512300,-16.119765
25513200,-41.976041
25514100,-42.069908
25515000,-39.111185
25515900,-39.294105
25516800,-44.379118
25517700,-38.052274
25518600,-34.557164
25519500,-31.082374
25520400,-25.618682
25521300,-25.719857
25522200,-21.644539
25523100,-21.841699
25524000,-4.782496
25524900,-4.853488
25525800,-4.84861
25526700,-4.986953
25527600,5.08584
25528500,0.964245000000002
25529400,-2.902047
25530300,-3.005776
25531200,-0.851624000000001
25532100,-0.894634
25533000,-4.379677
25533900,-7.767954
25534800,-11.645586
25535700,-11.690172
25536600,-11.687109
25537500,-14.726267
25538400,-13.672184
25539300,-16.498724
25540200,-19.1157
25541100,-21.660531
25542000,-28.635988
25542900,-28.687533
25543800,-28.683992
25544700,-28.784438
25545600,-39.851073
25546500,-39.922805
25547400,-39.917876
25548300,-40.057661
25549200,-51.020029
25550100,-51.111865
25551000,-51.105555
25551900,-51.284517
25552800,-55.412804
25553700,-55.512547
25554600,-55.505694
25555500,-55.700064
25556400,-49.502549
25557300,-49.591653
25558200,-49.585531
25559100,-49.75917
25560000,-30.406452
25560900,-30.461183
25561800,-30.457423
25562700,-30.564079
25563600,-18.209693
25564500,-18.242471
25565400,-18.240218
25566300,-18.304092
25567200,-5.824459
25568100,-5.834943
25569000,-5.834222
25569900,-5.854653
25570800,-3.042041
25571700,-3.047517
25572600,-3.047141
25573500,-3.057811
25574400,-3.042277
25575300,-3.047753
25576200,-3.047377
25577100,-3.058048
25578000,-2.812894
25578900,-2.817957
25579800,-2.817609
25580700,-2.827476
25581600,-2.945178
25582500,-2.950479
25583400,-2.950115
25584300,-2.960446
25585200,-2.945553
25586100,-2.950855
25587000,-2.95049
25587900,-2.960822
25588800,-2.954524
25589700,-2.959842
25590600,-2.959477
25591500,-2.96984
25592400,-5.705744
25593300,-5.716015
25594200,-5.715309
25595100,-5.735323
25596000,-22.799249
25596900,-22.840288
25597800,-22.837468
25598700,-22.917441
25599600,-50.837498
25600500,-48.621587
25601400,-46.154106
25602300,-40.928884
25603200,-39.807929
25604100,-36.604371
25605000,-33.109439
25605900,-29.62958
25606800,-24.205946
25607700,-15.964467
25608600,-6.78423
25609500,-2.06479700000001
25610400,25.063528
25611300,30.590495
25612200,42.506858
25613100,48.697347
25614000,65.095307
25614900,65.043415
25615800,65.046981
25616700,64.945859
25617600,77.466235
25618500,70.588028
25619400,57.687217
25620300,51.528176
25621200,44.961052
25622100,44.917586
25623000,44.920573
25623900,39.239696
25624800,40.267286
25625700,29.727554
25626600,20.125413
25627500,15.563796
25628400,2.672975
25629300,-8.411716
25630200,-17.790887
25631100,-23.292354
25632000,-38.849451
25632900,-38.91938
25633800,-38.914575
25634700,-39.050847
25635600,-49.737685
25636500,-49.827213
25637400,-49.821061
25638300,-49.995526
25639200,-54.020051
25640100,-54.117288
25641000,-54.110606
25641900,-54.300092
25642800,-48.258345
25643700,-48.345211
25644600,-46.031823
25645500,-43.739905
25646400,-24.8736
25647300,-24.926956
25648200,-24.92329
25649100,-25.027265
25650000,-12.983396
25650900,-13.01535
25651800,-13.013154
25652700,-10.455498
25653600,1.710471
25654500,-0.919674
25655400,-3.380165
25656300,-5.707501
25657200,-2.965582
25658100,-2.97092
25659000,-2.970553
25659900,-2.980956
25660800,-3.158912
25661700,-3.164598
25662600,-3.164207
25663500,-3.175288
25664400,-2.920734
25665300,-2.925992
25666200,-2.925631
25667100,-2.935876
25668000,-3.05809
25668900,-3.063595
25669800,-3.063216
25670700,-3.073943
25671600,-3.058479
25672500,-3.063984
25673400,-3.063606
25674300,-3.074334
25675200,-3.067794
25676100,-3.073317
25677000,-3.072937
25677900,-3.083698
25678800,-5.924491
25679700,-5.935155
25680600,-5.934423
25681500,-5.955204
25682400,-23.673327
25683300,-23.715939
25684200,-23.713011
25685100,-23.79605
25686000,-50.479088
25686900,-48.112911
25687800,-42.702837
25688700,-39.935723
25689600,-41.95709
25690500,-35.269403
25691400,-31.585709
25692300,-27.919933
25693200,-22.238317
25694100,-18.068986
25695000,-13.581868
25695900,-9.088062
25696800,13.091587
25697700,13.019726
25698600,18.15952
25699500,18.019483
25700400,33.578605
25701300,33.524724
25702200,33.528426
25703100,33.423428
25704000,39.325443
25704900,33.918872
25705800,33.921864
25706700,28.702168
25707600,27.941222
25708500,22.984453
25709400,18.294175
25710300,13.726145
25711200,10.521386
25712100,2.539625
25713000,-7.926345
25713900,-16.872788
25714800,-28.986501
25715700,-29.038677
25716600,-29.035092
25717500,-29.136768
25718400,-40.338861
25719300,-40.411472
25720200,-40.406482
25721100,-40.547979
25722000,-51.644529
25722900,-51.737489
25723800,-51.731101
25724700,-51.912254
25725600,-56.091073
25726500,-56.192037
25727400,-56.185099
25728300,-56.381849
25729200,-50.108474
25730100,-50.19867
25731000,-47.885053
25731900,-48.060818
25732800,-26.010023
25733700,-28.526618
25734600,-28.522811
25735500,-28.630773
25736400,-16.125166
25737300,-16.158345
25738200,-16.156065
25739100,-16.220721
25740000,-3.588333
25740900,-3.598945
25741800,-3.598216
25742700,-3.618896
25743600,-0.771858
25744500,-0.7774
25745400,-0.77702
25746300,-0.787821
25747200,-2.840978
25748100,-2.846092
25749000,-2.845741
25749900,-2.855706
25750800,-2.626773
25751700,-2.631501
25752600,-2.631176
25753500,-2.64039
25754400,-2.750304
25755300,-2.755255
25756200,-2.754914
25757100,-2.764562
25758000,-2.750654
25758900,-2.755605
25759800,-2.755265
25760700,-2.764913
25761600,-2.759032
25762500,-2.763998
25763400,-2.763657
25764300,-2.773335
25765200,-5.328212
25766100,-5.337803
25767000,-5.337144
25767900,-5.355834
25768800,-21.29069
25769700,-16.560401
25770600,-11.154223
25771500,-5.150743
25772400,-24.430952
25773300,-20.839911
25774200,-20.834039
25775100,-17.130612
25776000,-21.759814
25776900,-13.513933
25777800,-9.027377
25778700,-4.517622
25779600,6.979753
25780500,12.250681
25781400,17.853185
25782300,23.507972
25783200,45.115354
25784100,51.37608
25785000,51.380521
25785900,57.832916
25786800,67.002803
25787700,73.790623
25788600,73.793953
25789500,73.699522
25790400,79.00752
25791300,78.968365
25792200,72.134778
25793100,65.480139
25794000,64.79578
25794900,52.352501
25795800,46.521017
25796700,35.48271
25797600,31.307451
25798500,21.663363
25799400,17.185966
25800300,8.769715
25801200,0.650161000000001
25802100,-3.073257
25803000,-9.862494
25803900,-13.079824
25804800,-26.10674
25805700,-23.219769
25806600,-23.215282
25807500,-20.216649
25808400,-30.19637
25809300,-26.975512
25810200,-23.481769
25811100,-19.968196
25812000,-19.85648
25812900,-19.947283
25813800,-19.941044
25814700,-20.117991
25815600,-10.407643
25816500,-10.488761
25817400,-10.483187
25818300,-14.709628
25819200,2.908349
25820100,2.858523
25821000,2.861947
25821900,2.764851
25822800,14.011813
25823700,13.981973
25824600,10.114074
25825500,10.055925
25826400,21.416908
25827300,21.407364
25828200,17.731526
25829100,17.712927
25830000,20.273421
25830900,20.268436
25831800,20.268778
25832700,20.259064
25833600,20.535256
25834500,20.530743
25835400,17.043055
25836300,17.034259
25837200,17.236322
25838100,13.927686
25839000,13.927972
25839900,10.793952
25840800,10.696939
25841700,7.740296
25842600,7.740597
25843500,7.732082
25844400,4.960737
25845300,2.336442
25846200,-0.124451
25847100,-2.440386
25848000,-2.435194
25848900,-2.439578
25849800,-2.439277
25850700,-2.447819
25851600,-4.702821
25852500,-4.711286
25853400,-4.710704
25854300,-4.727201
25855200,-18.791727
25856100,-18.825552
25857000,-18.823228
25857900,-18.889143
25858800,-41.901572
25859700,-41.976995
25860600,-41.971812
25861500,-42.11879
25862400,-46.204646
25863300,-46.287815
25864200,-46.2821
25865100,-46.444172
25866000,-45.163585
25866900,-45.24488
25867800,-45.239294
25868700,-45.397714
25869600,-31.690482
25870500,-31.747525
25871400,-31.743606
25872300,-31.854766
25873200,-23.761181
25874100,-23.803951
25875000,-23.801012
25875900,-23.884359
25876800,-19.199379
25877700,-19.233938
25878600,-19.231564
25879500,-19.298909
25880400,-19.902943
25881300,-19.938768
25882200,-19.936307
25883100,-20.00612
25884000,-19.159154
25884900,-19.193641
25885800,-19.191271
25886700,-19.258476
25887600,-23.009288
25888500,-23.050705
25889400,-23.047859
25890300,-23.128569
25891200,-32.020715
25892100,-32.078353
25893000,-32.074392
25893900,-32.186711
25894800,-40.995077
25895700,-41.068869
25896600,-41.063798
25897500,-41.207596
25898400,-44.524714
25899300,-44.604858
25900200,-44.599351
25901100,-44.75553
25902000,-39.775767
25902900,-39.847364
25903800,-39.842444
25904700,-39.981965
25905600,-24.431872
25906500,-24.47585
25907400,-24.472828
25908300,-24.558527
25909200,-14.631661
25910100,-14.657998
25911000,-14.656189
25911900,-14.707512
25912800,-4.680008
25913700,-4.688432
25914600,-4.687853
25915500,-4.704269
25916400,-2.444309
25917300,-2.448709
25918200,-2.448406
25919100,-2.45698
25920000,-2.354175
25920900,-2.358412
25921800,-2.358121
25922700,-2.366379
25923600,-2.176673
25924500,-2.180591
25925400,-2.180322
25926300,-2.187957
25927200,-2.279037
25928100,-2.28314
25929000,-2.282858
25929900,-2.290852
25930800,-2.279327
25931700,-2.28343
25932600,-2.283148
25933500,-2.291144
25934400,-2.28627
25935300,-2.290385
25936200,-2.290102
25937100,-2.298122
25938000,-4.415219
25938900,-4.423166
25939800,-4.42262
25940700,-4.438108
25941600,-17.642515
25942500,-17.674271
25943400,-17.672089
25944300,-17.733974
25945200,-39.339072
25946100,-39.409883
25947000,-39.405017
25947900,-39.543007
25948800,-43.378992
25949700,-43.457074
25950600,-43.451709
25951500,-43.603869
25952400,-42.401597
25953300,-42.47792
25954200,-42.472675
25955100,-40.313988
25956000,-24.983832
25956900,-22.417462
25957800,-22.413782
25958700,-22.518144
25959600,-12.135904
25960500,-12.176058
25961400,-12.173299
25962300,-12.251549
25963200,-7.85308
25964100,-7.885526
25965000,-10.666916
25965900,-10.730143
25966800,-11.297237
25967700,-13.950797
25968600,-16.409679
25969500,-18.782642
25970400,-17.987472
25971300,-18.01985
25972200,-18.017625
25973100,-18.080719
25974000,-21.602151
25974900,-21.641035
25975800,-21.638363
25976700,-21.714136
25977600,-30.062482
25978500,-30.116594
25979400,-30.112876
25980300,-30.218326
25981200,-38.488015
25982100,-38.557293
25983000,-38.552533
25983900,-38.687537
25984800,-41.801795
25985700,-41.877039
25986600,-41.871869
25987500,-42.018496
25988400,-37.343272
25989300,-37.41049
25990200,-37.405871
25991100,-37.53686
25992000,-22.937736
25992900,-22.979024
25993800,-22.976187
25994700,-23.056646
25995600,-13.736859
25996500,-13.761585
25997400,-13.759886
25998300,-13.808071
25999200,-4.393801
26000100,-4.40171
26001000,-4.401166
26001900,-4.416578
26002800,-2.294827
26003700,-2.298957
26004600,-2.298674
26005500,-2.306723
26006400,-3.193243
26007300,-3.198991
26008200,-3.198596
26009100,-3.209797
26010000,-2.952477
26010900,-2.957792
26011800,-2.957427
26012700,-2.967783
26013600,-3.091326
26014500,-3.09689
26015400,-3.096508
26016300,-3.107351
26017200,-0.7843
26018100,-3.097284
26019000,-3.096902
26019900,-3.107747
26020800,-3.101136
26021700,-3.106718
26022600,-3.106334
26023500,-3.117212
26024400,-5.988879
26025300,-5.999659
26026200,-5.998918
26027100,-6.019926
26028000,-23.930611
26028900,-23.973686
26029800,-21.663308
26030700,-19.286056
26031600,-45.971659
26032500,-46.067707
26033400,-43.277488
26034300,-43.464659
26035200,-48.667855
26036100,-42.695606
26037000,-39.383866
26037900,-36.10226
26038800,-30.794984
26039700,-27.02856
26040600,-22.95308
26041500,-23.154822
26042400,-1.427395
26043300,-1.500037
26044200,-1.495046
26045100,-1.636605
26046000,8.670295
26046900,8.615829
26047800,8.619571
26048700,4.241688
26049600,10.207846
26050500,10.163837
26051400,6.098495
26052300,6.012733
26053200,1.373567
26054100,1.327944
26055000,-2.345415
26055900,-5.922318
26056800,-4.843736
26057700,-14.270278
26058600,-19.670805
26059500,-24.525
26060400,-29.301529
26061300,-29.354272
26062200,-29.350648
26063100,-29.453429
26064000,-40.777268
26064900,-40.850668
26065800,-40.845624
26066700,-40.988658
26067600,-52.205806
26068500,-52.299777
26069400,-52.29332
26070300,-52.476442
26071200,-56.700676
26072100,-56.802737
26073000,-56.795724
26073900,-56.994613
26074800,-50.653058
26075700,-50.744234
26076600,-50.737969
26077500,-50.915644
26078400,-31.113141
26079300,-31.169144
26080200,-31.165296
26081100,-31.274431
26082000,-18.632912
26082900,-18.666451
26083800,-18.664147
26084700,-18.729505
26085600,-5.959827
26086500,-5.970555
26087400,-5.969818
26088300,-5.990723
26089200,-3.112743
26090100,-3.118346
26091000,-3.117961
26091900,-3.128879
26092800,-3.203697
26093700,-3.209464
26094600,-3.209068
26095500,-3.220305
26096400,-2.962143
26097300,-2.967475
26098200,-2.967109
26099100,-2.977499
26100000,-3.101446
26100900,-3.107029
26101800,-3.106645
26102700,-3.117524
26103600,-3.101841
26104500,-3.107424
26105400,-3.10704
26106300,-3.117921
26107200,-3.111288
26108100,-3.116888
26109000,-3.116504
26109900,-3.127417
26110800,-6.008485
26111700,-6.019301
26112600,-6.018558
26113500,-6.039634
26114400,-21.701536
26115300,-19.283559
26116200,-13.877045
26117100,-11.008987
26118000,-33.980104
26118900,-34.076467
26119800,-30.581848
26120700,-30.769632
26121600,-32.313368
26122500,-28.549677
26123400,-28.542376
26124300,-24.681078
26125200,-18.773213
26126100,-18.877078
26127000,-14.38986
26127900,-14.592262
26128800,7.613946
26129700,7.541066
26130600,7.546074
26131500,7.404051
26132400,17.744694
26133300,17.690049
26134200,17.693804
26135100,17.587317
26136000,18.879628
26136900,18.835475
26137800,14.358428
26138700,14.272385
26139600,9.228906
26140500,5.114769
26141400,1.247964
26142300,-2.517726
26143200,-4.923612
26144100,-11.398024
26145000,-14.347269
26145900,-19.836677
26146800,-29.397456
26147700,-29.450372
26148600,-29.446736
26149500,-29.549853
26150400,-40.910764
26151300,-40.984404
26152200,-40.979344
26153100,-41.122846
26154000,-52.376717
26154900,-52.470995
26155800,-52.464517
26156700,-52.648238
26157600,-56.886301
26158500,-56.988697
26159400,-56.981661
26160300,-57.181201
26161200,-50.818885
26162100,-50.910359
26163000,-50.904074
26163900,-51.082331
26164800,-31.214998
26165700,-31.271185
26166600,-31.267324
26167500,-31.376817
26168400,-18.693912
26169300,-18.727561
26170200,-18.725249
26171100,-18.790822
26172000,-5.979338
26172900,-5.990101
26173800,-5.989362
26174700,-6.010335
26175600,-3.122933
26176500,-3.128554
26177400,-3.128168
26178300,-3.139122
26179200,-3.123175
26180100,-3.128797
26181000,-3.12841
26181900,-3.139366
26182800,-2.887692
26183700,-2.89289
26184600,-2.892533
26185500,-2.902662
26186400,-3.023494
26187300,-3.028936
26188200,-3.028562
26189100,-3.039168
26190000,-3.023879
26190900,-3.029322
26191800,-3.028948
26192700,-3.039554
26193600,-3.033089
26194500,-3.038548
26195400,-3.038173
26196300,-3.048812
26197200,-5.857467
26198100,-5.868011
26199000,-5.867286
26199900,-5.887833
26200800,-23.405511
26201700,-21.140222
26202600,-16.056209
26203500,-10.402415
26204400,-32.634552
26205300,-32.728493
26206200,-29.23404
26207100,-29.417104
26208000,-30.829634
26208900,-27.063273
26209800,-22.987789
26210700,-18.917908
26211600,-12.842829
26212500,-12.944083
26213400,-8.243746
26214300,-8.441062
26215200,8.631598
26216100,8.560549
26217000,3.872052
26217900,3.7336
26218800,13.814339
26219700,9.280987
26220600,5.012903
26221500,0.840727000000001
26222400,6.675972
26223300,2.762978
26224200,-0.910558000000002
26225100,-4.482436
26226000,-8.539237
26226900,-11.709746
26227800,-17.442573
26228700,-20.149452
26229600,-23.86315
26230500,-23.906103
26231400,-23.903152
26232300,-23.986856
26233200,-28.658577
26234100,-28.710162
26235000,-28.706618
26235900,-28.807143
26236800,-39.882508
26237700,-39.954296
26238600,-39.949364
26239500,-40.089259
26240400,-51.060274
26241300,-51.152183
26242200,-51.145867
26243100,-51.324971
26244000,-55.456514
26244900,-55.556336
26245800,-55.549477
26246700,-55.744001
26247600,-49.541597
26248500,-49.630772
26249400,-49.624644
26250300,-49.798421
26251200,-30.430436
26252100,-30.485211
26253000,-30.481448
26253900,-30.588188
26254800,-18.224057
26255700,-18.25686
26256600,-18.254606
26257500,-18.318531
26258400,-5.829053
26259300,-5.839545
26260200,-5.838824
26261100,-5.859271
26262000,-3.044441
26262900,-3.049921
26263800,-3.049544
26264700,-3.060223
26265600,-3.242911
26266500,-3.248749
26267400,-3.248347
26268300,-3.259723
26269200,-2.998401
26270100,-3.003798
26271000,-3.003427
26271900,-3.013944
26272800,-3.139409
26273700,-3.14506
26274600,-3.144671
26275500,-3.155683
26276400,-3.139808
26277300,-3.14546
26278200,-3.145071
26279100,-3.156085
26280000,-3.149371
26280900,-3.15504
26281800,-3.15465
26282700,-3.165697
26283600,-6.082031
26284500,-6.092979
26285400,-6.092226
26286300,-6.11356
26287200,-24.302831
26288100,-24.346577
26289000,-22.036152
26289900,-19.660205
26290800,-49.421556
26291700,-46.899173
26292600,-46.892471
26293500,-47.082553
26294400,-52.366681
26295300,-52.47424
26296200,-55.086775
26297100,-55.296377
26298000,-53.640229
26298900,-53.745366
26299800,-53.738141
26300700,-53.943022
26301600,-36.21583
26302500,-36.289602
26303400,-36.284533
26304300,-36.428294
26305200,-25.961079
26306100,-26.016393
26307000,-26.012592
26307900,-23.500457
26308800,-17.4415
26309700,-14.702575
26310600,-11.74723
26311500,-11.834326
26312400,-9.489619
26313300,-9.535951
26314200,-6.228304
26315100,-6.318592
26316000,-1.735236
26316900,-1.779837
26317800,1.899722
26318700,1.812808
26319600,0.831934
26320500,4.846736
26321400,9.122161
26322300,13.497862
26323200,6.691269
26324100,11.528365
26325000,16.668343
26325900,21.886119
26326800,16.090672
26327700,5.03603099999999
26328600,-0.0922680000000042
26329500,-5.189875
26330400,-14.173192
26331300,-14.276841
26332200,-18.7498
26333100,-18.951782
26334000,-16.783334
26334900,-16.875928
26335800,-20.937931
26336700,-21.11837
26337600,-1.007856
26338500,-1.064731
26339400,-1.060823
26340300,-1.171655
26341200,11.666492
26342100,15.700797
26343000,15.703137
26343900,19.908506
26344800,37.356887
26345700,37.345992
26346600,32.86666
26347500,32.845429
26348400,31.49643
26349300,31.49074
26350200,31.491131
26351100,31.480043
26352000,36.012809
26352900,40.487641
26353800,50.093017
26354700,55.217643
26355600,60.815698
26356500,66.407019
26357400,72.241627
26358300,78.309502
26359200,84.52202
26360100,84.516938
26361000,91.095624
26361900,97.921998
26362800,97.936276
26363700,97.931193
26364600,97.931542
26365500,97.921637
26366400,97.927675
26367300,105.021757
26368200,105.022107
26369100,105.012172
26370000,102.389357
26370900,102.379511
26371800,102.380188
26372700,102.361001
26373600,86.002416
26374500,85.963074
26375400,93.332819
26376300,93.256152
26377200,66.490177
26378100,66.402452
26379000,66.40848
26379900,66.237528
26380800,61.48523
26381700,69.028361
26382600,69.035008
26383500,76.764149
26384400,78.253611
26385300,94.847544
26386200,103.634802
26387100,112.528928
26388000,147.541426
26388900,147.475079
26389800,147.479637
26390700,157.351369
26391600,166.765095
26392500,166.715349
26393400,166.718767
26394300,166.621825
26395200,172.07097
26396100,172.030774
26397000,182.352024
26397900,182.273694
26398800,181.571136
26399700,181.529467
26400600,181.532331
26401500,181.45113
26402400,193.07716
26403300,182.396132
26404200,172.0804
26405100,162.001211
26406000,147.950089
26406900,138.520947
26407800,129.445871
26408700,129.351997
26409600,110.228697
26410500,110.161658
26411400,101.678168
26412300,101.547529
26413200,91.302435
26414100,83.016215
26415000,83.022113
26415900,82.85486
26416800,78.996689
26417700,70.985824
26418600,70.992229
26419500,70.810576
26420400,76.602585
26421300,68.879446
26422200,68.885168
26423100,68.722889
26424000,79.442309
26424900,79.391159
26425800,86.761715
26426700,86.662037
26427600,98.20807
26428500,98.177437
26429400,98.179542
26430300,105.759713
26431200,117.422798
26432100,117.413
26433000,125.331322
26433900,125.312228
26434800,136.141201
26435700,136.136083
26436600,136.136435
26437500,136.126463
26438400,120.291959
26439300,112.64746
26440200,105.280737
26441100,98.172527
26442000,91.543685
26442900,84.961064
26443800,78.636003
26444700,72.55032
26445600,66.616454
26446500,61.015793
26447400,55.653067
26448300,50.50947
26449200,45.610435
26450100,40.912569
26451000,36.432797
26451900,32.15231
26452800,28.089274
26453700,24.214824
26454600,24.215133
26455500,20.52987
26456400,14.726906
26457300,11.413753
26458200,8.288462
26459100,2.535634
26460000,-14.522811
26460900,-14.557536
26461800,-14.55515
26462700,-14.622818
26463600,-38.247176
26464500,-35.70468
26465400,-32.91574
26466300,-33.066626
26467200,-34.308857
26468100,-31.26835
26469000,-27.95802
26469900,-24.636403
26470800,-19.64527
26471700,-15.858776
26472600,-11.784676
26473500,-3.195483
26474400,15.56962
26475300,15.51106
26476200,20.426721
26477100,25.447461
26478000,33.756265
26478900,33.712358
26479800,39.078409
26480700,38.992846
26481600,43.802404
26482500,38.403893
26483400,38.40633
26484300,33.202338
26485200,32.582242
26486100,22.940448
26487000,14.19115
26487900,10.051115
26488800,3.374158
26489700,-0.149243000000002
26490600,-6.577162
26491500,-12.382046
26492400,-18.852523
26493300,-23.663653
26494200,-23.660732
26495100,-23.743587
26496000,-32.872187
26496900,-32.931357
26497800,-32.927291
26498700,-33.042597
26499600,-42.085189
26500500,-42.160942
26501400,-42.155737
26502300,-42.303359
26503200,-45.708683
26504100,-45.790959
26505000,-45.785305
26505900,-45.945637
26506800,-40.833456
26507700,-40.906957
26508600,-38.594487
26509500,-33.6566
26510400,-14.90939
26511300,-12.002264
26512200,-8.873274
26513100,-2.168791
26514000,11.698537
26514900,11.6715
26515800,11.673358
26516700,11.62067
26517600,25.784768
26518500,21.90617
26519400,21.906764
26520300,18.213418
26521200,20.533473
26522100,20.528956
26523000,20.529266
26523900,20.520464
26524800,24.302498
26525700,28.168098
26526600,32.236763
26527500,36.500029
26528400,41.17486
26529300,41.170838
26530200,45.864493
26531100,50.768292
26532000,55.809646
26532900,55.805435
26533800,50.670868
26534700,50.662661
26535600,50.674492
26536500,45.758643
26537400,41.065554
26538300,36.577265
26539200,32.310524
26540100,28.237934
26541000,24.368274
26541900,24.360041
26542800,18.510154
26543700,18.501995
26544600,18.502555
26545500,18.486656
26546400,4.931127
26547300,1.410528
26548200,1.412768
26549100,1.349238
26550000,-20.830368
26550900,-17.415063
26551800,-17.410068
26552700,-13.875233
26553600,-17.813222
26554500,-14.02343
26555400,-9.949556
26556300,-5.834019
26557200,-0.119696000000005
26558100,4.495331
26559000,9.412352
26559900,9.259665
26560800,27.605686
26561700,32.913742
26562600,38.513694
26563500,44.240831
26564400,58.118843
26565300,64.402975
26566200,70.984145
26567100,77.740092
26568000,96.721743
26568900,89.321393
26569800,82.224502
26570700,82.159594
26571600,74.741142
26572500,61.802921
26573400,49.893686
26574300,33.732334
26575200,24.943632
26576100,12.090202
26577000,1.058044
26577900,-8.389352
26578800,-22.176579
26579700,-22.216497
26580600,-22.213755
26581500,-22.291543
26582400,-30.861882
26583300,-30.917433
26584200,-30.913616
26585100,-31.02187
26586000,-34.742848
26586900,-32.194044
26587800,-29.405537
26588700,-26.591858
26589600,-26.663041
26590500,-23.435822
26591400,-19.942516
26592300,-16.416549
26593200,-11.617005
26594100,-7.81606
26595000,-3.742953
26595900,-3.877424
26596800,15.381653
26597700,19.819348
26598600,19.822261
26599500,24.433042
26600400,34.000653
26601300,38.886907
26602200,38.888651
26603100,43.974041
26604000,53.638648
26604900,53.630529
26605800,53.631087
26606700,53.615265
26607600,55.793437
26608500,55.789196
26609400,55.789488
26610300,55.781224
26611200,49.962634
26612100,45.045504
26613000,40.352502
26613900,35.861717
26614800,31.835894
26615700,27.762449
26616600,23.892848
26617500,23.88295
26618400,20.088386
26619300,16.59507
26620200,16.595435
26621100,13.280609
26622000,13.295549
26622900,10.164342
26623800,7.212435
26624700,7.20207
26625600,4.424769
26626500,4.419434
26627400,4.4198
26628300,4.409404
26629200,1.66494
26630100,-0.965288
26631000,-3.425773
26631900,-3.445849
26632800,-22.870586
26633700,-22.911754
26634600,-22.908925
26635500,-22.989148
26636400,-50.996565
26637300,-51.088359
26638200,-51.082051
26639100,-51.260932
26640000,-56.233648
26640900,-56.334869
26641800,-56.327914
26642700,-56.525164
26643600,-54.966618
26644500,-55.065559
26645400,-55.05876
26646300,-55.251566
26647200,-38.569096
26648100,-38.63852
26649000,-38.63375
26649900,-38.769038
26650800,-28.91869
26651700,-28.970744
26652600,-28.967167
26653500,-29.068605
26654400,-23.366722
26655300,-23.408783
26656200,-23.405893
26657100,-23.487856
26658000,-24.222999
26658900,-24.2666
26659800,-24.263604
26660700,-24.348571
26661600,-23.317766
26662500,-23.359738
26663400,-23.356854
26664300,-23.438646
26665200,-28.003596
26666100,-28.054002
26667000,-28.050539
26667900,-28.148766
26668800,-38.971008
26669700,-39.041156
26670600,-39.036336
26671500,-39.173034
26672400,-49.89331
26673300,-49.983118
26674200,-49.976947
26675100,-50.151958
26676000,-54.189076
26676900,-54.286616
26677800,-54.279914
26678700,-54.469993
26679600,-48.409342
26680500,-48.496479
26681400,-48.490491
26682300,-48.660296
26683200,-29.73496
26684100,-29.788483
26685000,-29.784805
26685900,-29.889106
26686800,-17.807553
26687700,-17.839607
26688600,-17.837404
26689500,-17.899867
26690400,-5.695832
26691300,-5.706085
26692200,-5.70538
26693100,-5.725359
26694000,-2.974861
26694900,-2.980216
26695800,-2.979848
26696700,-2.990283
26697600,-3.061787
26698500,-3.067298
26699400,-3.066919
26700300,-3.077659
26701200,-2.830933
26702100,-2.836028
26703000,-2.835678
26703900,-2.845608
26704800,-2.964065
26705700,-2.9694
26706600,-2.969034
26707500,-2.979431
26708400,-2.964442
26709300,-2.969778
26710200,-2.969412
26711100,-2.97981
26712000,-2.973471
26712900,-2.978823
26713800,-2.978456
26714700,-2.988886
26715600,-5.742335
26716500,-5.752671
26717400,-5.751961
26718300,-5.772103
26719200,-22.94546
26720100,-22.986762
26721000,-22.983924
26721900,-23.064409
26722800,-51.163516
26723700,-51.255611
26724600,-51.249283
26725500,-51.428749
26726400,-56.417745
26727300,-56.519297
26728200,-56.512319
26729100,-56.710215
26730000,-55.146567
26730900,-55.245831
26731800,-55.23901
26732700,-55.432447
26733600,-38.695362
26734500,-38.765014
26735400,-38.760228
26736300,-38.89596
26737200,-29.013364
26738100,-29.065588
26739000,-29.062
26739900,-29.163769
26740800,-23.44322
26741700,-23.485418
26742600,-23.482518
26743500,-23.56475
26744400,-24.302299
26745300,-24.346044
26746200,-24.343038
26747100,-24.428283
26748000,-23.394103
26748900,-23.436213
26749800,-23.433319
26750700,-23.515379
26751600,-28.095273
26752500,-28.145845
26753400,-28.14237
26754300,-28.240919
26755200,-39.09859
26756100,-39.168968
26757000,-39.164132
26757900,-39.301278
26758800,-50.05665
26759700,-50.146752
26760600,-50.140561
26761500,-50.316144
26762400,-54.366479
26763300,-54.464339
26764200,-54.457615
26765100,-54.648315
26766000,-48.567823
26766900,-48.655246
26767800,-48.649238
26768700,-48.819599
26769600,-29.832306
26770500,-29.886004
26771400,-29.882314
26772300,-29.986957
26773200,-17.865851
26774100,-17.89801
26775000,-17.8958
26775900,-17.958468
26776800,-5.714479
26777700,-5.724765
26778600,-5.724058
26779500,-5.744103
26780400,-2.9846
26781300,-2.989973
26782200,-2.989603
26783100,-3.000072
26784000,-2.984832
26784900,-2.990204
26785800,-2.989835
26786700,-3.000305
26787600,-2.75978
26788500,-2.764747
26789400,-2.764406
26790300,-2.774086
26791200,-2.889566
26792100,-2.894767
26793000,-2.89441
26793900,-0.597126
26794800,1.878678
26795700,4.493402
26796600,7.277379
26797500,13.345403
26798400,16.656045
26799300,20.138826
26800200,23.815678
26801100,27.67546
26802000,29.059583
26802900,33.32125
26803800,42.495403
26804700,47.387403
26805600,35.78054
26806500,41.103311
26807400,46.702252
26808300,58.535398
26809200,37.467892
26810100,43.956449
26811000,50.798896
26811900,57.723121
26812800,60.226561
26813700,67.767426
26814600,75.691877
26815500,83.699347
26816400,93.71179
26817300,93.615021
26818200,102.40243
26819100,102.213855
26820000,118.530268
26820900,109.681607
26821800,101.198176
26822700,92.865464
26823600,94.582022
26824500,79.524203
26825400,65.592243
26826300,52.589339
26827200,46.2545
26828100,46.213363
26829000,46.216189
26829900,51.970299
26830800,51.251287
26831700,51.208642
26832600,51.211572
26833500,51.12847
26834400,52.136656
26835300,40.665156
26836200,35.304943
26837100,25.178453
26838000,11.54021
26838900,3.150799
26839800,-7.880255
26840700,-17.358951
26841600,-35.808462
26842500,-38.18449
26843400,-38.179776
26844300,-38.313474
26845200,-48.79852
26846100,-48.886357
26847000,-48.880322
26847900,-49.051492
26848800,-53.000025
26849700,-53.095425
26850600,-53.08887
26851500,-53.274778
26852400,-47.347113
26853300,-47.432338
26854200,-47.426482
26855100,-47.592561
26856000,-29.082497
26856900,-29.134845
26857800,-29.131248
26858700,-29.233261
26859600,-17.416808
26860500,-17.448159
26861400,-17.446005
26862300,-17.507097
26863200,-5.570851
26864100,-5.580878
26865000,-5.580189
26865900,-5.59973
26866800,-2.909585
26867700,-2.914822
26868600,-2.914462
26869500,-2.924668
26870400,-3.099264
26871300,-3.104843
26872200,-3.104459
26873100,-3.115331
26874000,-2.865584
26874900,-2.870742
26875800,-2.870388
26876700,-2.880439
26877600,-3.000346
26878500,-3.005747
26879400,-3.005376
26880300,-3.0159
26881200,-3.000728
26882100,-3.006129
26883000,-3.005758
26883900,-3.016284
26884800,-3.009867
26885700,-3.015285
26886600,-3.014913
26887500,-3.02547
26888400,-5.812623
26889300,-5.823086
26890200,-5.822367
26891100,-5.842756
26892000,-23.226319
26892900,-23.268126
26893800,-23.265253
26894700,-23.346724
26895600,-51.789773
26896500,-51.882994
26897400,-51.876589
26898300,-52.058251
26899200,-57.108314
26900100,-57.21111
26901000,-57.204046
26901900,-57.404364
26902800,-55.821577
26903700,-55.922056
26904600,-55.915152
26905500,-56.110957
26906400,-39.169005
26907300,-39.239509
26908200,-39.234665
26909100,-39.372057
26910000,-29.368496
26910900,-29.421359
26911800,-29.417727
26912700,-29.520742
26913600,-23.730172
26914500,-23.772886
26915400,-23.769951
26916300,-23.853189
26917200,-24.599767
26918100,-24.644046
26919000,-24.641004
26919900,-24.727292
26920800,-23.680454
26921700,-23.723079
26922600,-23.72015
26923500,-23.803214
26924400,-28.439167
26925300,-28.490358
26926200,-28.486841
26927100,-28.586596
26928000,-39.577168
26928900,-39.648407
26929800,-39.643512
26930700,-39.782337
26931600,-50.669358
26932500,-50.760563
26933400,-50.754296
26934300,-50.932028
26935200,-55.03194
26936100,-55.130998
26937000,-55.124191
26937900,-55.317226
26938800,-49.162307
26939700,-49.2508
26940600,-49.244719
26941500,-49.417165
26942400,-30.197462
26943300,-30.251817
26944200,-30.248082
26945100,-30.354006
26946000,-18.084534
26946900,-18.117086
26947800,-18.11485
26948700,-18.178285
26949600,-5.784426
26950500,-5.794838
26951400,-5.794122
26952300,-5.814412
26953200,-3.021133
26954100,-3.026571
26955000,-3.026197
26955900,-3.036794
26956800,-2.787334
26957700,-2.792351
26958600,-2.792006
26959500,-2.801784
26960400,-2.577173
26961300,-2.581812
26962200,-2.581493
26963100,-2.590533
26964000,-2.698372
26964900,-2.703229
26965800,-2.702895
26966700,-2.71236
26967600,-2.698715
26968500,-2.703573
26969400,-2.703239
26970300,-2.712705
26971200,-2.706935
26972100,-2.711807
26973000,-2.711472
26973900,-2.720967
26974800,-5.227603
26975700,-5.237012
26976600,-5.236366
26977500,-5.254703
26978400,-20.888671
26979300,-20.926271
26980200,-20.923687
26981100,-20.996958
26982000,-46.577314
26982900,-46.661153
26983800,-46.655393
26984700,-46.818771
26985600,-51.360563
26986500,-51.453013
26987400,-51.44666
26988300,-51.626817
26989200,-50.203331
26990100,-50.293698
26991000,-50.287488
26991900,-50.463586
26992800,-35.226782
26993700,-35.290191
26994600,-35.285834
26995500,-35.409398
26996400,-26.41266
26997300,-26.460203
26998200,-26.456936
26999100,-26.549583
27000000,-21.341813
27000900,-21.380229
27001800,-21.377589
27002700,-21.45245
27003600,-22.123887
27004500,-22.16371
27005400,-22.160973
27006300,-22.238577
27007200,-21.2971
27008100,-21.335434
27009000,-21.3328
27009900,-21.407504
27010800,-25.576865
27011700,-25.622904
27012600,-25.61974
27013500,-25.709456
27014400,-35.593865
27015300,-35.657935
27016200,-35.653532
27017100,-35.778384
27018000,-45.569665
27018900,-45.651691
27019800,-45.646054
27020700,-45.805899
27021600,-49.493169
27022500,-49.582257
27023400,-49.576135
27024300,-49.749742
27025200,-44.214294
27026100,-44.29388
27027000,-44.288411
27027900,-44.443501
27028800,-27.158193
27029700,-27.207078
27030600,-27.203719
27031500,-27.298982
27032400,-16.264389
27033300,-16.293665
27034200,-16.291654
27035100,-16.348704
27036000,-5.202244
27036900,-5.211608
27037800,-5.210964
27038700,-5.229212
27039600,-2.717066
27040500,-2.721957
27041400,-2.721621
27042300,-2.731152
27043200,-2.460175
27044100,-2.464603
27045000,-2.464299
27045900,-2.472928
27046800,-2.274681
27047700,-2.278776
27048600,-2.278494
27049500,-2.286473
27050400,-2.381654
27051300,-2.385941
27052200,-2.385647
27053100,-2.394001
27054000,-2.381957
27054900,-2.386245
27055800,-2.38595
27056700,-2.394306
27057600,-2.389212
27058500,-2.393513
27059400,-2.393217
27060300,-2.401598
27061200,-4.614021
27062100,-4.622326
27063000,-4.621755
27063900,-4.63794
27064800,-18.436895
27065700,-18.470081
27066600,-18.467801
27067500,-18.532472
27068400,-41.110371
27069300,-41.18437
27070200,-41.179285
27071100,-41.323487
27072000,-45.332193
27072900,-45.413792
27073800,-45.408185
27074700,-45.567196
27075600,-44.31079
27076500,-44.390549
27077400,-44.385069
27078300,-44.540497
27079200,-31.092091
27080100,-31.148057
27081000,-31.144211
27081900,-31.253273
27082800,-23.312513
27083700,-23.354476
27084600,-23.351592
27085500,-23.433365
27086400,-18.83685
27087300,-18.870756
27088200,-18.868426
27089100,-18.9345
27090000,-19.527128
27090900,-19.562277
27091800,-19.559862
27092700,-19.628357
27093600,-18.797384
27094500,-18.831219
27095400,-18.828895
27096300,-18.89483
27097200,-22.574819
27098100,-22.615453
27099000,-22.612661
27099900,-22.691847
27100800,-31.416088
27101700,-31.472637
27102600,-31.468752
27103500,-31.57895
27104400,-40.220993
27105300,-40.293391
27106200,-40.288416
27107100,-40.429499
27108000,-43.683982
27108900,-43.762613
27109800,-43.75721
27110700,-43.91044
27111600,-39.024707
27112500,-39.094951
27113400,-39.090125
27114300,-39.227011
27115200,-23.970541
27116100,-24.013688
27117000,-24.010723
27117900,-24.094804
27118800,-14.355381
27119700,-14.381221
27120600,-14.379445
27121500,-14.429799
27122400,-4.591638
27123300,-4.599903
27124200,-4.599335
27125100,-4.615441
27126000,-2.398155
27126900,-2.402471
27127800,-2.402175
27128700,-2.410587
27129600,-2.309722
27130500,-2.31388
27131400,-2.313594
27132300,-2.321696
27133200,-2.135573
27134100,-2.139417
27135000,-2.139153
27135900,-2.146643
27136800,-2.236004
27137700,-2.240029
27138600,-2.239752
27139500,-2.247595
27140400,-2.236288
27141300,-2.240314
27142200,-2.240037
27143100,-2.247881
27144000,-2.243099
27144900,-2.247137
27145800,-2.24686
27146700,0.0526909999999998
27147600,3.056688
27148500,3.04889
27149400,5.833046
27150300,8.770124
27151200,-1.059064
27152100,2.214242
27153000,2.216383
27153900,5.643665
27154800,-11.876984
27155700,-11.946458
27156600,-8.071734
27157500,-4.138752
27158400,-3.630561
27159300,0.772911999999998
27160200,0.778175999999995
27161100,5.322269
27162000,11.413476
27162900,16.47345
27163800,16.478595
27164700,16.332672
27165600,34.321673
27166500,34.269129
27167400,39.868915
27168300,39.766523
27169200,53.055937
27170100,53.016541
27171000,59.096582
27171900,65.345165
27172800,69.66058
27173700,69.628747
27174600,69.630934
27175500,76.147238
27176400,75.590852
27177300,68.979516
27178200,62.656428
27179100,56.514788
27180000,51.460669
27180900,45.832728
27181800,40.471876
27182700,40.409973
27183600,31.820179
27184500,26.870392
27185400,22.179635
27186300,17.625211
27187200,5.162758
27188100,1.041301
27189000,-2.825001
27189900,-6.604953
27190800,-18.206489
27191700,-21.578922
27192600,-27.652413
27193500,-30.568488
27194400,-36.243867
27195300,-36.317689
27196200,-36.312617
27197100,-36.456476
27198000,-31.869531
27198900,-31.93548
27199800,-31.930948
27200700,-32.059463
27201600,-17.736005
27202500,-15.156589
27203400,-15.153805
27204300,-15.232744
27205200,-3.305317
27206100,-0.377304000000001
27207000,2.750251
27207900,6.007439
27208800,18.731944
27209700,18.724184
27210600,22.401211
27211500,22.38609
27212400,24.467778
27213300,24.463725
27214200,24.464004
27215100,24.456106
27216000,27.487672
27216900,27.482089
27217800,27.482473
27218700,23.601644
27219600,23.851574
27220500,27.716362
27221400,27.716717
27222300,27.706658
27223200,31.655029
27224100,27.581258
27225000,27.58163
27225900,27.571098
27226800,27.586281
27227700,27.580876
27228600,31.649613
27229500,35.910824
27230400,40.397326
27231300,45.085283
27232200,49.997292
27233100,55.121583
27234000,57.695408
27234900,69.115387
27235800,75.19344
27236700,81.498391
27237600,77.516615
27238500,77.474777
27239400,77.477652
27240300,84.495301
27241200,56.031264
27242100,55.937974
27243000,55.944384
27243900,55.762587
27244800,50.708798
27245700,43.506747
27246600,36.677537
27247500,29.898734
27248400,19.080001
27249300,18.979447
27250200,13.152083
27251100,7.359959
27252000,24.314412
27252900,18.880822
27253800,18.88567
27254700,18.748176
27255600,23.624263
27256500,23.57136
27257400,18.663358
27258300,18.560267
27259200,19.661732
27260100,19.618986
27261000,19.621923
27261900,19.538623
27262800,18.791495
27263700,14.267102
27264600,14.270146
27265500,9.91205
27266400,10.959661
27267300,2.978689
27268200,-4.182872
27269100,-10.696348
27270000,-21.071616
27270900,-23.742769
27271800,-26.200442
27272700,-28.607691
27273600,-39.606373
27274500,-39.677664
27275400,-39.672766
27276300,-39.811692
27277200,-50.706747
27278100,-50.798019
27279000,-48.484329
27279900,-48.662192
27280800,-52.76513
27281700,-50.403068
27282600,-50.396256
27283500,-50.589434
27284400,-44.429973
27285300,-44.518531
27286200,-44.512445
27287100,-44.685019
27288000,-25.451133
27288900,-25.505529
27289800,-25.501791
27290700,-25.607792
27291600,-15.79046
27292500,-15.823036
27293400,-15.820798
27294300,-15.884279
27295200,-3.481275
27296100,-3.491695
27297000,-3.490979
27297900,-3.511284
27298800,-3.023362
27299700,-3.028804
27300600,-3.02843
27301500,-3.039035
27302400,1.656907
27303300,1.651306
27304200,4.271616
27305100,4.260701
27306000,7.29507
27306900,7.289891
27307800,7.290247
27308700,7.280155
27309600,7.159767
27310500,7.154345
27311400,7.154717
27312300,7.144151
27313200,7.159384
27314100,4.370341
27315000,4.370713
27315900,4.360146
27316800,4.366588
27317700,4.361148
27318600,4.361522
27319500,4.350922
27320400,1.552582
27321300,1.542077
27322200,-1.077126
27323100,-1.097597
27324000,-21.012133
27324900,-21.054108
27325800,-23.358643
27326700,-23.44044
27327600,-51.997662
27328500,-52.091258
27329400,-52.084827
27330300,-52.267219
27331200,-57.337553
27332100,-57.440761
27333000,-57.433669
27333900,-57.634792
27334800,-56.045651
27335700,-56.146533
27336600,-56.139601
27337500,-56.336192
27338400,-39.326233
27339300,-39.397021
27340200,-39.392157
27341100,-39.530101
27342000,-29.486384
27342900,-29.53946
27343800,-27.228394
27344700,-27.331823
27345600,-21.518008
27346500,-19.099701
27347400,-19.096754
27348300,-19.180326
27349200,-17.309976
27350100,-19.974358
27351000,-19.971303
27351900,-22.519131
27352800,-21.468091
27353700,-23.818306
27354600,-23.815365
27355500,-23.898762
27356400,-28.553325
27357300,-28.604721
27358200,-28.60119
27359100,-28.701346
27360000,-39.736035
27360900,-39.80756
27361800,-39.802646
27362700,-37.634608
27363600,-48.565331
27364500,-46.195709
27365400,-46.189417
27366300,-46.367863
27367200,-47.864307
27368100,-47.963763
27369000,-47.956929
27369900,-48.150739
27370800,-41.971113
27371700,-42.059961
27372600,-42.053856
27373500,-39.443374
27374400,-20.146521
27375300,-20.201094
27376200,-20.197344
27377100,-20.303693
27378000,-7.98497
27378900,-8.017653
27379800,-8.015408
27380700,-8.079097
27381600,4.364512
27382500,1.570438
27383400,1.571156
27384300,-1.06914
27385200,1.735352
27386100,1.729892
27387000,1.730267
27387900,1.719628
27388800,4.355042
27389700,4.349582
27390600,7.133577
27391500,7.122937
27392400,10.319656
27393300,13.440496
27394200,16.745306
27395100,20.223465
27396000,23.782597
27396900,23.777311
27397800,27.647624
27398700,27.637323
27399600,27.652173
27400500,27.646887
27401400,27.64725
27402300,31.705314
27403200,31.711594
27404100,31.706291
27405000,31.706655
27405900,35.968066
27406800,33.240059
27407700,33.229819
27408600,33.230522
27409500,33.210566
27410400,16.195898
27411300,16.154978
27412200,16.157789
27413100,16.078048
27414000,-16.033157
27414900,-11.852657
27415800,-11.846387
27416700,-12.024195
27417600,-16.967091
27418500,-17.067705
27419400,-12.58071
27420300,-12.776777
27421200,-6.534199
27422100,-6.632546
27423000,-6.625788
27423900,-6.817438
27424800,9.76499
27425700,5.002603
27426600,5.007345
27427500,0.392786999999998
27428400,10.184063
27429300,5.860578
27430200,-2.074183
27431100,-5.851506
27432000,-3.671815
27432900,-7.018086
27433800,-10.141101
27434700,-13.174846
27435600,-16.6892
27436500,-21.813658
27437400,-24.118099
27438300,-24.202556
27439200,-23.177933
27440100,-23.219654
27441000,-23.216787
27441900,-23.298088
27442800,-27.835662
27443700,-27.885767
27444600,-27.882324
27445500,-27.979963
27446400,-38.737305
27447300,-38.807032
27448200,-38.802241
27449100,-38.938119
27450000,-49.594108
27450900,-49.683377
27451800,-49.677243
27452700,-49.851204
27453600,-53.864112
27454500,-53.961068
27455400,-53.954406
27456300,-54.143344
27457200,-48.119038
27458100,-48.205653
27459000,-48.199701
27459900,-48.368488
27460800,-29.556644
27461700,-29.609846
27462600,-29.60619
27463500,-29.709866
27464400,-17.700764
27465300,-17.732625
27466200,-17.730436
27467100,-17.792525
27468000,-5.661675
27468900,-5.671866
27469800,-5.671166
27470700,-5.691025
27471600,-2.957021
27472500,-2.962344
27473400,-2.961978
27474300,-2.972351
27475200,-0.842374
27476100,1.613149
27477000,4.233464
27477900,4.222416
27478800,7.259854
27479700,7.254612
27480600,7.254972
27481500,4.461136
27482400,4.339275
27483300,7.117406
27484200,7.117783
27485100,7.107087
27486000,7.122507
27486900,7.117017
27487800,7.117394
27488700,7.106697
27489600,7.113218
27490500,7.107712
27491400,7.108091
27492300,7.097361
27493200,4.264768
27494100,1.470515
27495000,1.471245
27495900,1.450524
27496800,-18.836378
27497700,-21.34006
27498600,-23.644559
27499500,-23.727358
27500400,-52.634129
27501300,-52.72887
27502200,-52.72236
27503100,-52.906984
27504000,-58.039381
27504900,-58.143853
27505800,-58.136674
27506700,-58.340258
27507600,-56.731665
27508500,-56.833783
27509400,-56.826766
27510300,-57.025763
27511200,-39.807598
27512100,-39.879252
27513000,-37.566909
27513900,-32.625424
27514800,-16.722876
27515700,-13.650713
27516600,-10.342559
27517500,-6.959256
27518400,2.602216
27519300,2.558805
27520200,6.431738
27521100,6.347143
27522000,5.588393
27522900,5.543392
27523800,1.676534
27524700,-2.087655
27525600,-4.511748
27526500,-10.985419
27527400,-19.33826
27528300,-24.19129
27529200,-28.902826
27530100,-28.954851
27531000,-28.951277
27531900,-29.052659
27532800,-40.222416
27533700,-40.294816
27534600,-40.289841
27535500,-40.430929
27536400,-51.495447
27537300,-51.588139
27538200,-51.58177
27539100,-51.7624
27540000,-55.929155
27540900,-56.029828
27541800,-56.02291
27542700,-56.219092
27543600,-49.963826
27544500,-50.053762
27545400,-50.047582
27546300,-50.222839
27547200,-30.689787
27548100,-30.745029
27549000,-30.741233
27549900,-30.848883
27550800,-18.379376
27551700,-18.412459
27552600,-18.410186
27553500,-18.474655
27554400,-5.878732
27555300,-5.889314
27556200,-5.888587
27557100,-5.909208
27558000,-3.070388
27558900,-3.075914
27559800,-3.075535
27560700,-3.086305
27561600,-2.832777
27562500,-2.837876
27563400,-2.837526
27564300,-2.847463
27565200,-2.61919
27566100,-2.623905
27567000,-2.623581
27567900,-2.632768
27568800,-2.742365
27569700,-2.747301
27570600,-2.746962
27571500,-2.756581
27572400,-2.742714
27573300,-2.747651
27574200,-2.747311
27575100,-2.756932
27576000,-2.751067
27576900,-2.756019
27577800,-2.755679
27578700,-2.765329
27579600,-5.312831
27580500,-5.322394
27581400,-5.321737
27582300,-5.340373
27583200,-21.22923
27584100,-21.267443
27585000,-21.264817
27585900,-21.339283
27586800,-47.336689
27587700,-47.421895
27588600,-47.41604
27589500,-47.582083
27590400,-52.197922
27591300,-52.291878
27592200,-52.285422
27593100,-52.468516
27594000,-51.021823
27594900,-51.113662
27595800,-51.107352
27596700,-51.286321
27597600,-35.801103
27598500,-35.865545
27599400,-35.861117
27600300,-35.986696
27601200,-22.074668
27602100,-22.122986
27603000,-19.49974
27603900,-16.810278
27604800,-11.517603
27605700,-11.556645
27606600,-11.553962
27607500,-11.630043
27608400,-12.312427
27609300,-17.756444
27610200,-22.522275
27611100,-22.601144
27612000,-21.644317
27612900,-21.683277
27613800,-21.6806
27614700,-21.756522
27615600,-25.993858
27616500,-26.040647
27617400,-26.037432
27618300,-26.128611
27619200,-36.174171
27620100,-36.239285
27621000,-36.234811
27621900,-36.361698
27622800,-46.312611
27623700,-46.395974
27624600,-46.390246
27625500,-46.552696
27626400,-50.300082
27627300,-50.390623
27628200,-50.384401
27629100,-50.560838
27630000,-44.935143
27630900,-45.016027
27631800,-45.010469
27632700,-45.168087
27633600,-27.600968
27634500,-27.65065
27635400,-27.647236
27636300,-27.744052
27637200,-16.529556
27638100,-16.55931
27639000,-16.557265
27639900,-16.615246
27640800,-5.287059
27641700,-5.296575
27642600,-5.295921
27643500,-5.314467
27644400,-2.761364
27645300,-2.766335
27646200,-2.765993
27647100,-2.775679
27648000,-2.500284
27648900,-2.504785
27649800,-2.504476
27650700,-2.513246
27651600,-2.311767
27652500,-2.315928
27653400,-2.315642
27654300,-2.323751
27655200,-2.420484
27656100,-2.424841
27657000,-2.424541
27657900,-2.433032
27658800,-2.420792
27659700,-2.425149
27660600,-2.42485
27661500,-2.433341
27662400,-2.428165
27663300,-2.432536
27664200,-2.432235
27665100,-2.440752
27666000,-4.689245
27666900,-4.697686
27667800,-4.697106
27668700,-4.713555
27669600,-18.737481
27670500,-18.771209
27671400,-18.768891
27672300,-18.834616
27673200,-41.780615
27674100,-41.85582
27675000,-41.850653
27675900,-41.997206
27676800,-46.071268
27677700,-46.154197
27678600,-46.148498
27679500,-46.310102
27680400,-45.033212
27681300,-45.114272
27682200,-45.108702
27683100,-45.266665
27684000,-31.599002
27684900,-31.65588
27685800,-31.651972
27686700,-31.762811
27687600,-23.692589
27688500,-23.735236
27689400,-21.424887
27690300,-19.0468
27691200,-11.75542
27692100,-14.409804
27693000,-14.407436
27693900,-14.474587
27694800,-15.076877
27695700,-12.492674
27696600,-9.7066
27697500,-6.823939
27698400,-2.85353
27699300,-2.887917
27700200,-2.885554
27701100,0.351899
27702000,-3.388087
27702900,0.0586139999999986
27703800,3.737946
27704700,7.527419
27705600,-1.339058
27706500,2.671837
27707400,11.427611
27708300,16.008995
27709200,12.137693
27710100,12.064115
27711000,12.06917
27711900,11.925787
27712800,8.61824499999999
27713700,13.673188
27714600,13.678679
27715500,13.522951
27716400,18.488339
27717300,18.416949
27718200,23.784888
27719100,23.64577
27720000,39.150975
27720900,33.74409
27721800,28.612247
27722700,28.526795
27723600,33.513369
27724500,28.793729
27725400,24.315452
27726300,24.264277
27727200,29.991091
27728100,29.982691
27729000,29.983268
27729900,34.238644
27730800,36.49208
27731700,36.487693
27732600,36.487994
27733500,36.479445
27734400,32.31021
27735300,32.305985
27736200,32.306275
27737100,32.298041
27738000,28.418833
27738900,24.544976
27739800,20.868751
27740700,17.37314
27741600,13.977859
27742500,10.847881
27743400,7.895889
27744300,5.104298
27745200,2.495864
27746100,2.491773
27747000,0.0308609999999998
27747900,0.0228889999999997
27748800,-2.27967
27749700,-2.283773
27750600,-2.283491
27751500,-2.291488
27752400,-4.402474
27753300,-4.410398
27754200,-4.409854
27755100,-4.425296
27756000,-17.591586
27756900,-17.623251
27757800,-17.621076
27758700,-17.682781
27759600,-39.225513
27760500,-39.296119
27761400,-39.291267
27762300,-39.428858
27763200,-43.25377
27764100,-43.331627
27765000,-43.326277
27765900,-43.477998
27766800,-42.279196
27767700,-42.355299
27768600,-42.35007
27769500,-42.498372
27770400,-29.666558
27771300,-29.719958
27772200,-29.716289
27773100,-29.82035
27774000,-22.243664
27774900,-22.283703
27775800,-22.280952
27776700,-22.358976
27777600,-17.973204
27778500,-18.005556
27779400,-18.003333
27780300,-18.066377
27781200,-18.631834
27782100,-18.665372
27783000,-18.663067
27783900,-18.728422
27784800,-17.935548
27785700,-17.967832
27786600,-17.965614
27787500,-18.028526
27788400,-21.539792
27789300,-21.578564
27790200,-21.575899
27791100,-21.651454
27792000,-29.975701
27792900,-27.722238
27793800,-27.71853
27794700,-25.362483
27795600,-33.6083
27796500,-33.677378
27797400,-33.672632
27798300,-33.807246
27799200,-36.912515
27800100,-36.987541
27801000,-36.982386
27801900,-37.12859
27802800,-34.928055
27803700,-34.995079
27804600,-34.990473
27805500,-37.428503
27806400,-22.871522
27807300,-22.912691
27808200,-22.909862
27809100,-22.990088
27810000,-13.697205
27810900,-13.72186
27811800,-13.720166
27812700,-13.768211
27813600,-4.381117
27814500,-4.389003
27815400,-4.388461
27816300,-4.403829
27817200,-2.288202
27818100,-2.292321
27819000,-2.292038
27819900,-2.300064
27820800,-3.10321
27821700,-3.108796
27822600,-3.108412
27823500,-3.119298
27824400,-2.869233
27825300,-2.874398
27826200,-2.874043
27827100,-2.884107
27828000,-3.004167
27828900,-3.009574
27829800,-3.009203
27830700,-3.01974
27831600,-3.004549
27832500,-3.009957
27833400,-3.009585
27834300,-3.020124
27835200,-3.0137
27836100,-3.019125
27837000,-3.018752
27837900,-3.029323
27838800,-5.820024
27839700,-5.8305
27840600,-5.829781
27841500,-5.850195
27842400,-23.255894
27843300,-23.297754
27844200,-23.294878
27845100,-23.376453
27846000,-51.855719
27846900,-51.949059
27847800,-51.942646
27848700,-52.124539
27849600,-57.181033
27850500,-57.283959
27851400,-57.276887
27852300,-57.47746
27853200,-55.892657
27854100,-55.993264
27855000,-55.986351
27855900,-56.182405
27856800,-39.21888
27857700,-39.289475
27858600,-39.284624
27859500,-39.422191
27860400,-29.405892
27861300,-29.458823
27862200,-29.455186
27863100,-29.558332
27864000,-23.760388
27864900,-23.803157
27865800,-23.800218
27866700,-23.883562
27867600,-24.631091
27868500,-24.675427
27869400,-24.67238
27870300,-24.758778
27871200,-23.710607
27872100,-23.753287
27873000,-23.750354
27873900,-23.833523
27874800,-28.47538
27875700,-28.526636
27876600,-28.523114
27877500,-28.622997
27878400,-39.627564
27879300,-39.698893
27880200,-39.693992
27881100,-39.832993
27882000,-50.733877
27882900,-50.825198
27883800,-50.818923
27884700,-50.996882
27885600,-55.102015
27886500,-55.201199
27887400,-55.194383
27888300,-55.387664
27889200,-49.224908
27890100,-49.313513
27891000,-49.307425
27891900,-49.48009
27892800,-30.235913
27893700,-30.290338
27894600,-30.286599
27895500,-30.392657
27896400,-18.107562
27897300,-18.140156
27898200,-18.137916
27899100,-18.201432
27900000,-5.791791
27900900,-5.802217
27901800,-5.8015
27902700,-5.821816
27903600,-3.02498
27904500,-3.030425
27905400,-3.03005
27906300,-3.040661
27907200,-3.11337
27908100,-3.118974
27909000,-3.118589
27909900,-3.129509
27910800,-2.878626
27911700,-2.883808
27912600,-2.883452
27913500,-2.893549
27914400,-3.014002
27915300,-3.019427
27916200,-3.019054
27917100,-3.029626
27918000,-3.014385
27918900,-3.019811
27919800,-3.019438
27920700,-3.030012
27921600,-3.023566
27922500,-3.029008
27923400,-3.028635
27924300,-3.03924
27925200,-5.839078
27926100,-5.849588
27927000,-5.848866
27927900,-5.869348
27928800,-23.332028
27929700,-23.374026
27930600,-23.37114
27931500,-23.452982
27932400,-52.025483
27933300,-52.119129
27934200,-52.112694
27935100,-52.295184
27936000,-57.368231
27936900,-57.471494
27937800,-57.464399
27938700,-57.665628
27939600,-56.075637
27940500,-56.176574
27941400,-56.169638
27942300,-56.366334
27943200,-39.347274
27944100,-39.4181
27945000,-39.413233
27945900,-39.551251
27946800,-29.50216
27947700,-29.555264
27948600,-29.551616
27949500,-29.6551
27950400,-23.838175
27951300,-23.881083
27952200,-23.878135
27953100,-23.961752
27954000,-24.711727
27954900,-24.756209
27955800,-24.753152
27956700,-24.839833
27957600,-23.788231
27958500,-23.83105
27959400,-23.828107
27960300,-23.911549
27961200,-28.568602
27962100,-28.620026
27963000,-28.616492
27963900,-28.716702
27964800,-39.757295
27965700,-39.828859
27966600,-39.823941
27967500,-39.963398
27968400,-50.899969
27969300,-50.991589
27970200,-50.985293
27971100,-51.163835
27972000,-55.282407
27972900,-55.381915
27973800,-55.375078
27974700,-55.568991
27975600,-49.386059
27976500,-49.474955
27977400,-49.468846
27978300,-49.642077
27979200,-30.334899
27980100,-30.389502
27981000,-30.38575
27981900,-30.492156
27982800,-18.166842
27983700,-18.199543
27984600,-18.197296
27985500,-18.261019
27986400,-5.810752
27987300,-5.821212
27988200,-5.820493
27989100,-5.840875
27990000,-3.034883
27990900,-3.040346
27991800,-3.03997
27992700,-3.050616
27993600,-3.035118
27994500,-3.040581
27995400,-3.040206
27996300,-3.050852
27997200,-2.806274
27998100,-2.811326
27999000,-2.810979
27999900,-2.820822
28000800,-2.938247
28001700,-2.943536
28002600,-2.943173
28003500,-2.953479
28004400,-2.938621
28005300,-2.943911
28006200,-2.943547
28007100,-2.953855
28008000,-2.947571
28008900,-2.952877
28009800,-2.952512
28010700,-2.962852
28011600,-5.692318
28012500,-5.702564
28013400,-5.70186
28014300,-5.721827
28015200,-22.745598
28016100,-22.78654
28017000,-22.783727
28017900,-22.863512
28018800,-50.717868
28019700,-50.80916
28020600,-50.802887
28021500,-50.98079
28022400,-55.92633
28023300,-56.026998
28024200,-56.020081
28025100,-56.216253
28026000,-54.666225
28026900,-54.764624
28027800,-54.757863
28028700,-54.949615
28029600,-38.358315
28030500,-38.42736
28031400,-38.422616
28032300,-38.557165
28033200,-28.760649
28034100,-28.812419
28035000,-28.808861
28035900,-28.909745
28036800,-23.239023
28037700,-23.280853
28038600,-23.277979
28039500,-23.359494
28040400,-24.09062
28041300,-24.133983
28042200,-24.131003
28043100,-24.215506
28044000,-23.190334
28044900,-23.232077
28045800,-23.229209
28046700,-23.310553
28047600,-27.850555
28048500,-27.900687
28049400,-27.897242
28050300,-27.994933
28051200,-38.75803
28052100,-38.827795
28053000,-38.823001
28053900,-38.958953
28054800,-49.620642
28055700,-49.70996
28056600,-49.703822
28057500,-49.877876
28058400,-53.892932
28059300,-53.989939
28060200,-53.983273
28061100,-54.172313
28062000,-48.144784
28062900,-48.231445
28063800,-48.22549
28064700,-48.394367
28065600,-29.572458
28066500,-29.625689
28067400,-29.622031
28068300,-29.725762
28069200,-17.710234
28070100,-17.742113
28071000,-17.739922
28071900,-17.802044
28072800,-5.664704
28073700,-3.367482
28074600,-3.366781
28075500,-3.386651
28076400,-0.651185
28077300,-0.65651
28078200,-0.656144
28079100,-0.666522
28080000,4.237059
28080900,4.231386
28081800,4.231776
28082700,4.220722
28083600,4.474676
28084500,4.469431
28085400,1.849866
28086300,1.839645
28087200,1.717718
28088100,-0.748966
28089000,-3.056008
28089900,-3.06671
28090800,-3.051282
28091700,-3.056774
28092600,-3.056397
28093500,-3.0671
28094400,-3.060575
28095300,-3.066084
28096200,-3.065706
28097100,-3.076441
28098000,-5.91055
28098900,-5.921189
28099800,-5.920458
28100700,-5.94119
28101600,-23.617619
28102500,-21.352712
28103400,-21.349791
28104300,-18.971441
28105200,-47.893678
28106100,-47.98847
28107000,-45.362032
28107900,-45.546755
28108800,-47.898278
28109700,-48.002805
28110600,-47.995622
28111500,-48.199315
28112400,-46.589862
28113300,-46.692034
28114200,-43.73274
28115100,-43.931844
28116000,-26.704466
28116900,-26.776158
28117800,-23.645344
28118700,-23.785052
28119600,-10.308494
28120500,-10.362248
28121400,-10.358555
28122300,-6.975308
28123200,-1.087182
28124100,-1.130616
28125000,-1.127631
28125900,2.464222
28126800,1.705067
28127700,1.660041
28128600,-2.013359
28129500,-2.101101
28130400,-1.036626
28131300,-1.07997
28132200,-4.564989
28133100,-4.649452
28134000,-9.363509
28134900,-5.927564
28135800,-2.247494
28136700,1.52102
28137600,-9.654713
28138500,-1.387043
28139400,3.098016
28140300,7.650232
28141200,1.491431
28142100,1.398689
28143000,6.53991799999999
28143900,11.722225
28144800,7.553241
28145700,13.048689
28146600,13.05561
28147500,18.693597
28148400,24.95221
28149300,24.862227
28150200,24.86841
28151100,24.693058
28152000,44.236562
28152900,50.258625
28153800,50.262422
28154700,56.48007
28155600,68.956249
28156500,68.923148
28157400,68.925422
28158300,68.860919
28159200,81.46358
28160100,75.127638
28161000,69.051031
28161900,63.196126
28162800,60.440289
28163700,60.43476
28164600,60.43514
28165500,60.424364
28166400,45.2685
28167300,40.570019
28168200,31.818545
28169100,27.740237
28170000,24.098681
28170900,20.41747
28171800,16.929797
28172700,13.616141
28173600,10.380598
28174500,13.501547
28175400,13.501886
28176300,13.492262
28177200,16.8106
28178100,16.80566
28179000,20.293998
28179900,23.960866
28180800,23.966734
28181700,27.831729
28182600,27.83207
28183500,31.890781
28184400,33.613659
28185300,33.604091
28186200,33.604749
28187100,33.586103
28188000,22.168825
28188900,22.130592
28189800,22.133219
28190700,26.752093
28191600,0.740777999999999
28192500,5.567163
28193400,5.573021
28194300,10.541745
28195200,11.28647
28196100,5.82943
28197000,5.83588899999999
28197900,5.652697
28198800,1.965309
28199700,1.87342
28200600,-3.031903
28201500,-7.904347
28202400,7.589156
28203300,3.044598
28204200,-1.222715
28205100,-5.416728
28206000,-0.138368999999997
28206900,-0.186712999999997
28207800,-3.859885
28208700,-7.442091
28209600,-2.146584
28210500,-8.615998
28211400,-11.565586
28212300,-17.045253
28213200,-22.496614
28214100,-22.537108
28215000,-22.534326
28215900,-22.613237
28216800,-21.655898
28217700,-21.694879
28218600,-21.6922
28219500,-21.768162
28220400,-26.007766
28221300,-26.05458
28222200,-26.051363
28223100,-26.142591
28224000,-36.193526
28224900,-36.258674
28225800,-36.254197
28226700,-36.381153
28227600,-46.33739
28228500,-46.420798
28229400,-46.415067
28230300,-46.577604
28231200,-50.326995
28232100,-50.417584
28233000,-50.411359
28233900,-50.58789
28234800,-44.959185
28235700,-45.040112
28236600,-45.034551
28237500,-45.192254
28238400,-27.615735
28239300,-27.665444
28240200,-27.662028
28241100,-27.758896
28242000,-16.5384
28242900,-16.568169
28243800,-16.566124
28244700,-16.624135
28245600,-5.289887
28246500,-5.299409
28247400,-5.298755
28248300,-5.31731
28249200,-2.762841
28250100,-2.767815
28251000,-2.767473
28251900,-2.777164
28252800,-2.501622
28253700,-2.506125
28254600,-2.505816
28255500,-2.51459
28256400,-2.313003
28257300,-2.317167
28258200,-2.316881
28259100,-2.324994
28260000,-2.421779
28260900,-2.426138
28261800,-2.425839
28262700,-2.434333
28263600,-2.422087
28264500,-2.426447
28265400,-2.426147
28266300,-2.434643
28267200,-2.429464
28268100,-2.433837
28269000,-2.433537
28269900,-2.442058
28270800,-4.691754
28271700,-4.7002
28272600,-4.699619
28273500,-4.716076
28274400,-18.747506
28275300,-18.781252
28276200,-18.778933
28277100,-18.844693
28278000,-41.802969
28278900,-41.878215
28279800,-41.873044
28280700,-42.019676
28281600,-46.095918
28282500,-46.178891
28283400,-46.173189
28284300,-46.33488
28285200,-45.057306
28286100,-45.13841
28287000,-45.132837
28287900,-45.290884
28288800,-31.615908
28289700,-31.672817
28290600,-31.668907
28291500,-31.779805
28292400,-23.705266
28293300,-23.747935
28294200,-23.745003
28295100,-23.828154
28296000,-19.154199
28296900,-19.188677
28297800,-19.186308
28298700,-19.253495
28299600,-19.856107
28300500,-19.891849
28301400,-19.889393
28302300,-19.959042
28303200,-19.114069
28304100,-19.148474
28305000,-19.14611
28305900,-19.213157
28306800,-22.955143
28307700,-22.996462
28308600,-22.993623
28309500,-23.074143
28310400,-31.945364
28311300,-32.002866
28312200,-31.998915
28313100,-32.110969
28314000,-40.898608
28314900,-40.972225
28315800,-40.967167
28316700,-41.110627
28317600,-44.419938
28318500,-44.499894
28319400,-44.4944
28320300,-44.650212
28321200,-39.682167
28322100,-39.753595
28323000,-39.748687
28323900,-39.88788
28324800,-24.374379
28325700,-24.418253
28326600,-24.415239
28327500,-24.500736
28328400,-14.59723
28329300,-14.623505
28330200,-14.6217
28331100,-14.672902
28332000,-4.668995
28332900,-4.677399
28333800,-4.676821
28334700,-4.693199
28335600,-2.438557
28336500,-2.442946
28337400,-2.442645
28338300,-2.451199
28339200,-2.348635
28340100,-2.352862
28341000,-2.352572
28341900,-2.36081
28342800,-2.171551
28343700,-2.17546
28344600,-2.175191
28345500,-2.182809
28346400,-2.273674
28347300,-2.277767
28348200,-2.277486
28349100,-2.285461
28350000,-2.273964
28350900,-2.278057
28351800,-2.277776
28352700,-2.285752
28353600,-2.28089
28354500,-2.284995
28355400,-2.284713
28356300,-2.292714
28357200,-4.404829
28358100,-4.412758
28359000,-4.412213
28359900,-4.427664
28360800,-17.600999
28361700,-17.63268
28362600,-17.630503
28363500,-17.692242
28364400,-39.2465
28365300,-39.317144
28366200,-39.31229
28367100,-39.449954
28368000,-43.276912
28368900,-43.354811
28369800,-43.349458
28370700,-43.50126
28371600,-42.301817
28372500,-42.377961
28373400,-42.372729
28374300,-42.521111
28375200,-29.682431
28376100,-29.735859
28377000,-29.732188
28377900,-29.836305
28378800,-22.255565
28379700,-22.295625
28380600,-22.292873
28381500,-22.370938
28382400,-17.98282
28383300,-18.01519
28384200,-18.012965
28385100,-18.076044
28386000,-18.641803
28386900,-18.675358
28387800,-18.673053
28388700,-18.738442
28389600,-17.945144
28390500,-17.977446
28391400,-17.975226
28392300,-18.038172
28393200,-21.551316
28394100,-21.590109
28395000,-21.587443
28395900,-21.663039
28396800,-29.991739
28397700,-30.045724
28398600,-30.042014
28399500,-30.147216
28400400,-38.397445
28401300,-38.46656
28402200,-38.461811
28403100,-38.596498
28404000,-41.703428
28404900,-41.778494
28405800,-41.773336
28406700,-41.919619
28407600,-37.255396
28408500,-37.322456
28409400,-37.317848
28410300,-37.448528
28411200,-22.883759
28412100,-22.92495
28413000,-22.92212
28413900,-23.002389
28414800,-13.704533
28415700,-13.729202
28416600,-13.727507
28417500,-13.775578
28418400,-4.383461
28419300,-4.391352
28420200,-4.390809
28421100,-4.406185
28422000,0.017992
28422900,0.013871
28423800,0.0141549999999997
28424700,0.0061239999999998
28425600,1.582883
28426500,1.577149
28427400,1.577543
28428300,-0.894825
28429200,-0.638111
28430100,-0.643413
28431000,-0.643048
28431900,-0.65338
28432800,1.684561
28433700,-0.782184
28434600,-0.781802
28435500,-0.79262
28436400,-0.777025
28437300,-0.782577
28438200,-0.782195
28439100,-0.793014
28440000,-0.786419
28440900,-3.099407
28441800,-3.099024
28442700,-3.109876
28443600,-5.974786
28444500,-5.985541
28445400,-5.984802
28446300,-6.00576
28447200,-21.566879
28448100,-21.609853
28449000,-21.6069
28449900,-23.998062
28450800,-53.234629
28451700,-51.023032
28452600,-48.555255
28453500,-48.741986
28454400,-51.313013
28455300,-51.418676
28456200,-51.411416
28457100,-51.617322
28458000,-47.206757
28458900,-47.31004
28459800,-47.302943
28460700,-47.50421
28461600,-30.089604
28462500,-30.162075
28463400,-27.204822
28464300,-27.346048
28465200,-13.937514
28466100,-13.991853
28467000,-10.683656
28467900,-10.789545
28468800,-1.349429
28469700,-4.881333
28470600,-8.182779
28471500,-11.394227
28472400,-15.113906
28473300,-17.943041
28474200,-20.559838
28475100,-23.109727
28476000,-24.341103
28476900,-24.384917
28477800,-24.381906
28478700,-24.467287
28479600,-29.232577
28480500,-29.285196
28481400,-26.974161
28482300,-27.0767
28483200,-35.912699
28484100,-38.447119
28485000,-38.442087
28485900,-38.584785
28486800,-49.775537
28487700,-49.869287
28488600,-52.170264
28489500,-52.352955
28490400,-56.567248
28491300,-56.669069
28492200,-54.354654
28493100,-54.553074
28494000,-45.765249
28494900,-43.236286
28495800,-40.446415
28496700,-37.671399
28497600,-17.915495
28498500,-14.845479
28499400,-14.84164
28500300,-14.950519
28501200,-2.338747
28502100,-5.498096
28503000,-8.448069
28503900,-11.296894
28504800,1.442734
28505700,1.432032
28506600,1.432767
28507500,1.411911
28508400,7.066739
28509300,7.06115
28510200,7.061534
28511100,7.050641
28512000,4.192379
28512900,4.186626
28513800,6.970641
28514700,6.95943
28515600,7.216984
28516500,13.289826
28517400,16.594655
28518300,23.748781
28519200,31.563441
28520100,40.309697
28521000,49.915095
28521900,55.039098
28522800,66.013954
28523700,77.919991
28524600,90.824066
28525500,104.748669
28526400,119.762193
28527300,119.756606
28528200,119.75699
28529100,112.106237
28530000,109.231949
28530900,116.861024
28531800,116.861765
28532700,116.840739
28533600,106.831351
28534500,114.988628
28535400,132.260447
28536300,141.254815
28537200,130.992021
28538100,130.895884
28539000,130.90249
28539900,130.715148
28540800,125.507202
28541700,125.401193
28542600,135.4095
28543500,135.202919
28544400,136.835191
28545300,136.73157
28546200,147.057178
28547100,146.855252
28548000,164.32687
28548900,174.895078
28549800,174.900074
28550700,185.726688
28551600,196.042997
28552500,195.988481
28553400,195.992227
28554300,184.917688
28555200,190.889293
28556100,180.204327
28557000,169.888866
28557900,159.802002
28558800,149.343568
28559700,149.297904
28560600,149.301042
28561500,149.212056
28562400,150.291622
28563300,159.93618
28564200,159.939201
28565100,159.85354
28566000,165.073673
28566900,165.020882
28567800,175.342997
28568700,175.240123
28569600,163.905946
28570500,174.473396
28571400,185.446747
28572300,185.303582
28573200,185.376845
28574100,185.282788
28575000,196.927211
28575900,208.724149
28576800,216.823516
28577700,229.401007
28578600,242.444823
28579500,242.245753
28580400,261.992003
28581300,275.666721
28582200,275.672992
28583100,275.495154
28584000,309.453743
28584900,309.397688
28585800,309.40154
28586700,309.292305
28587600,321.945364
28588500,321.911794
28589400,321.914101
28590300,321.848683
28591200,334.630018
28592100,334.619281
28593000,320.48201
28593900,320.461086
28594800,323.341694
28595700,323.336086
28596600,323.336471
28597500,323.325543
28598400,309.575476
28599300,296.170961
28600200,296.171346
28601100,283.123621
28602000,283.374702
28602900,270.68987
28603800,270.690227
28604700,258.352665
28605600,258.232117
28606500,246.24646
28607400,246.246834
28608300,246.236253
28609200,234.613546
28610100,234.608116
28611000,223.307838
28611900,223.297256
28612800,223.303707
28613700,223.29826
28614600,212.330331
28615500,212.319717
28616400,209.517671
28617300,209.507153
28618200,209.507875
28619100,198.846462
28620000,181.370006
28620900,181.327975
28621800,181.330863
28622700,181.248957
28623600,163.294834
28624500,163.201114
28625400,163.207554
28626300,163.024921
28627200,157.947872
28628100,168.81283
28629000,168.819931
28629900,168.618542
28630800,170.209788
28631700,181.409423
28632600,181.416364
28633500,181.219513
28634400,198.251997
28635300,198.181116
28636200,198.185987
28637100,198.04786
28638000,208.104877
28638900,196.75108
28639800,196.754732
28640700,196.651166
28641600,202.47268
28642500,191.461434
28643400,191.464385
28644300,180.739786
28645200,169.670731
28646100,169.626215
28647000,159.62825
28647900,159.541501
28648800,150.905417
28649700,150.862564
28650600,141.484539
28651500,132.322645
28652400,127.661919
28653300,118.829694
28654200,110.345135
28655100,110.244846
28656000,90.995152
28656900,83.005884
28657800,83.010805
28658700,75.231374
28659600,56.919134
28660500,56.827442
28661400,49.734562
28662300,42.719602
28663200,38.597781
28664100,31.919857
28665000,25.601345
28665900,19.329945
28666800,19.68348
28667700,19.594514
28668600,14.004452
28669500,13.831085
28670400,27.790458
28671300,27.735812
28672200,27.739567
28673100,22.498222
28674000,34.833258
28674900,29.888895
28675800,25.197764
28676700,25.13399
28677600,33.113997
28678500,28.831785
28679400,28.832505
28680300,24.74374
28681200,23.681996
28682100,23.676529
28683000,23.676905
28683900,23.666251
28684800,9.88915
28685700,6.931053
28686600,4.147834
28687500,1.51656
28688400,1.777267
28689300,-0.68931
28690200,-2.996359
28691100,-3.006852
28692000,-3.132021
28692900,-3.137659
28693800,-3.137271
28694700,-3.148257
28695600,-3.13242
28696500,-3.138058
28697400,-3.13767
28698300,-3.148658
28699200,-3.14196
28700100,-3.147616
28701000,-3.147227
28701900,-3.158248
28702800,-6.067719
28703700,-6.078641
28704600,-6.07789
28705500,-6.099174
28706400,-24.245642
28707300,-24.289284
28708200,-24.286285
28709100,-24.371332
28710000,-54.062648
28710900,-54.159961
28711800,-54.153274
28712700,-54.342909
28713600,-59.614602
28714500,-59.721909
28715400,-59.714535
28716300,-59.923645
28717200,-58.271394
28718100,-58.376283
28719000,-58.369076
28719900,-58.573474
28720800,-40.887998
28721700,-40.961596
28722600,-40.956539
28723500,-38.792543
28724400,-28.349959
28725300,-25.94395
28726200,-25.940158
28727100,-23.427769
28728000,-17.38307
28728900,-17.427659
28729800,-17.424596
28730700,-17.511487
28731600,-20.910754
28732500,-25.725589
28733400,-25.722413
28734300,-25.812488
28735200,-24.719708
28736100,-24.764203
28737000,-24.761146
28737900,-24.847855
28738800,-29.687265
28739700,-29.740702
28740600,-29.73703
28741500,-29.841164
28742400,-41.314074
28743300,-41.38844
28744200,-41.38333
28745100,-41.528247
28746000,-52.893062
28746900,-52.988269
28747800,-52.981727
28748700,-53.16726
28749600,-57.447103
28750500,-57.550508
28751400,-57.543403
28752300,-57.744909
28753200,-51.319872
28754100,-51.412248
28755000,-51.405901
28755900,-51.585915
28756800,-31.522725
28757700,-31.579466
28758600,-31.575567
28759500,-31.686139
28760400,-18.878202
28761300,-18.912183
28762200,-18.909848
28763100,-18.976067
28764000,-6.038284
28764900,-6.049153
28765800,-6.048407
28766700,-6.069587
28767600,-3.15372
28768500,-3.159397
28769400,-3.159006
28770300,-3.170069
28771200,-2.90966
28772100,-2.914898
28773000,-2.914538
28773900,-2.924744
28774800,-2.690276
28775700,-2.695119
28776600,-2.694786
28777500,-2.704223
28778400,-2.816794
28779300,-2.821864
28780200,-2.821516
28781100,-2.831396
28782000,-2.817153
28782900,-2.822223
28783800,-2.821875
28784700,-2.831757
28785600,-2.825733
28786500,-2.830819
28787400,-2.83047
28788300,-2.840381
28789200,-5.457024
28790100,-5.466847
28791000,-5.466172
28791900,-5.485314
28792800,-21.805403
28793700,-21.844653
28794600,-21.841956
28795500,-21.918443
28796400,-48.621432
28797300,-48.708951
28798200,-48.702937
28799100,-48.873486
28800000,-53.614602
28800900,-53.711109
28801800,-53.704477
28802700,-53.892541
28803600,-52.406583
28804500,-52.500915
28805400,-52.494433
28806300,-52.678259
28807200,-36.772764
28808100,-36.838956
28809000,-36.834407
28809900,-36.963395
28810800,-27.571821
28811700,-27.62145
28812600,-27.61804
28813500,-27.714753
28814400,-22.278432
28815300,-22.318533
28816200,-22.315778
28817100,-22.393924
28818000,-23.094828
28818900,-23.136399
28819800,-23.133542
28820700,-23.214552
28821600,-22.231756
28822500,-22.271773
28823400,-22.269024
28824300,-22.347006
28825200,-26.699346
28826100,-26.747405
28827000,-26.744103
28827900,-26.837756
28828800,-37.155958
28829700,-37.222839
28830600,-37.218243
28831500,-37.348575
28832400,-47.569561
28833300,-47.655186
28834200,-47.649303
28835100,-47.816162
28836000,-51.665254
28836900,-51.758252
28837800,-51.751862
28838700,-51.933087
28839600,-46.154707
28840500,-46.237786
28841400,-46.232078
28842300,-46.393974
28843200,-28.350073
28844100,-28.401103
28845000,-28.397597
28845900,-28.49704
28846800,-16.978177
28847700,-17.008738
28848600,-17.006638
28849500,-17.066193
28850400,-5.430552
28851300,-5.440327
28852200,-5.439656
28853100,-5.458704
28854000,-0.52889
28854900,-0.533995
28855800,-0.533645
28856700,-0.543593
28857600,7.604014
28858500,7.599391
28859400,7.599709
28860300,7.5907
28861200,7.797648
28862100,10.745647
28863000,10.74594
28863900,13.863499
28864800,13.764141
28865700,13.759666
28866600,17.064436
28867500,17.055716
28868400,17.068288
28869300,17.063812
28870200,17.064119
28871100,13.750935
28872000,13.756251
28872900,13.751762
28873800,17.056534
28874700,17.047785
28875600,14.738267
28876500,18.217595
28877400,18.218191
28878300,21.87779
28879200,7.473247
28880100,3.76211
28881000,3.76449
28881900,0.208983
28882800,-26.664246
28883700,-26.741492
28884600,-29.862072
28885500,-30.012603
28886400,-37.14951
28887300,-37.23469
28888200,-37.228837
28889100,-37.394827
28890000,-36.083281
28890900,-36.166541
28891800,-36.16082
28892700,-36.32307
28893600,-19.332186
28894500,-19.390608
28895400,-22.338866
28896300,-22.452714
28897200,-14.163462
28898100,-16.990886
28899000,-16.987877
28899900,-19.693163
28900800,-17.356115
28901700,-17.39151
28902600,-19.696497
28903500,-19.76547
28904400,-20.384107
28905300,-20.420798
28906200,-20.418277
28907100,-20.489778
28908000,-19.622337
28908900,-19.657657
28909800,-19.65523
28910700,-19.724059
28911600,-23.56555
28912500,-23.607968
28913400,-23.605053
28914300,-23.687714
28915200,-32.794832
28916100,-32.853863
28917000,-32.849807
28917900,-32.964841
28918800,-41.986154
28919700,-42.061729
28920600,-42.056536
28921500,-42.203811
28922400,-45.601121
28923300,-45.683204
28924200,-45.677564
28925100,-45.837518
28926000,-40.737367
28926900,-40.810695
28927800,-40.805656
28928700,-40.94855
28929600,-25.022525
28930500,-25.067566
28931400,-25.064471
28932300,-25.152242
28933200,-14.985389
28934100,-15.012363
28935000,-15.010509
28935900,-15.063073
28936800,-4.793149
28937700,-4.801777
28938600,-4.801184
28939500,-4.817997
28940400,-2.503401
28941300,-2.507908
28942200,-2.507598
28943100,-2.516379
28944000,-2.411088
28944900,-2.415428
28945800,-2.41513
28946700,-2.423587
28947600,-2.229296
28948500,-2.233308
28949400,-2.233033
28950300,-2.240852
28951200,-2.334134
28952100,-2.338336
28953000,-2.338047
28953900,-2.346235
28954800,-2.334431
28955700,-2.338633
28956600,-2.338345
28957500,-2.346533
28958400,-2.341541
28959300,-2.345756
28960200,-2.345467
28961100,-2.35368
28962000,-4.521959
28962900,-4.530099
28963800,-4.529539
28964700,-4.545401
28965600,-18.069032
28966500,-18.101556
28967400,-18.099321
28968300,-18.162702
28969200,-40.290115
28970100,-40.362637
28971000,-40.357654
28971900,-40.498979
28972800,-44.427701
28973700,-44.507671
28974600,-44.502176
28975500,-44.658015
28976400,-43.426677
28977300,-43.504845
28978200,-43.499474
28979100,-43.651801
28980000,-30.471725
28980900,-30.526574
28981800,-30.522805
28982700,-30.62969
28983600,-22.847369
28984500,-22.888495
28985400,-22.885669
28986300,-22.96581
28987200,-18.461007
28988100,-18.494237
28989000,-18.491953
28989900,-18.556709
28990800,-19.137512
28991700,-19.17196
28992600,-19.169593
28993500,-19.236722
28994400,-18.422329
28995300,-18.455489
28996200,-18.45321
28997100,-18.51783
28998000,-22.124394
28998900,-22.164218
28999800,-22.161481
29000700,-22.239087
29001600,-30.789257
29002500,-30.844678
29003400,-30.84087
29004300,-30.948869
29005200,-39.418482
29006100,-39.489436
29007000,-39.48456
29007900,-39.622828
29008800,-42.812375
29009700,-42.889438
29010600,-42.884143
29011500,-43.034315
29012400,-38.246065
29013300,-38.314908
29014200,-38.310177
29015100,-38.444333
29016000,-23.492268
29016900,-23.534554
29017800,-23.531648
29018700,-23.614052
29019600,-14.068954
29020500,-14.094279
29021400,-14.092539
29022300,-14.141888
29023200,-4.500023
29024100,-4.508123
29025000,-4.507567
29025900,-4.523351
29026800,-2.350305
29027700,-2.354536
29028600,-2.354245
29029500,-2.362489
29030400,-3.234768
29031300,-3.24059
29032200,-3.24019
29033100,-3.251537
29034000,-2.990871
29034900,-2.996255
29035800,-2.995885
29036700,-3.006376
29037600,-3.131525
29038500,-3.137162
29039400,-3.136775
29040300,-3.147759
29041200,-3.131924
29042100,-3.137561
29043000,-3.137174
29043900,-3.148159
29044800,-3.141462
29045700,-3.147117
29046600,-3.146729
29047500,-3.157748
29048400,-6.066758
29049300,-6.077678
29050200,-6.076928
29051100,-6.098208
29052000,-24.241803
29052900,-24.285438
29053800,-24.28244
29054700,-24.367472
29055600,-54.054087
29056500,-54.151385
29057400,-54.144699
29058300,-54.334304
29059200,-59.605162
29060100,-59.712452
29061000,-59.705079
29061900,-59.914156
29062800,-58.262167
29063700,-58.367039
29064600,-58.359833
29065500,-58.564199
29066400,-40.881523
29067300,-40.95511
29068200,-40.950054
29069100,-41.093453
29070000,-30.652524
29070900,-30.707698
29071800,-30.703907
29072700,-30.811427
29073600,-24.767685
29074500,-24.812267
29075400,-24.809203
29076300,-24.896081
29077200,-25.6753
29078100,-25.721515
29079000,-25.71834
29079900,-25.808401
29080800,-24.715793
29081700,-24.760282
29082600,-24.757225
29083500,-24.84392
29084400,-29.682564
29085300,-29.735993
29086200,-29.732321
29087100,-29.836438
29088000,-41.307532
29088900,-41.381886
29089800,-41.376777
29090700,-41.521671
29091600,-52.884686
29092500,-52.979879
29093400,-52.973338
29094300,-53.158841
29095200,-57.438006
29096100,-57.541395
29097000,-57.534291
29097900,-57.735766
29098800,-51.311746
29099700,-51.404107
29100600,-51.397761
29101500,-51.577746
29102400,-31.517733
29103300,-31.574465
29104200,-31.570567
29105100,-31.681121
29106000,-18.875213
29106900,-18.909188
29107800,-18.906854
29108700,-18.973062
29109600,-6.037328
29110500,-6.048196
29111400,-6.047449
29112300,-6.068626
29113200,-3.15322
29114100,-3.158896
29115000,-3.158506
29115900,-3.169567
29116800,-3.245358
29117700,-3.251199
29118600,-3.250798
29119500,-3.262182
29120400,-3.000663
29121300,-3.006064
29122200,-3.005693
29123100,-3.016218
29124000,-3.141777
29124900,-3.147432
29125800,-3.147044
29126700,-3.158064
29127600,-3.142177
29128500,-3.147833
29129400,-3.147444
29130300,-3.158466
29131200,-3.151747
29132100,-3.15742
29133000,-3.15703
29133900,-3.168086
29134800,-6.086619
29135700,-6.097575
29136600,-6.096822
29137500,-6.118172
29138400,-24.321165
29139300,-24.364943
29140200,-24.361935
29141100,-24.447246
29142000,-54.231048
29142900,-54.328664
29143800,-54.321957
29144700,-54.512182
29145600,-59.800296
29146500,-59.907937
29147400,-59.900541
29148300,-60.110302
29149200,-58.452904
29150100,-58.55812
29151000,-56.243471
29151900,-53.987313
29152800,-33.626823
29153700,-33.700651
29154600,-30.911958
29155500,-31.055827
29156400,-20.580716
29157300,-20.636072
29158200,-23.415888
29159100,-23.523759
29160000,-17.460232
29160900,-20.124885
29161800,-22.583004
29162700,-24.977585
29163600,-25.759355
29164500,-25.805722
29165400,-25.802536
29166300,-25.892892
29167200,-24.796707
29168100,-24.841342
29169000,-24.838275
29169900,-24.925254
29170800,-29.779738
29171700,-29.833342
29172600,-29.829658
29173500,-29.934116
29174400,-41.442764
29175300,-41.517361
29176200,-41.512235
29177100,-41.657604
29178000,-53.057819
29178900,-53.153323
29179800,-53.146761
29180700,-53.332871
29181600,-57.626046
29182500,-57.729773
29183400,-57.722645
29184300,-57.92478
29185200,-51.479729
29186100,-51.572393
29187000,-51.566026
29187900,-51.7466
29188800,-31.620915
29189700,-31.677833
29190600,-31.673922
29191500,-31.784838
29192400,-18.937006
29193300,-18.971093
29194200,-18.968751
29195100,-19.035176
29196000,-6.057093
29196900,-6.067996
29197800,-6.067247
29198700,-6.088493
29199600,-3.163543
29200500,-3.169238
29201400,-3.168846
29202300,-3.179943
29203200,-3.163788
29204100,-3.169483
29205000,-3.169092
29205900,-3.18019
29206800,-2.925243
29207700,-2.930509
29208600,-2.930147
29209500,-2.940408
29210400,-3.062811
29211300,-3.068324
29212200,-3.067945
29213100,-3.078689
29214000,-3.063201
29214900,-3.068715
29215800,-3.068336
29216700,-3.079081
29217600,-3.072531
29218500,-3.078061
29219400,-3.077681
29220300,-3.088459
29221200,-5.933637
29222100,-5.944318
29223000,-5.943584
29223900,-5.964397
29224800,-23.709874
29225700,-23.752552
29226600,-23.749619
29227500,-23.832786
29228400,-52.867998
29229300,-52.963161
29230200,-52.956622
29231100,-53.142066
29232000,-58.297268
29232900,-58.402203
29233800,-58.394993
29234700,-58.599482
29235600,-56.983742
29236500,-57.086313
29237400,-57.079265
29238300,-57.279146
29239200,-39.984475
29240100,-40.056447
29241000,-40.051502
29241900,-40.191755
29242800,-29.979927
29243700,-30.033891
29244600,-30.030183
29245500,-30.135343
29246400,-24.224217
29247300,-24.26782
29248200,-24.264824
29249100,-24.349795
29250000,-25.111916
29250900,-25.157118
29251800,-25.154012
29252700,-25.242096
29253600,-24.173464
29254500,-24.216976
29255400,-24.213986
29256300,-24.298779
29257200,-29.03125
29258100,-29.083507
29259000,-29.079916
29259900,-29.181749
29260800,-40.401136
29261700,-40.473858
29262600,-40.468861
29263500,-40.610576
29264400,-51.724257
29265300,-51.817361
29266200,-51.810963
29267100,-51.992396
29268000,-51.409053
29268900,-53.971366
29269800,-53.964418
29270700,-54.161472
29271600,-47.878412
29272500,-45.507554
29273400,-45.501346
29274300,-43.057458
29275200,-20.653994
29276100,-20.709481
29277000,-20.705669
29277900,-17.861524
29278800,-5.336611
29279700,-5.369841
29280600,-8.319831
29281500,-8.384586
29282400,4.267304
29283300,4.256675
29284200,7.209678
29285100,7.188966
29286000,10.0404
29286900,10.034848
29287800,10.03523
29288700,10.024412
29289600,16.269699
29290500,16.263786
29291400,19.75219
29292300,19.740667
29293200,23.681882
29294100,23.676414
29295000,23.67679
29295900,23.666136
29296800,27.40899
29297700,27.403265
29298600,27.403659
29299500,31.460869
29300400,31.476951
29301300,31.471226
29302200,35.743363
29303100,35.732207
29304000,35.739008
29304900,35.733265
29305800,35.73366
29306700,35.722469
29307600,32.768212
29308500,32.757122
29309400,32.757884
29310300,32.736272
29311200,14.31047
29312100,14.266156
29313000,14.269201
29313900,18.662926
29314800,-11.485438
29315700,-6.89087
29316600,-1.97244300000001
29317500,2.969859
29318400,2.980051
29319300,2.871092
29320200,8.474754
29321100,14.0967
29322000,15.774384
29322900,21.745215
29323800,21.752533
29324700,27.870344
29325600,45.828058
29326500,45.753326
29327400,45.758461
29328300,45.612831
29329200,56.216161
29330100,56.160128
29331000,56.163978
29331900,56.054786
29332800,62.192533
29333700,62.147258
29334600,62.150369
29335500,68.640477
29336400,67.849138
29337300,74.638482
29338200,74.641707
29339100,81.649425
29340000,82.759027
29340900,90.080888
29341800,90.083993
29342700,97.635814
29343600,92.72191
29344500,92.66765
29345400,100.589026
29346300,100.483289
29347200,97.034165
29348100,96.958655
29349000,96.963843
29349900,96.816695
29350800,93.765034
29351700,102.449121
29352600,111.53415
29353500,120.726731
29354400,126.069523
29355300,125.964526
29356200,125.971741
29357100,125.767132
29358000,132.291072
29358900,142.198297
29359800,152.52323
29360700,162.981361
29361600,194.321694
29362500,183.295776
29363400,183.299735
29364300,172.546545
29365200,185.551639
29366100,175.198647
29367000,165.199994
29367900,155.44424
29368800,168.581178
29369700,159.189172
29370600,150.111544
29371500,150.090038
29372400,144.27003
29373300,144.264266
29374200,144.264662
29375100,144.253429
29376000,127.829358
29376900,119.906392
29377800,112.266893
29378700,104.889487
29379600,98.028384
29380500,84.608852
29381400,78.283835
29382300,72.196919
29383200,66.248341
29384100,66.243193
29385000,60.647372
29385900,60.637339
29386800,55.288768
29387700,55.283619
29388600,55.283973
29389500,50.139083
29390400,50.1452
29391300,50.140035
29392200,45.228753
29393100,45.218689
29394000,42.561767
29394900,37.858414
29395800,33.379018
29396700,29.087838
29397600,8.448162
29398500,4.538358
29399400,0.864601999999998
29400300,0.786937999999999
29401200,-29.815097
29402100,-29.903963
29403000,-29.897857
29403900,-26.583033
29404800,-31.39713
29405700,-31.495122
29406600,-31.488389
29407500,-28.002853
29408400,-26.494022
29409300,-26.589806
29410200,-26.583224
29411100,-26.76988
29412000,-10.619547
29412900,-10.686757
29413800,-10.682139
29414700,-10.813112
29415600,2.59298
29416500,2.542587
29417400,2.546049
29418300,2.447847
29419200,12.036218
29420100,11.995499
29421000,11.998297
29421900,11.918948
29422800,11.207255
29423700,3.226728
29424600,-0.446866
29425500,-7.321583
29426400,-9.449547
29427300,-15.226073
29428200,-20.304399
29429100,-22.691001
29430000,-27.110338
29430900,-27.159136
29431800,-27.155783
29432700,-27.250878
29433600,-37.727912
29434500,-37.795822
29435400,-37.791156
29436300,-37.923494
29437200,-48.301815
29438100,-48.388758
29439000,-48.382784
29439900,-48.552212
29440800,-52.460554
29441700,-52.554984
29442600,-52.548495
29443500,-52.73251
29444400,-44.557763
29445300,-42.180928
29446200,-36.771586
29447100,-33.983702
29448000,-9.231694
29448900,-5.795512
29449800,-2.115458
29450700,1.653518
29451600,13.349695
29452500,17.38703
29453400,17.389162
29454300,21.600435
29455200,33.415186
29456100,37.885342
29457000,37.886024
29457900,37.866682
29458800,40.529445
29459700,40.524261
29460600,40.524617
29461500,40.514515
29462400,66.500819
29463300,66.496125
29464200,72.330722
29465100,72.321575
29466000,78.609042
29466900,84.930057
29467800,91.508692
29468700,98.336513
29469600,112.701847
29470500,112.697303
29471400,120.337481
29472300,128.246274
29473200,136.459431
29474100,144.942983
29475000,162.802441
29475900,172.174555
29476800,191.869492
29477700,202.183422
29478600,212.824651
29479500,223.784071
29480400,232.739653
29481300,244.368809
29482200,256.349641
29483100,256.332486
29484000,254.033666
29484900,253.99849
29485800,266.680553
29486700,266.612005
29487600,255.717233
29488500,255.638798
29489400,255.644187
29490300,268.890245
29491200,264.641196
29492100,264.554705
29493000,264.560648
29493900,264.392103
29494800,265.723838
29495700,265.639296
29496600,265.645105
29497500,265.480358
29498400,279.73507
29499300,293.441725
29500200,293.445802
29501100,293.330201
29502000,301.747053
29502900,301.702574
29503800,287.939653
29504700,274.454072
29505600,266.289378
29506500,253.573792
29507400,241.248805
29508300,217.560582
29509200,205.631772
29510100,183.985297
29511000,163.668346
29511900,144.526258
29512800,136.328666
29513700,127.512042
29514600,119.026411
29515500,110.75613
29516400,98.937858
29517300,98.894787
29518200,98.897747
29519100,98.813813
29520000,89.566506
29520900,89.506567
29521800,89.510685
29522700,89.39388
29523600,80.233699
29524500,80.156961
29525400,80.162233
29526300,80.012692
29527200,76.563086
29528100,84.397388
29529000,84.403115
29529900,92.44109
29530800,106.107845
29531700,106.033389
29532600,114.819265
29533500,123.752558
29534400,149.304707
29535300,158.947489
29536200,158.950631
29537100,168.862532
29538000,189.504375
29538900,189.476986
29539800,200.119784
29540700,200.066411
29541600,221.462726
29542500,221.453966
29543400,232.755219
29544300,232.738147
29545200,235.088372
29546100,235.083796
29547000,235.084111
29547900,235.075194
29548800,246.820066
29549700,246.81566
29550600,246.815962
29551500,246.807375
29552400,247.004657
29553300,247.000583
29554200,247.000863
29555100,235.354963
29556000,235.260245
29556900,235.255978
29557800,235.256272
29558700,235.247958
29559600,235.259943
29560500,235.255676
29561400,246.893929
29562300,246.885615
29563200,246.890683
29564100,258.866631
29565000,271.194382
29565900,283.865688
29566800,294.700828
29567700,308.091469
29568600,335.996022
29569500,350.494916
29570400,351.660063
29571300,336.730087
29572200,322.217356
29573100,308.014992
29574000,271.780987
29574900,232.592001
29575800,196.651417
29576700,163.598046
29577600,129.600821
29578500,111.060264
29579400,102.285083
29580300,85.438358
29581200,78.771002
29582100,63.684723
29583000,49.754719
29583900,36.696355
29584800,44.001983
29585700,38.112016
29586600,32.519667
29587500,27.048103
29588400,29.815364
29589300,29.773605
29590200,29.776475
29591100,34.829955
29592000,39.404103
29592900,44.733396
29593800,50.331889
29594700,62.177745
29595600,67.913356
29596500,67.878378
29597400,74.459118
29598300,74.390956
29599200,82.054164
29600100,82.020493
29601000,89.121986
29601900,89.056372
29602800,85.394291
29603700,92.720896
29604600,100.36354
29605500,108.202388
29606400,99.520601
29607300,116.152815
29608200,124.937442
29609100,133.906167
29610000,144.375664
29610900,144.303619
29611800,154.309592
29612700,164.487684
29613600,161.249039
29614500,150.852302
29615400,131.16814
29616300,121.634686
29617200,108.637497
29618100,91.879106
29619000,76.326396
29619900,54.887676
29620800,57.166211
29621700,45.211666
29622600,34.255407
29623500,24.125242
29624400,24.643811
29625300,16.277986
29626200,8.733309
29627100,1.890739
29628000,8.555136
29628900,5.594639
29629800,2.811584
29630700,0.175631
29631600,2.382128
29632500,2.377832
29633400,2.378127
29634300,2.369756
29635200,-3.287506
29636100,-3.293423
29637000,-3.293017
29637900,-3.304548
29638800,-3.039633
29639700,-3.045104
29640600,-3.044728
29641500,-3.05539
29642400,-3.18258
29643300,-3.188309
29644200,-3.187915
29645100,-3.199078
29646000,-3.182985
29646900,-3.188714
29647800,-3.188321
29648700,-3.199486
29649600,-3.192679
29650500,-3.198426
29651400,-3.198031
29652300,-3.20923
29653200,-6.165668
29654100,-6.176766
29655000,-6.176003
29655900,-6.19763
29656800,-24.63703
29657700,-24.681376
29658600,-24.678329
29659500,-24.764748
29660400,-54.935359
29661300,-55.034243
29662200,-55.027449
29663100,-55.220145
29664000,-60.576936
29664900,-60.685975
29665800,-60.678483
29666700,-60.890968
29667600,-59.212046
29668500,-59.318628
29669400,-57.003885
29670300,-54.75039
29671200,-34.159499
29672100,-31.450666
29673000,-28.493254
29673900,-25.513104
29674800,-11.597487
29675700,-11.653561
29676600,-8.16171
29677500,-4.594489
29678400,1.547788
29679300,5.372429
29680200,9.443908
29681100,9.355614
29682000,12.835435
29682900,8.516722
29683800,8.51995
29684700,4.360054
29685600,1.600525
29686500,1.555311
29687400,-2.118076
29688300,-5.694183
29689200,-13.916176
29690100,-10.666013
29691000,-10.662282
29691900,-7.280099
29692800,-18.938212
29693700,-15.337284
29694600,-11.462141
29695500,-11.609397
29696400,-19.089304
29697300,-14.914305
29698200,-10.427576
29699100,-5.922724
29700000,-5.360018
29700900,-5.465093
29701800,-0.323017
29702700,4.835258
29703600,16.960187
29704500,16.86632
29705400,16.87277
29706300,22.524123
29707200,42.911186
29708100,42.853529
29709000,42.857491
29709900,36.91086
29710800,49.92555
29711700,49.89102
29712600,49.893393
29713500,49.826105
29714400,57.376562
29715300,57.365518
29716200,57.366276
29717100,57.344754
29718000,60.307691
29718900,60.301923
29719800,60.302319
29720700,60.291078
29721600,60.214052
29722500,60.208115
29723400,60.208523
29724300,60.196953
29725200,60.462736
29726100,60.457247
29727000,60.457624
29727900,60.446927
29728800,54.956287
29729700,54.95054
29730600,54.950934
29731500,54.939734
29732400,54.955881
29733300,54.950133
29734200,54.950528
29735100,54.939326
29736000,54.946154
29736900,49.805533
29737800,49.805929
29738700,49.794693
29739600,41.91694
29740500,41.905806
29741400,37.213192
29742300,37.191494
29743200,18.691728
29744100,14.167155
29745000,14.170212
29745900,9.811766
29746800,-20.457616
29747700,-24.62519
29748600,-24.618373
29749500,-24.8117
29750400,-34.055979
29751300,-34.165375
29752200,-34.157858
29753100,-38.047533
29754000,-36.363114
29754900,-36.470045
29755800,-39.950695
29756700,-40.159073
29757600,-22.129274
29758500,-25.508769
29759400,-25.503613
29760300,-25.649828
29761200,-15.003936
29762100,-18.186081
29763000,-18.182216
29763900,-21.244119
29764800,-15.081734
29765700,-17.910811
29766600,-17.907688
29767500,-20.616196
29768400,-23.871904
29769300,-26.226446
29770200,-26.223208
29771100,-26.315037
29772000,-25.200981
29772900,-25.246343
29773800,-25.243226
29774700,-25.331623
29775600,-30.265253
29776500,-30.31973
29777400,-30.315987
29778300,-30.422148
29779200,-42.118427
29780100,-42.19424
29781000,-42.189031
29781900,-42.336769
29782800,-53.922848
29783700,-54.01991
29784600,-54.01324
29785500,-54.202385
29786400,-58.565553
29787300,-58.670972
29788200,-58.663728
29789100,-58.869158
29790000,-52.31903
29790900,-52.413205
29791800,-52.406734
29792700,-52.590253
29793600,-32.136448
29794500,-32.194293
29795400,-32.190319
29796300,-32.303043
29797200,-19.245746
29798100,-19.280389
29799000,-19.278008
29799900,-17.038097
29800800,-3.848426
29801700,-3.859507
29802600,-3.858745
29803500,-3.880338
29804400,-0.907701
29805300,-0.913489
29806200,-0.913091
29807100,-0.924368
29808000,-0.90795
29808900,-3.221157
29809800,-3.220759
29810700,-3.232038
29811600,-2.972935
29812500,-2.978287
29813400,-2.977919
29814300,-2.988347
29815200,-3.112746
29816100,-3.118349
29817000,-3.117964
29817900,-3.128882
29818800,-3.113142
29819700,-3.118746
29820600,-3.11836
29821500,-3.12928
29822400,-3.122624
29823300,-3.128244
29824200,-3.127858
29825100,-3.138811
29826000,-6.030377
29826900,-6.041231
29827800,-6.040485
29828700,-6.061638
29829600,-24.096428
29830500,-24.139802
29831400,-24.136822
29832300,-24.221345
29833200,-53.729933
29834100,-53.826647
29835000,-53.820002
29835900,-51.70105
29836800,-56.9403
29837700,-54.585753
29838600,-51.9585
29839500,-49.382703
29840400,-47.740621
29841300,-44.892591
29842200,-41.75954
29843100,-41.96268
29844000,-21.081582
29844900,-17.66673
29845800,-13.98521
29846700,-14.127749
29847600,0.120518000000001
29848500,4.13404
29849400,8.409553
29850300,12.782759
29851200,28.395273
29852100,28.350959
29853000,33.48886
29853900,33.402503
29854800,37.990991
29855700,32.582019
29856600,27.450319
29857500,27.360798
29858400,23.535216
29859300,23.490995
29860200,23.494033
29861100,23.407858
29862000,23.509868
29862900,28.591616
29863800,33.958299
29864700,33.854806
29865600,28.048678
29866500,33.809044
29867400,46.216811
29868300,52.651123
29869200,48.192528
29870100,55.197086
29871000,55.203588
29871900,62.38624
29872800,65.772601
29873700,73.58748
29874600,81.794933
29875500,81.594667
29876400,96.468259
29877300,105.157211
29878200,105.16352
29879100,104.984614
29880000,134.002716
29880900,133.946324
29881800,133.950199
29882700,143.221278
29883600,155.950391
29884500,155.916619
29885400,165.607456
29886300,165.541644
29887200,178.399805
29888100,178.389003
29889000,178.389745
29889900,178.368695
29890800,171.578101
29891700,171.572459
29892600,171.572847
29893500,171.561853
29894400,144.133656
29895300,135.63955
29896200,119.521923
29897100,111.870347
29898000,104.772341
29898900,90.831327
29899800,84.253372
29900700,77.917189
29901600,65.876413
29902500,65.870595
29903400,60.27482
29904300,60.263483
29905200,54.916793
29906100,54.910974
29907000,49.776518
29907900,49.765179
29908800,49.772091
29909700,49.766255
29910600,49.766656
29911500,44.843646
29912400,41.841224
29913300,37.136574
29914200,32.657267
29915100,28.36356
29916000,5.568986
29916900,5.523949
29917800,1.657094
29918700,-2.107164
29919600,-32.747052
29920500,-29.17098
29921400,-25.29413
29922300,-21.421458
29923200,-22.589826
29924100,-8.61546300000001
29925000,7.48621000000001
29925900,25.507383
29926800,47.726215
29927700,62.624882
29928600,78.75036
29929500,104.886674
29930400,142.206648
29931300,152.131721
29932200,173.096344
29933100,183.916642
29934000,205.993494
29934900,217.574508
29935800,229.558648
29936700,241.775133
29937600,260.692593
29938500,273.683375
29939400,287.085443
29940300,286.995776
29941200,299.957512
29942100,314.047821
29943000,328.566098
29943900,328.473145
29944800,344.497788
29945700,344.451871
29946600,329.558075
29947500,329.468596
29948400,324.474578
29949300,295.766425
29950200,282.004238
29951100,255.461075
29952000,230.941984
29952900,206.557559
29953800,183.624221
29954700,161.865455
29955600,129.818048
29956500,110.650313
29957400,101.578678
29958300,84.118362
29959200,63.583747
29960100,55.837174
29961000,48.477464
29961900,41.17034
29962800,40.964365
29963700,34.290701
29964600,27.971896
29965500,21.708797
29966400,42.412962
29967300,36.520134
29968200,36.524158
29969100,36.410053
29970000,44.031
29970900,49.592109
29971800,49.594518
29972700,49.526184
29973600,62.877301
29974500,68.700358
29975400,68.701129
29976300,74.756606
29977200,77.765629
29978100,77.759771
29979000,77.760173
29979900,77.748758
29980800,84.34284
29981700,84.337435
29982600,84.337807
29983500,84.327275
29984400,84.569233
29985300,78.238881
29986200,78.239224
29987100,72.152152
29988000,72.035984
29988900,72.030752
29989800,66.196838
29990700,66.186642
29991600,66.201341
29992500,84.433071
29993400,104.947225
29994300,127.861583
29995200,153.337047
29996100,171.791154
29997000,191.481054
29997900,212.43023
29998800,231.998945
29999700,243.626768
30000600,243.627465
30001500,243.607712
30002400,238.746458
30003300,238.705954
30004200,226.72851
30005100,226.64958
30006000,199.093488
30006900,199.003173
30007800,199.009379
30008700,198.833381
30009600,193.940797
30010500,205.821435
30011400,205.828278
30012300,217.961663
30013200,232.17474
30014100,245.11419
30015000,245.120879
30015900,258.330086
30016800,288.509704
30017700,288.441398
30018600,288.446091
30019500,302.450991
30020400,312.142606
30021300,326.606391
30022200,326.60991
30023100,341.407058
30024000,347.017057
30024900,346.975675
30025800,346.978519
30026700,346.897876
30027600,346.17458
30028500,316.71973
30029400,302.584669
30030300,288.735095
30031200,276.350383
30032100,250.592645
30033000,226.287799
30033900,203.268714
30034800,177.168107
30035700,166.800025
30036600,156.80241
30037500,147.017249
30038400,117.910046
30039300,117.841029
30040200,109.065011
30041100,100.44242
30042000,81.694503
30042900,81.606142
30043800,73.694566
30044700,65.882511
30045600,61.910449
30046500,47.348258
30047400,40.518574
30048300,33.753222
30049200,33.390853
30050100,21.393512
30051000,15.803228
30051900,10.273126
30052800,18.846997
30053700,14.100957
30054600,9.624495
30055500,5.25013
30056400,13.06863
30057300,9.167143
30058200,9.16931
30059100,9.107853
30060000,17.438732
30060900,21.105139
30061800,24.975782
30062700,24.956125
30063600,31.730666
30064500,31.725398
30065400,31.72576
30066300,31.715493
30067200,40.759224
30068100,40.754454
30069000,40.754781
30069900,45.438864
30070800,45.652423
30071700,66.653715
30072600,84.890981
30073500,105.396181
30074400,128.218203
30075300,181.830705
30076200,235.060403
30077100,310.112396
30078000,382.72517
30078900,414.468857
30079800,465.117486
30080700,500.949134
30081600,538.501651
30082500,500.949988
30083400,465.109658
30084300,430.926681
30085200,380.32071
30086100,350.130948
30087000,307.712578
30087900,268.579795
30088800,229.407374
30089700,195.46471
30090600,164.50674
30091500,136.289202
30092400,86.498217
30093300,78.500855
30094200,63.499426
30095100,56.244905
30096000,45.090303
30096900,38.424066
30097800,32.104751
30098700,25.856124
30099600,27.20957
30100500,27.12365
30101400,27.129554
30102300,33.039455
30103200,47.526569
30104100,47.46628
30105000,47.470423
30105900,53.678293
30106800,62.232369
30107700,62.187165
30108600,62.190271
30109500,62.102182
30110400,67.053717
30111300,60.691836
30112200,54.617012
30113100,48.711561
30114000,42.476985
30114900,31.941232
30115800,22.338817
30116700,17.784951
30117600,10.339995
30118500,2.757103
30119400,-4.032854
30120300,-10.182043
30121200,-19.549806
30122100,-22.054772
30123000,-22.051764
30123900,-24.444485
30124800,-33.842556
30125700,-33.903473
30126600,-33.899287
30127500,-34.017996
30128400,-43.32752
30129300,-41.098091
30130200,-41.092732
30131100,-41.244712
30132000,-42.289366
30132900,-42.374071
30133800,-42.36825
30134700,-42.533315
30135600,-34.6503
30136500,-34.72597
30137400,-34.720771
30138300,-34.86823
30139200,-15.649784
30140100,-15.696263
30141000,-15.693069
30141900,-18.567265
30142800,-8.075603
30143700,-8.103438
30144600,-10.72145
30145500,-13.236887
30146400,-2.638861
30147300,-4.955183
30148200,-4.954572
30149100,-4.971922
30150000,-2.58338
30150900,-2.58803
30151800,-2.58771
30152700,-2.596772
30153600,-2.488117
30154500,-2.492596
30155400,-2.492288
30156300,-2.501015
30157200,-2.300517
30158100,-2.304658
30159000,-2.304373
30159900,-2.312443
30160800,-2.408705
30161700,-2.413041
30162600,-2.412743
30163500,-2.421192
30164400,-2.409011
30165300,-2.413348
30166200,-2.41305
30167100,-2.4215
30168000,-2.416349
30168900,-2.420698
30169800,-2.420399
30170700,-2.428875
30171600,-4.666426
30172500,-4.674826
30173400,-4.674248
30174300,-4.690617
30175200,-18.646298
30176100,-18.679861
30177000,-18.677555
30177900,-18.74296
30178800,-41.577296
30179700,-41.652135
30180600,-41.646993
30181500,-41.792833
30182400,-45.847069
30183300,-45.929594
30184200,-45.923924
30185100,-46.084741
30186000,-44.814065
30186900,-44.89473
30187800,-44.889188
30188700,-45.046381
30189600,-31.44523
30190500,-31.501831
30191400,-31.497942
30192300,-31.608242
30193200,-23.577293
30194100,-23.619732
30195000,-23.616816
30195900,-23.699518
30196800,-19.050796
30197700,-19.085087
30198600,-19.082731
30199500,-19.149555
30200400,-19.748914
30201300,-19.784462
30202200,-19.78202
30203100,-19.851293
30204000,-19.010882
30204900,-19.045102
30205800,-19.04275
30206700,-19.109434
30207600,-22.83122
30208500,-22.872316
30209400,-22.869492
30210300,-20.642158
30211200,-29.465488
30212100,-27.061487
30213000,-24.437632
30213900,-21.765461
30214800,-30.50566
30215700,-27.626607
30216600,-24.495688
30217500,-24.638373
30218400,-24.625356
30219300,-21.216883
30220200,-21.211419
30221100,-21.366389
30222000,-12.74867
30222900,-12.819713
30223800,-8.944881
30224700,-9.083323
30225600,10.414795
30226500,10.371157
30227400,14.6459
30228300,19.040945
30229200,28.890987
30230100,33.558233
30231000,38.471666
30231900,43.555595
30232800,53.505497
30233700,58.860172
30234600,58.860746
30235500,64.440632
30236400,66.683102
30237300,66.678737
30238200,66.679037
30239100,66.670529
30240000,60.223055
30240900,60.217134
30241800,65.813716
30242700,65.802179
30243600,66.067236
30244500,71.896036
30245400,77.973746
30246300,90.86677
30247200,97.57579
30248100,97.570059
30249000,104.669632
30249900,112.025505
30250800,119.681472
30251700,112.035875
30252600,104.669227
30253500,97.558876
30254400,90.729407
30255300,90.723657
30256200,90.724053
30257100,90.712848
30258000,87.754829
30258900,87.743724
30259800,94.580765
30260700,94.559127
30261600,76.109862
30262500,76.065491
30263400,69.232262
30264300,69.145797
30265200,38.959043
30266100,38.860106
30267000,45.703183
30267900,45.510383
30268800,40.150726
30269700,40.041628
30270600,33.212847
30271500,33.000248
30272400,28.101732
30273300,27.995093
30274200,21.677065
30275100,21.469257
30276000,39.449837
30276900,45.700365
30277800,45.705507
30278700,52.138028
30279600,69.591138
30280500,69.535033
30281400,69.538888
30282300,69.429557
30283200,75.57512
30284100,82.628967
30285000,82.632082
30285900,89.910783
30286800,89.118436
30287700,89.071442
30288600,89.074671
30289500,88.983093
30290400,90.094107
30291300,82.681827
30292200,75.585756
30293100,68.661322
30294000,63.741161
30294900,63.686832
30295800,63.690565
30296700,63.584693
30297600,58.756621
30298500,58.681015
30299400,58.68621
30300300,58.538875
30301200,46.984423
30302100,46.887627
30303000,40.058
30303900,39.869372
30304800,35.518114
30305700,28.834646
30306600,16.439181
30307500,10.400038
30308400,11.336111
30309300,5.87915899999999
30310200,5.88561199999999
30311100,5.702595
30312000,26.100565
30312900,20.908021
30313800,20.911985
30314700,20.799568
30315600,28.909584
30316500,28.875036
30317400,28.87741
30318300,24.116707
30319200,37.270373
30320100,32.779242
30321000,28.508257
30321900,28.486723
30322800,27.382879
30323700,27.377108
30324600,27.377505
30325500,27.366258
30326400,16.254748
30327300,9.818457
30328200,4.082972
30329100,-1.009722
30330000,-3.051216
30330900,-3.056708
30331800,-3.05633
30332700,-3.067033
30333600,-3.194707
30334500,-3.200458
30335400,-3.200063
30336300,-3.211269
30337200,-3.195114
30338100,-3.200865
30339000,-3.20047
30339900,-3.211677
30340800,-3.204845
30341700,-3.210614
30342600,-3.210218
30343500,-3.221459
30344400,-6.189162
30345300,-6.200303
30346200,-6.199537
30347100,-6.221247
30348000,-24.730911
30348900,-24.775426
30349800,-24.772368
30350700,-24.859116
30351600,-55.144694
30352500,-55.243955
30353400,-55.237134
30354300,-55.430565
30355200,-60.807769
30356100,-60.917223
30357000,-60.909702
30357900,-61.122997
30358800,-59.437677
30359700,-59.544665
30360600,-59.537314
30361500,-59.745803
30362400,-41.706358
30363300,-41.78143
30364200,-41.776271
30365100,-41.922564
30366000,-31.270976
30366900,-31.327264
30367800,-31.323396
30368700,-31.433085
30369600,-25.267403
30370500,-25.312885
30371400,-25.309759
30372300,-25.39839
30373200,-26.19333
30374100,-26.240478
30375000,-26.237239
30375900,-26.329117
30376800,-25.214465
30377700,-25.259851
30378600,-25.256732
30379500,-25.345177
30380400,-30.281446
30381300,-30.335953
30382200,-30.332207
30383100,-30.438425
30384000,-42.140962
30384900,-42.216816
30385800,-42.211604
30386700,-40.052002
30387600,-46.563162
30388500,-46.660276
30389400,-43.869983
30390300,-44.059228
30391200,-45.472458
30392100,-45.577933
30393000,-42.444797
30393900,-42.650337
30394800,-36.096705
30395700,-36.19093
30396600,-32.879992
30397500,-33.063609
30398400,-12.598861
30399300,-9.16874
30400200,-9.164763
30401100,-9.277548
30402000,7.46323
30402900,7.428569
30403800,7.43095
30404700,11.233356
30405600,24.430084
30406500,24.418998
30407400,24.41976
30408300,24.398155
30409200,27.372383
30410100,27.366592
30411000,27.36699
30411900,27.355706
30412800,27.372133
30413700,27.366343
30414600,27.36674
30415500,27.355456
30416400,23.744747
30417300,23.739393
30418200,23.739761
30419100,23.729327
30420000,19.928368
30420900,19.922762
30421800,19.923147
30422700,19.912223
30423600,19.927972
30424500,19.922365
30425400,19.92275
30426300,19.911824
30427200,19.918485
30428100,19.912861
30429000,23.589741
30429900,23.578782
30430800,20.68567
30431700,20.674809
30432600,20.675556
30433500,20.654392
30434400,6.479902
30435300,6.436505
30436200,2.569537
30437100,2.484969
30438000,-27.039407
30438900,-23.266223
30439800,-19.191208
30440700,-15.108033
30441600,-15.870005
30442500,-15.976708
30443400,-11.275997
30444300,-11.483931
30445200,-4.929333
30446100,-9.945269
30447000,-9.938102
30447900,-10.141351
30448800,2.751309
30449700,7.371503
30450600,7.376532
30451500,12.145553
30452400,22.529423
30453300,27.609406
30454200,32.97621
30455100,32.869278
30456000,44.476166
30456900,38.835653
30457800,38.838699
30458700,33.389263
30459600,32.614302
30460500,32.568339
30461400,27.436642
30462300,27.347073
30463200,23.522072
30464100,28.389463
30465000,28.392504
30465900,33.441138
30466800,33.991972
30467700,39.53501
30468600,51.450269
30469500,57.672076
30470400,52.842009
30471300,59.60434
30472200,66.708601
30473100,66.564499
30474000,62.630625
30474900,62.535952
30475800,62.542457
30476700,62.357968
30477600,58.102188
30478500,57.999365
30479400,58.00643
30480300,57.806056
30481200,64.194969
30482100,64.103112
30483000,56.742382
30483900,56.56338
30484800,69.414585
30485700,76.457343
30486600,76.46122
30487500,76.35127
30488400,89.087194
30489300,81.954224
30490200,81.956546
30491100,75.054421
30492000,81.341124
30492900,81.330316
30493800,87.909396
30494700,87.888334
30495600,90.787807
30496500,90.782162
30497400,90.78255
30498300,90.77155
30499200,84.005032
30500100,90.577356
30501000,97.414047
30501900,97.40233
30502800,104.77069
30503700,112.132172
30504600,119.772419
30505500,127.679234
30506400,135.750388
30507300,135.744568
30508200,135.744968
30509100,135.733624
30510000,135.749977
30510900,135.744155
30511800,135.744555
30512700,135.733211
30513600,135.740126
30514500,135.734287
30515400,135.734688
30516300,135.723309
30517200,132.719281
30518100,132.708004
30519000,141.196875
30519900,141.174899
30520800,122.438672
30521700,131.174371
30522600,131.177467
30523500,131.089657
30524400,100.433375
30525300,100.332899
30526200,109.418189
30527100,109.222391
30528000,113.160338
30528900,122.73806
30529800,143.065184
30530700,164.458498
30531600,189.103057
30532500,200.974987
30533400,213.309885
30534300,225.77849
30535200,257.075539
30536100,270.398455
30537000,270.403676
30537900,284.02157
30538800,294.803537
30539700,280.980583
30540600,267.585592
30541500,254.437764
30542400,235.671813
30543300,200.706936
30544200,179.100881
30545100,149.003139
30546000,120.958352
30546900,104.222139
30547800,88.667905
30548700,74.10868
30549600,61.822361
30550500,43.539456
30551400,27.448548
30552300,13.273924
30553200,-3.932826
30554100,-3.988
30555000,-3.984209
30555900,-7.768221
30556800,-19.614001
30557700,-16.014289
30558600,-12.139063
30559500,-12.28869
30560400,-19.954494
30561300,-15.781053
30562200,-11.294217
30563100,-1.880763
30564000,-1.16484500000001
30564900,4.09142300000001
30565800,9.694934
30566700,21.398487
30567600,34.357693
30568500,34.262314
30569400,27.943513
30570300,27.757648
30571200,48.472891
30572100,42.336972
30573000,42.340998
30573900,42.226832
30574800,49.616752
30575700,49.581667
30576600,43.987903
30577500,38.556498
30578400,46.779902
30579300,41.857042
30580200,37.164435
30581100,32.662485
30582000,31.401373
30582900,31.395512
30583800,31.395915
30584700,31.384493
30585600,13.246094
30586500,7.162525
30587400,4.379277
30588300,1.748814
30589200,-0.470291
30590100,-2.78271
30591000,-2.782367
30591900,-2.79211
30592800,-2.90834
30593700,-2.913575
30594600,-2.913215
30595500,-2.923417
30596400,-2.90871
30597300,-2.913946
30598200,-2.913586
30599100,-2.923789
30600000,-2.917569
30600900,-2.922821
30601800,-2.92246
30602700,-2.932694
30603600,-5.634377
30604500,-5.644519
30605400,-5.643822
30606300,-5.663586
30607200,-20.206659
30608100,-17.785991
30609000,-17.783207
30609900,-15.242254
30610800,-40.029469
30611700,-37.16756
30612600,-37.161351
30613500,-34.211554
30614400,-35.802293
30615300,-32.413938
30616200,-28.730597
30617100,-25.054823
30618000,-23.520572
30618900,-15.27786
30619800,-10.791086
30620700,-6.28750700000001
30621600,15.046552
30622500,20.113066
30623400,20.117762
30624300,19.984582
30625200,35.044416
30626100,29.63014
30627000,29.633661
30627900,24.398948
30628800,30.01195
30629700,25.058908
30630600,15.888293
30631500,11.535864
30632400,6.743814
30633300,2.830942
30634200,-0.842601999999999
30635100,-4.414243
30636000,-6.703969
30636900,-9.871175
30637800,-12.820609
30638700,-15.684745
30639600,-22.798461
30640500,-20.228157
30641400,-17.441128
30642300,-14.585551
30643200,-22.113207
30644100,-18.877798
30645000,-15.385055
30645900,-11.843129
30646800,-22.396296
30647700,-22.484705
30648600,-22.47863
30649500,-22.650912
30650400,-26.625099
30651300,-18.782804
30652200,-14.504462
30653100,-5.518117
30654000,5.359697
30654900,10.408774
30655800,15.777702
30656700,27.040993
30657600,51.748654
30658500,58.02132
30659400,58.02494
30660300,64.500602
30661200,83.230106
30662100,83.198552
30663000,83.20072
30663900,83.13923
30664800,102.252208
30665700,102.242115
30666600,102.242809
30667500,95.123961
30668400,97.831584
30669300,97.826313
30670200,97.826675
30671100,97.816403
30672000,72.291161
30672900,72.286388
30673800,66.452442
30674700,66.443141
30675600,61.060639
30676500,61.056226
30677400,61.05653
30678300,61.04793
30679200,60.945342
30680100,60.940722
30681000,60.941039
30681900,60.932035
30682800,60.945016
30683700,60.940395
30684600,60.940712
30685500,60.931707
30686400,55.574162
30687300,55.569527
30688200,55.569846
30689100,55.560813
30690000,53.176235
30690900,58.530318
30691800,64.127108
30692700,64.109664
30693600,55.071248
30694500,49.201205
30695400,49.203663
30696300,43.537784
30697200,19.203035
30698100,13.760244
30699000,8.630868
30699900,3.563808
30700800,-0.756826000000004
30701700,-5.538153
30702600,-5.53211
30703500,-10.183575
30704400,-8.829405
30705300,-8.915371
30706200,-13.181208
30707100,-13.34873
30708000,-2.922231
30708900,5.357558
30709800,9.841784
30710700,14.417615
30711600,33.02276
30712500,43.936741
30713400,55.851457
30714300,75.503291
30715200,94.923697
30716100,118.645057
30717000,135.916424
30717900,154.304565
30718800,183.67385
30719700,194.276882
30720600,216.548439
30721500,228.112574
30722400,253.315891
30723300,240.951966
30724200,228.974245
30725100,217.265219
30726000,201.998229
30726900,190.986129
30727800,180.348223
30728700,169.944388
30729600,150.540265
30730500,150.479316
30731400,140.794988
30732300,140.676215
30733200,121.98074
30734100,112.824322
30735000,112.829684
30735900,103.896863
30736800,91.901044
30737700,83.615902
30738600,75.704078
30739500,67.89906
30740400,65.797924
30741300,58.623033
30742200,58.628235
30743100,51.644419
30744000,68.088039
30744900,61.463197
30745800,61.466393
30746700,55.050414
30747600,65.54769
30748500,65.519839
30749400,59.444419
30750300,59.390146
30751200,69.993843
30752100,69.984934
30753000,64.151273
30753900,64.133913
30754800,66.523733
30755700,66.519081
30756600,66.5194
30757500,66.510334
30758400,66.619047
30759300,66.614566
30760200,66.614874
30761100,72.440415
30762000,72.641021
30762900,72.636878
30763800,78.714497
30764700,85.031778
30765600,84.935464
30766500,91.509463
30767400,98.346039
30768300,105.436766
30769200,105.448953
30770100,112.811656
30771000,120.451819
30771900,128.361013
30772800,136.566559
30773700,128.361815
30774600,128.362114
30775500,120.435986
30776400,110.557372
30777300,110.548968
30778200,110.549546
30779100,103.166127
30780000,89.202979
30780900,82.070217
30781800,75.236247
30782700,75.170806
30783600,45.745917
30784500,45.671037
30785400,39.350827
30786300,39.204909
30787200,29.07117
30788100,28.988601
30789000,28.994274
30789900,28.833371
30790800,24.270453
30791700,30.024018
30792600,30.029564
30793500,29.872286
30794400,43.480715
30795300,49.501417
30796200,55.830663
30797100,62.298641
30798000,70.333887
30798900,77.127703
30799800,77.130621
30800700,84.147055
30801600,88.798265
30802500,88.763955
30803400,81.667132
30804300,81.600272
30805200,74.164314
30806100,74.128747
30807000,67.552854
30807900,67.483544
30808800,61.99905
30809700,55.887478
30810600,50.055556
30811500,49.988836
30812400,40.668885
30813300,35.264732
30814200,35.267558
30815100,30.052574
30816000,21.224523
30816900,16.255664
30817800,11.566217
30818700,11.454708
30819600,-1.770248
30820500,-6.115251
30821400,-10.178583
30822300,-14.191295
30823200,-21.160996
30824100,-21.240564
30825000,-21.235096
30825900,-21.390149
30826800,-16.446281
30827700,-12.840868
30828600,-8.966033
30829500,-5.036183
30830400,10.401824
30831300,10.358163
30832200,10.361163
30833100,10.276082
30834000,20.131394
30834900,20.105247
30835800,16.038678
30836700,15.987724
30837600,22.072999
30838500,22.064636
30839400,22.065211
30840300,22.048913
30841200,20.616089
30842100,20.611721
30843000,20.612021
30843900,20.603509
30844800,9.747699
30845700,9.741621
30846600,9.742039
30847500,9.730194
30848400,10.0023
30849300,9.99668
30850200,9.997066
30851100,9.986115
30852000,9.855473
30852900,9.849589
30853800,9.849993
30854700,9.838527
30855600,12.980945
30856500,12.97506
30857400,16.279928
30858300,16.26846
30859200,19.763449
30860100,23.43404
30861000,31.372761
30861900,40.113083
30862800,41.769786
30863700,57.167913
30864600,74.67648
30865500,101.493415
30866400,105.478116
30867300,113.632958
30868200,130.904943
30869100,149.275535
30870000,127.974593
30870900,118.184509
30871800,99.732132
30872700,90.753446
30873600,68.56278
30874500,68.450782
30875400,60.54083
30876300,60.322578
30877200,62.047067
30878100,69.85524
30879000,78.063155
30879900,86.337916
30880800,113.577383
30881700,122.578953
30882600,131.965201
30883500,141.504024
30884400,162.404194
30885300,172.665085
30886200,183.309959
30887100,194.166024
30888000,211.775656
30888900,200.428466
30889800,200.431664
30890700,189.372671
30891600,188.559255
30892500,177.870095
30893400,157.553899
30894300,147.771369
30895200,130.452571
30896100,121.62537
30897000,113.140465
30897900,104.849573
30898800,91.880931
30899700,84.185292
30900600,84.189124
30901500,84.080438
30902400,64.738875
30903300,64.661258
30904200,72.033634
30905100,71.882381
30906000,60.020682
30906900,59.921311
30907800,59.92814
30908700,59.734495
30909600,55.267532
30910500,55.159606
30911400,47.79998
30912300,47.589663
30913200,47.196431
30914100,47.100016
30915000,47.106641
30915900,40.082479
30916800,61.022857
30917700,54.385298
30918600,54.389368
30919500,54.273961
30920400,67.641877
30921300,67.60641
30922200,61.283492
30923100,55.137044
30924000,68.640483
30924900,62.794865
30925800,57.199469
30926700,57.177363
30927600,54.857682
30928500,54.851757
30929400,54.852164
30930300,54.840618
30931200,49.626645
30932100,49.620547
30933000,44.709329
30933900,44.697445
30934800,40.277063
30935700,40.271424
30936600,35.791731
30937500,31.509
30938400,31.37793
30939300,31.372027
30940200,31.372432
30941100,31.360928
30942000,31.377513
30942900,31.371609
30943800,35.643758
30944700,35.632253
30945600,35.639267
30946500,40.113426
30947400,44.807212
30948300,49.707308
30949200,46.66069
30950100,51.784109
30951000,51.784895
30951900,57.125642
30952800,38.123783
30953700,38.078083
30954600,38.081223
30955500,43.588343
30956400,12.497433
30957300,12.395532
30958200,12.402534
30959100,12.20396
30960000,6.68376900000001
30960900,12.405678
30961800,12.413399
30962700,12.194433
30963600,20.001902
30964500,19.892069
30965400,19.899616
30966300,26.010938
30967200,44.530075
30968100,51.031344
30969000,51.036639
30969900,57.722734
30970800,68.657562
30971700,68.599777
30972600,61.76747
30973500,61.654864
30974400,61.406162
30975300,48.956782
30976200,37.529542
30977100,32.075521
30978000,21.212949
30978900,7.719343
30979800,-0.215647000000001
30980700,-10.778924
30981600,-15.712793
30982500,-23.624124
30983400,-25.928341
30984300,-26.019138
30985200,-31.086668
30986100,-31.142624
30987000,-31.13878
30987900,-31.247822
30988800,-43.261544
30989700,-43.339415
30990600,-43.334065
30991500,-43.485813
30992400,-55.386344
30993300,-55.48604
30994200,-55.479189
30995100,-55.673468
30996000,-60.155055
30996900,-60.263334
30997800,-60.255894
30998700,-60.466899
30999600,-53.738997
31000500,-53.835728
31001400,-53.829081
31002300,-54.017581
31003200,-33.008648
31004100,-33.068064
31005000,-33.063981
31005900,-33.179766
31006800,-19.768086
31007700,-19.803669
31008600,-19.801224
31009500,-19.870564
31010400,-6.322918
31011300,-6.334299
31012200,-6.333517
31013100,-6.355696
31014000,-3.30238
31014900,-3.308325
31015800,-3.307916
31016700,-3.3195
31017600,-3.302636
31018500,-3.308581
31019400,-3.308173
31020300,-3.319757
31021200,-3.053622
31022100,-3.059119
31023000,-3.058741
31023900,-3.069452
31024800,-3.197227
31025700,-3.202982
31026600,-3.202587
31027500,-3.213802
31028400,-3.197634
31029300,-3.20339
31030200,-3.202994
31031100,-3.214211
31032000,-3.207373
31032900,-3.213147
31033800,-3.21275
31034700,-3.224
31035600,-6.194044
31036500,-6.205194
31037400,-6.204428
31038300,-6.226154
31039200,-24.750419
31040100,-24.79497
31041000,-24.791908
31041900,-24.878725
31042800,-55.188193
31043700,-55.287532
31044600,-55.280706
31045500,-55.474289
31046400,-60.855735
31047300,-60.965275
31048200,-60.957748
31049100,-61.171211
31050000,-59.484562
31050900,-59.591635
31051800,-59.584277
31052700,-59.792931
31053600,-41.739256
31054500,-41.814387
31055400,-41.809225
31056300,-41.955633
31057200,-31.295642
31058100,-31.351975
31059000,-31.348104
31059900,-31.457879
31060800,-25.287334
31061700,-25.332852
31062600,-25.329724
31063500,-25.418424
31064400,-26.213992
31065300,-26.261177
31066200,-26.257935
31067100,-26.349885
31068000,-25.234354
31068900,-25.279776
31069800,-25.276655
31070700,-25.365169
31071600,-30.305332
31072500,-30.359882
31073400,-30.356133
31074300,-30.462435
31075200,-42.174203
31076100,-42.250117
31077000,-42.244901
31077900,-42.392835
31078800,-53.994257
31079700,-54.091447
31080600,-54.084768
31081500,-54.274163
31082400,-58.64311
31083300,-58.748668
31084200,-58.741415
31085100,-58.947116
31086000,-52.388315
31086900,-52.482614
31087800,-52.476134
31088700,-52.659896
31089600,-32.179005
31090500,-32.236927
31091400,-29.925528
31092300,-30.038402
31093200,-16.963814
31094100,-16.998502
31095000,-16.996118
31095900,-17.063716
31096800,-3.856578
31097700,-3.867673
31098600,-6.17433
31099500,-6.195951
31100400,-3.219378
31101300,-3.225173
31102200,-3.224775
31103100,-3.236067
31104000,-3.429253
31104900,-3.435425
31105800,-3.435001
31106700,-3.44703
31107600,-3.170692
31108500,-3.176399
31109400,-3.176007
31110300,-3.187129
31111200,-3.319803
31112100,-3.325778
31113000,-3.325368
31113900,-3.337013
31114800,-3.320225
31115700,-3.326202
31116600,-3.325791
31117500,-3.337437
31118400,-3.330338
31119300,-3.336332
31120200,-3.33592
31121100,-3.347602
31122000,-6.431512
31122900,-6.443088
31123800,-6.442293
31124700,-6.464853
31125600,-25.6993
31126500,-25.745559
31127400,-25.742381
31128300,-25.832526
31129200,-57.303998
31130100,-57.407146
31131000,-57.400058
31131900,-57.601063
31132800,-63.188822
31133700,-63.302563
31134600,-63.294747
31135500,-63.516394
31136400,-61.765082
31137300,-61.876259
31138200,-61.86862
31139100,-62.085273
31140000,-43.339456
31140900,-43.417467
31141800,-43.412107
31142700,-43.564128
31143600,-32.495455
31144500,-32.553947
31145400,-32.549928
31146300,-32.663912
31147200,-26.2568
31148100,-26.304063
31149000,-26.300815
31149900,-26.392916
31150800,-27.218984
31151700,-27.267978
31152600,-27.264612
31153500,-27.360087
31154400,-26.201789
31155300,-26.248952
31156200,-26.245712
31157100,-26.337619
31158000,-31.467178
31158900,-31.523819
31159800,-31.519927
31160700,-31.630304
31161600,-43.791078
31162500,-43.869902
31163400,-43.864486
31164300,-44.018091
31165200,-56.064289
31166100,-56.165205
31167000,-56.158271
31167900,-56.354927
31168800,-60.89137
31169700,-61.000975
31170600,-60.993443
31171500,-61.207031
31172400,-54.396778
31173300,-54.494693
31174200,-54.487965
31175100,-54.678772
31176000,-33.412684
31176900,-33.472827
31177800,-33.468694
31178700,-33.585895
31179600,-20.010053
31180500,-20.046071
31181400,-20.043597
31182300,-20.113786
31183200,-6.400312
31184100,-6.411833
31185000,-6.411041
31185900,-6.433492
31186800,-3.342802
31187700,-3.34882
31188600,-3.348406
31189500,-3.360132
31190400,-3.08411
31191300,-3.089662
31192200,-3.08928
31193100,-3.100099
31194000,-2.851573
31194900,-2.856706
31195800,-2.856353
31196700,-2.866356
31197600,-2.985676
31198500,-2.991051
31199400,-2.990681
31200300,-3.001154
31201200,-2.986056
31202100,-2.991431
31203000,-2.991062
31203900,-3.001536
31204800,-2.995151
31205700,-3.000542
31206600,-3.000172
31207500,-3.010678
31208400,-5.784203
31209300,-5.794614
31210200,-5.793899
31211100,-5.814188
31212000,-23.112756
31212900,-23.154359
31213800,-23.151501
31214700,-23.232573
31215600,-51.536552
31216500,-51.629318
31217400,-51.622944
31218300,-51.803718
31219200,-56.82909
31220100,-56.931382
31221000,-56.924353
31221900,-57.123692
31222800,-55.548643
31223700,-55.648631
31224600,-55.641761
31225500,-55.836608
31226400,-38.977492
31227300,-39.047652
31228200,-39.042831
31229100,-39.179552
31230000,-29.224902
31230900,-29.277507
31231800,-29.273892
31232700,-29.376404
31233600,-23.614146
31234500,-23.656651
31235400,-23.653731
31236300,-23.736562
31237200,-24.479489
31238100,-24.523552
31239000,-24.520524
31239900,-24.606391
31240800,-23.564671
31241700,-23.607088
31242600,-23.604173
31243500,-23.686831
31244400,-28.300117
31245300,-28.351058
31246200,-28.347557
31247100,-28.446825
31248000,-39.38366
31248900,-39.454551
31249800,-39.44968
31250700,-39.587825
31251600,-50.421615
31252500,-50.512375
31253400,-50.506138
31254300,-50.683002
31255200,-54.762868
31256100,-54.861441
31257000,-54.854668
31257900,-55.046759
31258800,-48.921934
31259700,-49.009993
31260600,-49.003943
31261500,-49.175546
31262400,-30.049815
31263300,-30.103904
31264200,-30.100188
31265100,-30.205593
31266000,-17.996112
31266900,-18.028505
31267800,-18.026279
31268700,-18.089404
31269600,-5.756144
31270500,-5.766505
31271400,-5.765793
31272300,-5.785983
31273200,-3.006361
31274100,-3.011773
31275000,-3.011401
31275900,-3.021946
31276800,-2.722118
31277700,-2.727017
31278600,-2.726681
31279500,-2.736229
31280400,-2.516874
31281300,-2.521404
31282200,-2.521093
31283100,-2.529921
31284000,-2.635237
31284900,-2.63998
31285800,-2.639654
31286700,-2.648898
31287600,-2.635572
31288500,-2.640316
31289400,-2.63999
31290300,-2.649235
31291200,-2.643599
31292100,-2.648358
31293000,-2.648031
31293900,-2.657304
31294800,-5.10529
31295700,-5.11448
31296600,-5.113849
31297500,-5.131756
31298400,-20.399931
31299300,-20.436651
31300200,-20.434127
31301100,-20.505684
31302000,-45.487526
31302900,-45.569404
31303800,-45.563777
31304700,-45.723334
31305600,-50.158859
31306500,-50.249146
31307400,-50.242942
31308300,-50.418883
31309200,-49.028704
31310100,-49.116956
31311000,-49.110892
31311900,-49.282869
31312800,-34.402567
31313700,-34.464492
31314600,-34.460237
31315500,-34.58091
31316400,-25.794672
31317300,-25.841103
31318200,-25.837912
31319100,-25.928392
31320000,-20.84247
31320900,-20.879987
31321800,-20.877409
31322700,-20.950518
31323600,-21.606245
31324500,-21.645136
31325400,-21.642464
31326300,-21.718252
31327200,-20.798803
31328100,-20.836241
31329000,-20.833668
31329900,-20.906624
31330800,-24.978433
31331700,-25.023394
31332600,-25.020305
31333500,-25.107921
31334400,-34.761061
31335300,-34.823631
31336200,-34.819332
31337100,-34.941263
31338000,-44.503453
31338900,-44.583559
31339800,-44.578055
31340700,-44.734159
31341600,-48.335157
31342500,-48.422161
31343400,-48.416182
31344300,-48.585727
31345200,-43.179794
31346100,-43.257518
31347000,-43.252177
31347900,-43.403639
31348800,-26.522762
31349700,-26.570503
31350600,-26.567223
31351500,-26.660256
31352400,-15.883845
31353300,-15.912436
31354200,-15.910471
31355100,-15.966187
31356000,-5.080525
31356900,-5.08967
31357800,-5.089041
31358700,-5.106862
31359600,-2.653494
31360500,-2.65827
31361400,-2.657942
31362300,-2.66725
31363200,-2.555646
31364100,-2.560246
31365000,-2.55993
31365900,-2.568894
31366800,-2.362954
31367700,-2.367207
31368600,-2.366915
31369500,-2.375204
31370400,-2.474078
31371300,-2.478532
31372200,-2.478226
31373100,-2.486904
31374000,-2.474393
31374900,-2.478847
31375800,-2.478541
31376700,-2.487221
31377600,-2.48193
31378500,-2.486397
31379400,-2.48609
31380300,-2.494796
31381200,-4.793075
31382100,-4.801703
31383000,-4.80111
31383900,-4.817923
31384800,-19.152369
31385700,-19.186843
31386600,-19.184474
31387500,-19.251655
31388400,-42.705727
31389300,-42.782597
31390200,-42.777315
31391100,-42.927114
31392000,-47.091384
31392900,-47.176149
31393800,-47.170324
31394700,-47.335506
31395600,-46.030343
31396500,-46.113198
31397400,-46.107505
31398300,-46.268965
31399200,-32.298671
31400100,-32.356808
31401000,-32.352814
31401900,-32.466107
31402800,-24.217194
31403700,-24.260785
31404600,-24.257789
31405500,-24.342736
31406400,-19.567845
31407300,-19.603067
31408200,-19.600647
31409100,-19.669285
31410000,-20.284911
31410900,-20.321424
31411800,-20.318915
31412700,-20.390068
31413600,-19.526848
31414500,-19.561996
31415400,-19.559581
31416300,-19.628075
31417200,-23.450872
31418100,-23.493083
31419000,-23.490183
31419900,-23.572441
31420800,-32.635241
31421700,-32.693985
31422600,-32.689948
31423500,-32.804423
31424400,-41.781835
31425300,-41.857043
31426200,-41.851875
31427100,-41.998432
31428000,-45.379211
31428900,-45.460893
31429800,-45.455281
31430700,-45.614457
31431600,-40.539125
31432500,-40.612096
31433400,-40.607081
31434300,-40.74928
31435200,-24.900757
31436100,-24.945579
31437000,-24.942499
31437900,-25.029843
31438800,-14.912465
31439700,-14.939307
31440600,-14.937463
31441500,-14.989771
31442400,-4.769824
31443300,-4.77841
31444200,-4.77782
31445100,-4.794551
31446000,-2.491219
31446900,-2.495703
31447800,-2.495395
31448700,-2.504134
31449600,-3.075816
31450500,-3.081353
31451400,-3.080972
31452300,-3.091761
31453200,-2.843904
31454100,-2.849023
31455000,-2.848672
31455900,-2.858647
31456800,-2.977647
31457700,-2.983007
31458600,-2.982638
31459500,-2.993083
31460400,-2.978026
31461300,-2.983386
31462200,-2.983018
31463100,-2.993464
31464000,-2.987096
31464900,-2.992473
31465800,-2.992103
31466700,-3.002581
31467600,-5.768647
31468500,-5.779031
31469400,-5.778317
31470300,-5.798552
31471200,-23.050599
31472100,-23.09209
31473000,-23.089239
31473900,-23.170094
31474800,-51.397955
31475700,-51.490472
31476600,-51.484115
31477500,-51.664403
31478400,-56.67626
31479300,-56.778277
31480200,-56.771267
31481100,-56.97007
31482000,-55.399257
31482900,-55.498976
31483800,-55.492124
31484700,-55.686447
31485600,-38.87267
31486500,-38.942641
31487400,-38.937834
31488300,-39.074187
31489200,-29.146308
31490100,-29.198771
31491000,-29.195166
31491900,-29.297402
31492800,-23.55064
31493700,-23.593032
31494600,-23.590119
31495500,-23.672727
31496400,-24.413656
31497300,-24.457601
31498200,-24.454581
31499100,-24.540217
31500000,-23.501299
31500900,-23.543601
31501800,-23.540695
31502700,-23.62313
31503600,-28.22401
31504500,-28.274813
31505400,-28.271323
31506300,-28.370324
31507200,-39.277746
31508100,-39.348446
31509000,-39.343588
31509900,-39.481362
31510800,-50.286017
31511700,-50.376532
31512600,-50.370313
31513500,-50.5467
31514400,-54.615594
31515300,-54.713903
31516200,-54.707148
31517100,-54.898722
31518000,-48.790368
31518900,-48.878191
31519800,-48.872157
31520700,-49.043298
31521600,-29.969002
31522500,-30.022946
31523400,-30.01924
31524300,-30.124362
31525200,-17.947715
31526100,-17.980021
31527000,-17.977801
31527900,-18.040756
31528800,-5.740664
31529700,-5.750997
31530600,-5.750287
31531500,-5.770423
31532400,-2.998276
31533300,-3.003673
31534200,-3.003302
31535100,-3.013819
